Workbook

Sheet General
A1: Municipalidad | B1: F.P. | C1: F.V. | D1: N° Lote | E1: Bolsa (Kg) | F1: Cantidad (Kg) | G1: Fecha | H1: Fecha Env. | I1: Marca | J1: Producto
A2: San Jose | B2: 45597 | C2: 45962 | D2: 1 | E2: 1 | F2: 3347 | G2: 45630 | I2: FACLAC | J2: MEZCLA DE CEREALES: HOJUELAS DE AVENA, QUINUA, KIWICHA CON MACA Y SOYA ENRIQUECIDA CON VITAMINAS Y MINERALES
A3: Pataz - Tayabamba | B3: 45627 | C3: 45809 | D3: 1 | E3: 1 | F3: 9286 | G3: 45642 | I3: FACLAC | J3: MEZCLA PRECOCIDA DE AVENA, KIWICHA, QUINUA, CAÑIHUA, CON SOYA Y MACA FORTIFICADA CON VITAMINAS Y MINERALES
A4: Viru | B4: 45627 | C4: 45992 | D4: 1 | E4: 1 | F4: 2810 | G4: 45653 | I4: FACLAC | J4: HOJUELAS PRECOCIDAS DE QUINUA, AVENA, KIWICHA, MACA, LINAZA, AJONJOLI, CON PROTEINA AISLADA DE SOYA Y OMEGA 3, FORTIFICADA CON VITAMINAS Y MINERALES
A5: Julcán | B5: 45627 | C5: 45992 | D5: 1 | E5: 1 | F5: 2588 | G5: 45656 | I5: FACLAC | J5: HOJUELAS PRECOCIDAS DE AVENA, QUINUA CON HARINA DE SOYA Y HARINA DE MACA FORTIFICADAS CON VITAMINAS Y MINERALES
A6: Olmos | B6: 45658 | C6: 46023 | D6: 1 | E6: 1 | F6: 5252 | G6: 45665 | I6: FACLAC | J6: MEZCLA PRECOCIDA DE QUINUA, KIWICHA, AVENA Y HARINA DE SOYA INTEGRAL TOSTADA CON LECHE ENTERA EN POLVO FORTIFICADA CON VITAMINAS Y MINERALES
A7: Marcabal | B7: 45658 | C7: 46023 | D7: 2 | E7: 1.5671 | F7: 4061.92 | G7: 45671 | I7: FACLAC | J7: HOJUELAS PRECOCIDAS DE KIWICHA, SOYA, CHUFLA, AVENA, PALLAR, CON MACA Y AZÚCAR RUBIA ENRIQUECIDA CON VITAMINAS Y MINERALES
A8: Julcán | B8: 45658 | C8: 46023 | D8: 2 | E8: 1 | F8: 2588 | G8: 45673 | I8: FACLAC | J8: HOJUELAS PRECOCIDAS DE AVENA, QUINUA CON HARINA DE SOYA Y HARINA DE MACA FORTIFICADAS CON VITAMINAS Y MINERALES
A9: Olmos | B9: 45689 | C9: 46054 | D9: 2 | E9: 1 | F9: 5840 | G9: 45691 | I9: FACLAC | J9: MEZCLA PRECOCIDA DE QUINUA, KIWICHA, AVENA Y HARINA DE SOYA INTEGRAL TOSTADA CON LECHE ENTERA EN POLVO FORTIFICADA CON VITAMINAS Y MINERALES
A10: San Pedro de Lloc | B10: 45658 | C10: 46023 | D10: 1 | E10: 1 | F10: 4691 | G10: 45691 | I10: FACLAC | J10: HOJUELA PRECOCIDAS DE AVENA, QUINUA, KIWICHA, MACA, FREJO TARWI, GARBANZOS Y SOYA FORTIFICADA CON VITAMINAS Y MINERALES
A11: Marcabal | B11: 45689 | C11: 46054 | D11: 3 | E11: 1.5671 | F11: 4061.92 | G11: 45700 | I11: FACLAC | J11: HOJUELAS PRECOCIDAS DE KIWICHA, SOYA, CHUFLA, AVENA, PALLAR, CON MACA Y AZÚCAR RUBIA ENRIQUECIDA CON VITAMINAS Y MINERALES
A12: Julcán | B12: 45689 | C12: 46054 | D12: 3 | E12: 1 | F12: 2600 | G12: 45702 | I12: FACLAC | J12: HOJUELAS PRECOCIDAS DE AVENA, QUINUA CON HARINA DE SOYA Y HARINA DE MACA FORTIFICADAS CON VITAMINAS Y MINERALES
A13: Viru | B13: 45689 | C13: 46054 | D13: 2 | E13: 1 | F13: 3108 | G13: 45702 | I13: FACLAC | J13: HOJUELAS PRECOCIDAS DE QUINUA, AVENA, KIWICHA, MACA, LINAZA, AJONJOLI, CON PROTEINA AISLADA DE SOYA Y OMEGA 3, FORTIFICADA CON VITAMINAS Y MINERALES
... A21: Pataz - Tayabamba | B21: 45717 | C21: 45901 | D21: 2 | E21: 1 | F21: 9268 | G21: 45739 | I21: FACLAC | J21: MEZCLA PRECOCIDA DE AVENA, KIWICHA, QUINUA, CAÑIHUA, CON SOYA Y MACA FORTIFICADA CON VITAMINAS Y MINERALES
A22: Chiclayo | B22: 45748 | C22: 46113 | D22: 1 | E22: 1 | F22: 30058 | G22: 45751 | H22: 45749 | I22: FACLAC | J22: HOJUELA PRECOCIDA DE QUINUA, AVENA Y CEBADA TOSTADA Y MOLIDA ENRIQUECIDA CON VITAMINAS Y MINERALES
A23: Olmos | B23: 45748 | C23: 46113 | D23: 4 | E23: 1 | F23: 5840 | G23: 45751 | H23: 45751 | I23: FACLAC | J23: MEZCLA PRECOCIDA DE QUINUA, KIWICHA, AVENA Y HARINA DE SOYA INTEGRAL TOSTADA CON LECHE ENTERA EN POLVO FORTIFICADA CON VITAMINAS Y MINERALES
A24: Marcabal | B24: 45748 | C24: 46113 | D24: 5 | E24: 1.5671 | F24: 4061.92 | G24: 45756 | H24: 45754 | I24: FACLAC | J24: HOJUELAS PRECOCIDAS DE KIWICHA, SOYA, CHUFLA, AVENA, PALLAR, CON MACA Y AZÚCAR RUBIA ENRIQUECIDA CON VITAMINAS Y MINERALES
A25: Cajamarca | B25: 45748 | C25: 46113 | D25: 1 | E25: 2.24 | F25: 10671.72 | G25: 45763 | H25: 45758 | I25: FACLAC | J25: HOJUELA PRECOCIDAS DE AVENA KIWICHA QUINUA CON HARINA DE SOYA, ACEITE VEGETAL, FORTIFICADA CON VITAMINAS Y MINERALES
A26: Cajamarca | B26: 45748 | C26: 46113 | D26: 1 | E26: 2.4 | F26: 11433.6 | G26: 45763 | H26: 45758 | I26: FACLAC | J26: HOJUELA PRECOCIDAS DE AVENA KIWICHA QUINUA CON HARINA DE SOYA, ACEITE VEGETAL, FORTIFICADA CON VITAMINAS Y MINERALES
A27: Cajamarca | B27: 45748 | C27: 46113 | D27: 1 | E27: 2.48 | F27: 23470.72 | G27: 45763 | H27: 45758 | I27: FACLAC | J27: HOJUELA PRECOCIDAS DE AVENA KIWICHA QUINUA CON HARINA DE SOYA, ACEITE VEGETAL, FORTIFICADA CON VITAMINAS Y MINERALES
A28: Julcán | B28: 45748 | C28: 46113 | D28: 5 | E28: 1 | F28: 2588 | G28: 45763 | H28: 45761 | I28: FACLAC | J28: HOJUELAS PRECOCIDAS DE AVENA, QUINUA CON HARINA DE SOYA Y HARINA DE MACA FORTIFICADAS CON VITAMINAS Y MINERALES
A29: Viru | B29: 45748 | C29: 46113 | D29: 4 | E29: 1 | F29: 3104 | G29: 45763 | H29: 45762 | I29: FACLAC | J29: HOJUELAS PRECOCIDAS DE QUINUA, AVENA, KIWICHA, MACA, LINAZA, AJONJOLI, CON PROTEINA AISLADA DE SOYA Y OMEGA 3, FORTIFICADA CON VITAMINAS Y MINERALES
A30: Chongoyape | B30: 45748 | C30: 46113 | D30: 2 | E30: 1 | F30: 1771 | G30: 45764 | H30: 45763 | I30: FACLAC | J30: MEZCLA PRECOCIDA DE AVENA, QUINUA, KIWICHA CON SOYA Y MACA AZUCARADA FORTIFICADO CON VITAMINAS Y MINERALES
A31: Olmos | B31: 45778 | C31: 46143 | D31: 5 | E31: 1 | F31: 5611 | G31: 45779 | H31: 45779 | I31: FACLAC | J31: MEZCLA PRECOCIDA DE QUINUA, KIWICHA, AVENA Y HARINA DE SOYA INTEGRAL TOSTADA CON LECHE ENTERA EN POLVO FORTIFICADA CON VITAMINAS Y MINERALES
A32: Cajamarca | B32: 45778 | C32: 46143 | D32: 2 | E32: 2.4 | F32: 11448 | G32: 45782 | H32: 45780 | I32: FACLAC | J32: HOJUELA PRECOCIDAS DE AVENA KIWICHA QUINUA CON HARINA DE SOYA, ACEITE VEGETAL, FORTIFICADA CON VITAMINAS Y MINERALES
A33: Cajamarca | B33: 45778 | C33: 46143 | D33: 2 | E33: 2.48 | F33: 11829.6 | G33: 45782 | H33: 45780 | I33: FACLAC | J33: HOJUELA PRECOCIDAS DE AVENA KIWICHA QUINUA CON HARINA DE SOYA, ACEITE VEGETAL, FORTIFICADA CON VITAMINAS Y MINERALES
... A55: Chiclayo | B55: 45839 | C55: 46204 | D55: 3 | E55: 1 | F55: 12220 | G55: 45853 | H55: 45852 | I55: FACLAC | J55: HOJUELA PRECOCIDA DE QUINUA, AVENA Y CEBADA TOSTADA Y MOLIDA ENRIQUECIDA CON VITAMINAS Y MINERALES
A56: Olmos | B56: 45870 | C56: 46235 | D56: 8 | E56: 1 | F56: 5619 | G56: 45870 | I56: FACLAC | J56: MEZCLA PRECOCIDA DE QUINUA, KIWICHA, AVENA Y HARINA DE SOYA INTEGRAL TOSTADA CON LECHE ENTERA EN POLVO FORTIFICADA CON VITAMINAS Y MINERALES
A57: Marcabal | B57: 45870 | C57: 46235 | D57: 9 | E57: 1.5671 | F57: 4061.92 | G57: 45876 | H57: 45874 | I57: FACLAC | J57: HOJUELAS PRECOCIDAS DE KIWICHA, SOYA, CHUFLA, AVENA, PALLAR, CON MACA Y AZÚCAR RUBIA ENRIQUECIDA CON VITAMINAS Y MINERALES
A58: Julcán | B58: 45870 | C58: 46235 | D58: 9 | E58: 1 | F58: 2588 | G58: 45880 | H58: 45878 | I58: FACLAC | J58: HOJUELAS PRECOCIDAS DE AVENA, QUINUA CON HARINA DE SOYA Y HARINA DE MACA FORTIFICADAS CON VITAMINAS Y MINERALES
A59: Chongoyape | B59: 45870 | C59: 46235 | D59: 6 | E59: 1 | F59: 1771 | G59: 45881 | I59: FACLAC | J59: MEZCLA PRECOCIDA DE AVENA, QUINUA, KIWICHA CON SOYA Y MACA AZUCARADA FORTIFICADO CON VITAMINAS Y MINERALES
A60: Viru | B60: 45870 | C60: 46235 | D60: 8 | E60: 1 | F60: 3006 | G60: 45887 | H60: 45881 | I60: FACLAC | J60: HOJUELAS PRECOCIDAS DE QUINUA, AVENA, KIWICHA, MACA, LINAZA, AJONJOLI, CON PROTEINA AISLADA DE SOYA Y OMEGA 3, FORTIFICADA CON VITAMINAS Y MINERALES
A61: Chiclayo | B61: 45870 | C61: 46235 | D61: 4 | E61: 1 | F61: 11825 | G61: 45887 | H61: 45884 | I61: FACLAC | J61: HOJUELA PRECOCIDA DE QUINUA, AVENA Y CEBADA TOSTADA Y MOLIDA ENRIQUECIDA CON VITAMINAS Y MINERALES
A62: Cajamarca | B62: 45901 | C62: 46266 | D62: 4 | E62: 2.4 | F62: 11448 | G62: 45902 | I62: FACLAC | J62: HOJUELA PRECOCIDAS DE AVENA KIWICHA QUINUA CON HARINA DE SOYA, ACEITE VEGETAL, FORTIFICADA CON VITAMINAS Y MINERALES
A63: Cajamarca | B63: 45901 | C63: 46266 | D63: 4 | E63: 2.48 | F63: 11829.6 | G63: 45902 | I63: FACLAC | J63: HOJUELA PRECOCIDAS DE AVENA KIWICHA QUINUA CON HARINA DE SOYA, ACEITE VEGETAL, FORTIFICADA CON VITAMINAS Y MINERALES
A64: Marcabal | B64: 45901 | C64: 46266 | D64: 10 | E64: 1.5671 | F64: 4061.92 | G64: 45908 | I64: FACLAC | J64: HOJUELAS PRECOCIDAS DE KIWICHA, SOYA, CHUFLA, AVENA, PALLAR, CON MACA Y AZÚCAR RUBIA ENRIQUECIDA CON VITAMINAS Y MINERALES
A65: Viru | B65: 45901 | C65: 46266 | D65: 9 | E65: 1 | F65: 3104 | G65: 45913 | I65: FACLAC | J65: HOJUELAS PRECOCIDAS DE QUINUA, AVENA, KIWICHA, MACA, LINAZA, AJONJOLI, CON PROTEINA AISLADA DE SOYA Y OMEGA 3, FORTIFICADA CON VITAMINAS Y MINERALES
A66: Chongoyape | B66: 45901 | C66: 46266 | D66: 7 | E66: 1 | F66: 5209 | G66: 45915 | I66: FACLAC | J66: MEZCLA PRECOCIDA DE AVENA, QUINUA, KIWICHA CON SOYA Y MACA AZUCARADA FORTIFICADO CON VITAMINAS Y MINERALES
A67: Chiclayo | B67: 45901 | C67: 46266 | D67: 5 | E67: 1 | F67: 12220 | G67: 45916 | I67: FACLAC | J67: HOJUELA PRECOCIDA DE QUINUA, AVENA Y CEBADA TOSTADA Y MOLIDA ENRIQUECIDA CON VITAMINAS Y MINERALES
A68: Julcán | B68: 45901 | C68: 46266 | D68: 10 | E68: 1 | F68: 2588 | G68: 45916 | I68: FACLAC | J68: HOJUELAS PRECOCIDAS DE AVENA, QUINUA CON HARINA DE SOYA Y HARINA DE MACA FORTIFICADAS CON VITAMINAS Y MINERALES
A69: Pataz - Tayabamba | B69: 45901 | C69: 46082 | D69: 4 | E69: 1 | F69: 9268 | G69: 45916 | I69: FACLAC | J69: MEZCLA PRECOCIDA DE AVENA, KIWICHA, QUINUA, CAÑIHUA, CON SOYA Y MACA FORTIFICADA CON VITAMINAS Y MINERALES
A70: San Jose | B70: 45901 | C70: 46266 | D70: 4 | E70: 1 | F70: 3420 | G70: 45917 | I70: FACLAC | J70: MEZCLA DE CEREALES: HOJUELAS DE AVENA, QUINUA, KIWICHA CON MACA Y SOYA ENRIQUECIDA CON VITAMINAS Y MINERALES
A71: Marcabal | B71: 45931 | C71: 46296 | D71: 11 | E71: 1.5671 | F71: 4061.92 | G71: 45945 | I71: FACLAC | J71: HOJUELAS PRECOCIDAS DE KIWICHA, SOYA, CHUFLA, AVENA, PALLAR, CON MACA Y AZÚCAR RUBIA ENRIQUECIDA CON VITAMINAS Y MINERALES
A72: Julcán | B72: 45931 | C72: 46296 | D72: 11 | E72: 1 | F72: 2588 | G72: 45946 | I72: FACLAC | J72: HOJUELAS PRECOCIDAS DE AVENA, QUINUA CON HARINA DE SOYA Y HARINA DE MACA FORTIFICADAS CON VITAMINAS Y MINERALES
A73: Chiclayo | B73: 45931 | C73: 46266 | D73: 6 | E73: 1 | F73: 11824 | G73: 45951 | I73: FACLAC | J73: HOJUELA PRECOCIDA DE QUINUA, AVENA Y CEBADA TOSTADA Y MOLIDA ENRIQUECIDA CON VITAMINAS Y MINERALES
A74: Olmos | B74: 45962 | C74: 46327 | D74: 11 | E74: 1 | F74: 5840 | G74: 45962 | I74: FACLAC | J74: MEZCLA PRECOCIDA DE QUINUA, KIWICHA, AVENA Y HARINA DE SOYA INTEGRAL TOSTADA CON LECHE ENTERA EN POLVO FORTIFICADA CON VITAMINAS Y MINERALES

Sheet Mezclado
A1: Municipalidad | B1: Cantidad (Kg) | C1: Fecha | D1: Mezclado | E1: Avena | F1: Quinua | G1: Kiwicha | H1: Soya | I1: Maca | J1: Azucar | K1: Cebada | L1: Maiz Chufla | M1: Leche Polvo | N1: Cañihua | O1: Aceite Girasol | P1: Pallar seco | Q1: Almidon maca | R1: Linaza | S1: Ajonjoli | T1: Proteina aislada soya | U1: Frejol tarhui | V1: Garbanzo | W1: Fosfato Tricálcio | X1: Mix vitaminico
A2: {=General!A2:A74} -> San Jose | B2: {=General!F2:G74} -> 3347 | C2: 45630 | D2: =B2*1/(1-Formula!$B$19) -> 3350.3504 | E2: {=_xlfn._xlws.FILTER(Formula!$B$2:$U$12,Formula!$A$2:$A$12=A2,0)*D2} -> 377.91952 | F2: 824.85626 | G2: 1237.2844 | H2: 68.682182 | I2: 687.49189 | J2: 0 | K2: 0 | L2: 0 | M2: 0 | N2: 0 | O2: 0 | P2: 0 | Q2: 0 | R2: 0 | S2: 0 | T2: 0 | U2: 0 | V2: 0 | W2: 145.74024 | X2: 8.3758759
A3: Pataz - Tayabamba | B3: 9286 | C3: 45642 | D3: =B3*1/(1-Formula!$B$19) -> 9295.2953 | E3: {=_xlfn._xlws.FILTER(Formula!$B$2:$U$12,Formula!$A$2:$A$12=A3,0)*D3} -> 802.18398 | F3: 2479.0553 | G3: 2624.9914 | H3: 728.75115 | I3: 0 | J3: 0 | K3: 0 | L3: 0 | M3: 0 | N3: 1312.4957 | O3: 0 | P3: 0 | Q3: 1020.6234 | R3: 0 | S3: 0 | T3: 0 | U3: 0 | V3: 0 | W3: 309.53333 | X3: 17.661061
A4: Viru | B4: 2810 | C4: 45653 | D4: =B4*1/(1-Formula!$B$19) -> 2812.8128 | E4: {=_xlfn._xlws.FILTER(Formula!$B$2:$U$12,Formula!$A$2:$A$12=A4,0)*D4} -> 366.22823 | F4: 631.1952 | G4: 1262.3904 | H4: 0 | I4: 286.90691 | J4: 0 | K4: 0 | L4: 0 | M4: 0 | N4: 0 | O4: 51.755756 | P4: 0 | Q4: 0 | R4: 28.690691 | S4: 28.690691 | T4: 28.690691 | U4: 0 | V4: 0 | W4: 121.51351 | X4: 6.7507508
A5: Julcán | B5: 2588 | C5: 45656 | D5: =B5*1/(1-Formula!$B$19) -> 2590.5906 | E5: {=_xlfn._xlws.FILTER(Formula!$B$2:$U$12,Formula!$A$2:$A$12=A5,0)*D5} -> 141.96436 | F5: 417.34414 | G5: 0 | H5: 249.21481 | I5: 1670.1538 | J5: 0 | K5: 0 | L5: 0 | M5: 0 | N5: 0 | O5: 0 | P5: 0 | Q5: 0 | R5: 0 | S5: 0 | T5: 0 | U5: 0 | V5: 0 | W5: 105.95516 | X5: 5.9583584
A6: Olmos | B6: 5252 | C6: 45665 | D6: =B6*1/(1-Formula!$B$19) -> 5257.2573 | E6: {=_xlfn._xlws.FILTER(Formula!$B$2:$U$12,Formula!$A$2:$A$12=A6,0)*D6} -> 1883.6753 | F6: 1569.817 | G6: 627.71652 | H6: 46.263864 | I6: 0 | J6: 0 | K6: 0 | L6: 0 | M6: 923.17437 | N6: 0 | O6: 0 | P6: 0 | Q6: 0 | R6: 0 | S6: 0 | T6: 0 | U6: 0 | V6: 0 | W6: 195.56997 | X6: 11.04024
A7: Marcabal | B7: 4061.92 | C7: 45671 | D7: =B7*1/(1-Formula!$B$19) -> 4065.986 | E7: {=_xlfn._xlws.FILTER(Formula!$B$2:$U$12,Formula!$A$2:$A$12=A7,0)*D7} -> 467.18179 | F7: 0 | G7: 2367.6236 | H7: 328.53167 | I7: 0 | J7: 260.6297 | K7: 0 | L7: 449.69805 | M7: 0 | N7: 0 | O7: 0 | P7: 7.7253734 | Q7: 7.7253734 | R7: 0 | S7: 0 | T7: 0 | U7: 0 | V7: 0 | W7: 167.51862 | X7: 9.3517678
A8: Julcán | B8: 2588 | C8: 45673 | D8: =B8*1/(1-Formula!$B$19) -> 2590.5906 | E8: {=_xlfn._xlws.FILTER(Formula!$B$2:$U$12,Formula!$A$2:$A$12=A8,0)*D8} -> 141.96436 | F8: 417.34414 | G8: 0 | H8: 249.21481 | I8: 1670.1538 | J8: 0 | K8: 0 | L8: 0 | M8: 0 | N8: 0 | O8: 0 | P8: 0 | Q8: 0 | R8: 0 | S8: 0 | T8: 0 | U8: 0 | V8: 0 | W8: 105.95516 | X8: 5.9583584
A9: Olmos | B9: 5840 | C9: 45691 | D9: =B9*1/(1-Formula!$B$19) -> 5845.8458 | E9: {=_xlfn._xlws.FILTER(Formula!$B$2:$U$12,Formula!$A$2:$A$12=A9,0)*D9} -> 2094.5666 | F9: 1745.5696 | G9: 697.99399 | H9: 51.443443 | I9: 0 | J9: 0 | K9: 0 | L9: 0 | M9: 1026.5305 | N9: 0 | O9: 0 | P9: 0 | Q9: 0 | R9: 0 | S9: 0 | T9: 0 | U9: 0 | V9: 0 | W9: 217.46547 | X9: 12.276276
A10: San Pedro de Lloc | B10: 4691 | C10: 45691 | D10: =B10*1/(1-Formula!$B$19) -> 4695.6957 | E10: {=_xlfn._xlws.FILTER(Formula!$B$2:$U$12,Formula!$A$2:$A$12=A10,0)*D10} -> 299.11582 | F10: 729.24154 | G10: 2734.3036 | H10: 72.783283 | I10: 547.04855 | J10: 0 | K10: 0 | L10: 0 | M10: 0 | N10: 0 | O10: 0 | P10: 0 | Q10: 0 | R10: 0 | S10: 0 | T10: 0 | U10: 91.096496 | V10: 18.313213 | W10: 192.99309 | X10: 10.8001
A11: Marcabal | B11: 4061.92 | C11: 45700 | D11: =B11*1/(1-Formula!$B$19) -> 4065.986 | E11: {=_xlfn._xlws.FILTER(Formula!$B$2:$U$12,Formula!$A$2:$A$12=A11,0)*D11} -> 467.18179 | F11: 0 | G11: 2367.6236 | H11: 328.53167 | I11: 0 | J11: 260.6297 | K11: 0 | L11: 449.69805 | M11: 0 | N11: 0 | O11: 0 | P11: 7.7253734 | Q11: 7.7253734 | R11: 0 | S11: 0 | T11: 0 | U11: 0 | V11: 0 | W11: 167.51862 | X11: 9.3517678
A12: Julcán | B12: 2600 | C12: 45702 | D12: =B12*1/(1-Formula!$B$19) -> 2602.6026 | E12: {=_xlfn._xlws.FILTER(Formula!$B$2:$U$12,Formula!$A$2:$A$12=A12,0)*D12} -> 142.62262 | F12: 419.27928 | G12: 0 | H12: 250.37037 | I12: 1677.8979 | J12: 0 | K12: 0 | L12: 0 | M12: 0 | N12: 0 | O12: 0 | P12: 0 | Q12: 0 | R12: 0 | S12: 0 | T12: 0 | U12: 0 | V12: 0 | W12: 106.44645 | X12: 5.985986
A13: Viru | B13: 3108 | C13: 45702 | D13: =B13*1/(1-Formula!$B$19) -> 3111.1111 | E13: {=_xlfn._xlws.FILTER(Formula!$B$2:$U$12,Formula!$A$2:$A$12=A13,0)*D13} -> 405.06667 | F13: 698.13333 | G13: 1396.2667 | H13: 0 | I13: 317.33333 | J13: 0 | K13: 0 | L13: 0 | M13: 0 | N13: 0 | O13: 57.244444 | P13: 0 | Q13: 0 | R13: 31.733333 | S13: 31.733333 | T13: 31.733333 | U13: 0 | V13: 0 | W13: 134.4 | X13: 7.4666667
A14: Olmos | B14: 5611 | C14: 45717 | D14: =B14*1/(1-Formula!$B$19) -> 5616.6166 | E14: {=_xlfn._xlws.FILTER(Formula!$B$2:$U$12,Formula!$A$2:$A$12=A14,0)*D14} -> 2012.4337 | F14: 1677.1217 | G14: 670.62402 | H14: 49.426226 | I14: 0 | J14: 0 | K14: 0 | L14: 0 | M14: 986.27788 | N14: 0 | O14: 0 | P14: 0 | Q14: 0 | R14: 0 | S14: 0 | T14: 0 | U14: 0 | V14: 0 | W14: 208.93814 | X14: 11.794895
... A74: Olmos | B74: 5840 | C74: 45962 | D74: =B74*1/(1-Formula!$B$19) -> 5845.8458 | E74: {=_xlfn._xlws.FILTER(Formula!$B$2:$U$12,Formula!$A$2:$A$12=A74,0)*D74} -> 2094.5666 | F74: 1745.5696 | G74: 697.99399 | H74: 51.443443 | I74: 0 | J74: 0 | K74: 0 | L74: 0 | M74: 1026.5305 | N74: 0 | O74: 0 | P74: 0 | Q74: 0 | R74: 0 | S74: 0 | T74: 0 | U74: 0 | V74: 0 | W74: 217.46547 | X74: 12.276276
A79: Cajamarca - kg | E79: {=400*Formula!B2:U2} -> 138.8 | F79: 75 | G79: 150 | H79: 15 | I79: 0 | J79: 0 | K79: 0 | L79: 0 | M79: 0 | N79: 0 | O79: 10 | P79: 0 | Q79: 0 | R79: 0 | S79: 0 | T79: 0 | U79: 0 | V79: 0 | W79: 10.6 | X79: 0.6
A80: Chiclayo - kg | C80: =D74/400 -> 14.614615 | D80: =(C80-14)*400 -> 245.84585 | E80: {=400*Formula!B3:U3} -> 112.924 | F80: 157 | G80: 0 | H80: 0 | I80: 0 | J80: 0 | K80: 112.924 | L80: 0 | M80: 0 | N80: 0 | O80: 0 | P80: 0 | Q80: 0 | R80: 0 | S80: 0 | T80: 0 | U80: 0 | V80: 0 | W80: 16.24 | X80: 0.916
A81: Chongoyape kg | E81: {=400*Formula!B4:U4} -> 24.76 | F81: 62.76 | G81: 203.92 | H81: 20.4 | I81: 39.2 | J81: 31.36 | K81: 0 | L81: 0 | M81: 0 | N81: 0 | O81: 0 | P81: 0 | Q81: 0 | R81: 0 | S81: 0 | T81: 0 | U81: 0 | V81: 0 | W81: 16.64 | X81: 0.96
A82: Julcán kg | E82: {=400*Formula!B5:U5} -> 21.92 | F82: 64.44 | G82: 0 | H82: 38.48 | I82: 257.88 | J82: 0 | K82: 0 | L82: 0 | M82: 0 | N82: 0 | O82: 0 | P82: 0 | Q82: 0 | R82: 0 | S82: 0 | T82: 0 | U82: 0 | V82: 0 | W82: 16.36 | X82: 0.92
A83: Marcabal kg | E83: {=400*Formula!B6:U6} -> 45.96 | F83: 0 | G83: 232.92 | H83: 32.32 | I83: 0 | J83: 25.64 | K83: 0 | L83: 44.24 | M83: 0 | N83: 0 | O83: 0 | P83: 0.76 | Q83: 0.76 | R83: 0 | S83: 0 | T83: 0 | U83: 0 | V83: 0 | W83: 16.48 | X83: 0.92
A84: Olmos kg | E84: {=400*Formula!B7:U7} -> 143.32 | F84: 119.44 | G84: 47.76 | H84: 3.52 | I84: 0 | J84: 0 | K84: 0 | L84: 0 | M84: 70.24 | N84: 0 | O84: 0 | P84: 0 | Q84: 0 | R84: 0 | S84: 0 | T84: 0 | U84: 0 | V84: 0 | W84: 14.88 | X84: 0.84
A85: San Jose kg | E85: {=400*Formula!B8:U8} -> 45.12 | F85: 98.48 | G85: 147.72 | H85: 8.2 | I85: 82.08 | J85: 0 | K85: 0 | L85: 0 | M85: 0 | N85: 0 | O85: 0 | P85: 0 | Q85: 0 | R85: 0 | S85: 0 | T85: 0 | U85: 0 | V85: 0 | W85: 17.4 | X85: 1
A86: Pataz - Tayabamba kg | E86: {=400*Formula!B9:U9} -> 34.52 | F86: 106.68 | G86: 112.96 | H86: 31.36 | I86: 0 | J86: 0 | K86: 0 | L86: 0 | M86: 0 | N86: 56.48 | O86: 0 | P86: 0 | Q86: 43.92 | R86: 0 | S86: 0 | T86: 0 | U86: 0 | V86: 0 | W86: 13.32 | X86: 0.76
A87: Viru kg | E87: {=400*Formula!B10:U10} -> 52.08 | F87: 89.76 | G87: 179.52 | H87: 0 | I87: 40.8 | J87: 0 | K87: 0 | L87: 0 | M87: 0 | N87: 0 | O87: 7.36 | P87: 0 | Q87: 0 | R87: 4.08 | S87: 4.08 | T87: 4.08 | U87: 0 | V87: 0 | W87: 17.28 | X87: 0.96
A88: San Pedro de Lloc kg | E88: {=400*Formula!B11:U11} -> 25.48 | F88: 62.12 | G88: 232.92 | H88: 6.2 | I88: 46.6 | J88: 0 | K88: 0 | L88: 0 | M88: 0 | N88: 0 | O88: 0 | P88: 0 | Q88: 0 | R88: 0 | S88: 0 | T88: 0 | U88: 7.76 | V88: 1.56 | W88: 16.44 | X88: 0.92
A89: Cajatambo kg | E89: {=400*Formula!B12:U12} -> 280 | F89: 120 | G89: 0 | H89: 0 | I89: 0 | J89: 0 | K89: 0 | L89: 0 | M89: 0 | N89: 0 | O89: 0 | P89: 0 | Q89: 0 | R89: 0 | S89: 0 | T89: 0 | U89: 0 | V89: 0 | W89: 0 | X89: 0
D92: =D80 -> 245.84585 | E92: {=D92*Formula!B12:U12} -> 172.09209 | F92: 73.753754 | G92: 0 | H92: 0 | I92: 0 | J92: 0 | K92: 0 | L92: 0 | M92: 0 | N92: 0 | O92: 0 | P92: 0 | Q92: 0 | R92: 0 | S92: 0 | T92: 0 | U92: 0 | V92: 0 | W92: 0 | X92: 0

Sheet Laminado
A1: Municipalidad | B1: Cantidad (Kg) | C1: Fecha | D1: Avena | E1: Quinua | F1: Kiwicha
A2: {=Mezclado!A2:C74} -> San Jose | B2: 3347 | C2: 45630 | D2: {=IF(ISNUMBER(MATCH(Mezclado!$A2, _xlfn._xlws.FILTER(Procesos!$A$2:$A$23, Procesos!B$2:B$23="Laminado"), 0)), Mezclado!E2/(1-Formula!$B$18),0)} -> 379.05669 | E2: {=IF(ISNUMBER(MATCH(Mezclado!$A2, _xlfn._xlws.FILTER(Procesos!$A$2:$A$23, Procesos!C$2:C$23="Laminado"), 0)), Mezclado!F2/(1-Formula!$B$18),0)} -> 827.33827 | F2: {=IF(ISNUMBER(MATCH(Mezclado!$A2, _xlfn._xlws.FILTER(Procesos!$A$2:$A$23, Procesos!D$2:D$23="Laminado"), 0)), Mezclado!G2/(1-Formula!$B$18),0)} -> 1241.0074
A3: Pataz - Tayabamba | B3: 9286 | C3: 45642 | D3: {=IF(ISNUMBER(MATCH(Mezclado!$A3, _xlfn._xlws.FILTER(Procesos!$A$2:$A$23, Procesos!B$2:B$23="Laminado"), 0)), Mezclado!E3/(1-Formula!$B$18),0)} -> 804.59778 | E3: {=IF(ISNUMBER(MATCH(Mezclado!$A3, _xlfn._xlws.FILTER(Procesos!$A$2:$A$23, Procesos!C$2:C$23="Laminado"), 0)), Mezclado!F3/(1-Formula!$B$18),0)} -> 0 | F3: {=IF(ISNUMBER(MATCH(Mezclado!$A3, _xlfn._xlws.FILTER(Procesos!$A$2:$A$23, Procesos!D$2:D$23="Laminado"), 0)), Mezclado!G3/(1-Formula!$B$18),0)} -> 0
A4: Viru | B4: 2810 | C4: 45653 | D4: {=IF(ISNUMBER(MATCH(Mezclado!$A4, _xlfn._xlws.FILTER(Procesos!$A$2:$A$23, Procesos!B$2:B$23="Laminado"), 0)), Mezclado!E4/(1-Formula!$B$18),0)} -> 367.33022 | E4: {=IF(ISNUMBER(MATCH(Mezclado!$A4, _xlfn._xlws.FILTER(Procesos!$A$2:$A$23, Procesos!C$2:C$23="Laminado"), 0)), Mezclado!F4/(1-Formula!$B$18),0)} -> 633.09448 | F4: {=IF(ISNUMBER(MATCH(Mezclado!$A4, _xlfn._xlws.FILTER(Procesos!$A$2:$A$23, Procesos!D$2:D$23="Laminado"), 0)), Mezclado!G4/(1-Formula!$B$18),0)} -> 1266.189
A5: Julcán | B5: 2588 | C5: 45656 | D5: {=IF(ISNUMBER(MATCH(Mezclado!$A5, _xlfn._xlws.FILTER(Procesos!$A$2:$A$23, Procesos!B$2:B$23="Laminado"), 0)), Mezclado!E5/(1-Formula!$B$18),0)} -> 142.39154 | E5: {=IF(ISNUMBER(MATCH(Mezclado!$A5, _xlfn._xlws.FILTER(Procesos!$A$2:$A$23, Procesos!C$2:C$23="Laminado"), 0)), Mezclado!F5/(1-Formula!$B$18),0)} -> 418.59994 | F5: {=IF(ISNUMBER(MATCH(Mezclado!$A5, _xlfn._xlws.FILTER(Procesos!$A$2:$A$23, Procesos!D$2:D$23="Laminado"), 0)), Mezclado!G5/(1-Formula!$B$18),0)} -> 0
A6: Olmos | B6: 5252 | C6: 45665 | D6: {=IF(ISNUMBER(MATCH(Mezclado!$A6, _xlfn._xlws.FILTER(Procesos!$A$2:$A$23, Procesos!B$2:B$23="Laminado"), 0)), Mezclado!E6/(1-Formula!$B$18),0)} -> 1889.3433 | E6: {=IF(ISNUMBER(MATCH(Mezclado!$A6, _xlfn._xlws.FILTER(Procesos!$A$2:$A$23, Procesos!C$2:C$23="Laminado"), 0)), Mezclado!F6/(1-Formula!$B$18),0)} -> 1574.5406 | F6: {=IF(ISNUMBER(MATCH(Mezclado!$A6, _xlfn._xlws.FILTER(Procesos!$A$2:$A$23, Procesos!D$2:D$23="Laminado"), 0)), Mezclado!G6/(1-Formula!$B$18),0)} -> 0
A7: Marcabal | B7: 4061.92 | C7: 45671 | D7: {=IF(ISNUMBER(MATCH(Mezclado!$A7, _xlfn._xlws.FILTER(Procesos!$A$2:$A$23, Procesos!B$2:B$23="Laminado"), 0)), Mezclado!E7/(1-Formula!$B$18),0)} -> 468.58755 | E7: {=IF(ISNUMBER(MATCH(Mezclado!$A7, _xlfn._xlws.FILTER(Procesos!$A$2:$A$23, Procesos!C$2:C$23="Laminado"), 0)), Mezclado!F7/(1-Formula!$B$18),0)} -> 0 | F7: {=IF(ISNUMBER(MATCH(Mezclado!$A7, _xlfn._xlws.FILTER(Procesos!$A$2:$A$23, Procesos!D$2:D$23="Laminado"), 0)), Mezclado!G7/(1-Formula!$B$18),0)} -> 2374.7479
A8: Julcán | B8: 2588 | C8: 45673 | D8: {=IF(ISNUMBER(MATCH(Mezclado!$A8, _xlfn._xlws.FILTER(Procesos!$A$2:$A$23, Procesos!B$2:B$23="Laminado"), 0)), Mezclado!E8/(1-Formula!$B$18),0)} -> 142.39154 | E8: {=IF(ISNUMBER(MATCH(Mezclado!$A8, _xlfn._xlws.FILTER(Procesos!$A$2:$A$23, Procesos!C$2:C$23="Laminado"), 0)), Mezclado!F8/(1-Formula!$B$18),0)} -> 418.59994 | F8: {=IF(ISNUMBER(MATCH(Mezclado!$A8, _xlfn._xlws.FILTER(Procesos!$A$2:$A$23, Procesos!D$2:D$23="Laminado"), 0)), Mezclado!G8/(1-Formula!$B$18),0)} -> 0
A9: Olmos | B9: 5840 | C9: 45691 | D9: {=IF(ISNUMBER(MATCH(Mezclado!$A9, _xlfn._xlws.FILTER(Procesos!$A$2:$A$23, Procesos!B$2:B$23="Laminado"), 0)), Mezclado!E9/(1-Formula!$B$18),0)} -> 2100.8692 | E9: {=IF(ISNUMBER(MATCH(Mezclado!$A9, _xlfn._xlws.FILTER(Procesos!$A$2:$A$23, Procesos!C$2:C$23="Laminado"), 0)), Mezclado!F9/(1-Formula!$B$18),0)} -> 1750.822 | F9: {=IF(ISNUMBER(MATCH(Mezclado!$A9, _xlfn._xlws.FILTER(Procesos!$A$2:$A$23, Procesos!D$2:D$23="Laminado"), 0)), Mezclado!G9/(1-Formula!$B$18),0)} -> 0
A10: San Pedro de Lloc | B10: 4691 | C10: 45691 | D10: {=IF(ISNUMBER(MATCH(Mezclado!$A10, _xlfn._xlws.FILTER(Procesos!$A$2:$A$23, Procesos!B$2:B$23="Laminado"), 0)), Mezclado!E10/(1-Formula!$B$18),0)} -> 300.01586 | E10: {=IF(ISNUMBER(MATCH(Mezclado!$A10, _xlfn._xlws.FILTER(Procesos!$A$2:$A$23, Procesos!C$2:C$23="Laminado"), 0)), Mezclado!F10/(1-Formula!$B$18),0)} -> 731.43585 | F10: {=IF(ISNUMBER(MATCH(Mezclado!$A10, _xlfn._xlws.FILTER(Procesos!$A$2:$A$23, Procesos!D$2:D$23="Laminado"), 0)), Mezclado!G10/(1-Formula!$B$18),0)} -> 2742.5312
A11: Marcabal | B11: 4061.92 | C11: 45700 | D11: {=IF(ISNUMBER(MATCH(Mezclado!$A11, _xlfn._xlws.FILTER(Procesos!$A$2:$A$23, Procesos!B$2:B$23="Laminado"), 0)), Mezclado!E11/(1-Formula!$B$18),0)} -> 468.58755 | E11: {=IF(ISNUMBER(MATCH(Mezclado!$A11, _xlfn._xlws.FILTER(Procesos!$A$2:$A$23, Procesos!C$2:C$23="Laminado"), 0)), Mezclado!F11/(1-Formula!$B$18),0)} -> 0 | F11: {=IF(ISNUMBER(MATCH(Mezclado!$A11, _xlfn._xlws.FILTER(Procesos!$A$2:$A$23, Procesos!D$2:D$23="Laminado"), 0)), Mezclado!G11/(1-Formula!$B$18),0)} -> 2374.7479
A12: Julcán | B12: 2600 | C12: 45702 | D12: {=IF(ISNUMBER(MATCH(Mezclado!$A12, _xlfn._xlws.FILTER(Procesos!$A$2:$A$23, Procesos!B$2:B$23="Laminado"), 0)), Mezclado!E12/(1-Formula!$B$18),0)} -> 143.05178 | E12: {=IF(ISNUMBER(MATCH(Mezclado!$A12, _xlfn._xlws.FILTER(Procesos!$A$2:$A$23, Procesos!C$2:C$23="Laminado"), 0)), Mezclado!F12/(1-Formula!$B$18),0)} -> 420.5409 | F12: {=IF(ISNUMBER(MATCH(Mezclado!$A12, _xlfn._xlws.FILTER(Procesos!$A$2:$A$23, Procesos!D$2:D$23="Laminado"), 0)), Mezclado!G12/(1-Formula!$B$18),0)} -> 0
A13: Viru | B13: 3108 | C13: 45702 | D13: {=IF(ISNUMBER(MATCH(Mezclado!$A13, _xlfn._xlws.FILTER(Procesos!$A$2:$A$23, Procesos!B$2:B$23="Laminado"), 0)), Mezclado!E13/(1-Formula!$B$18),0)} -> 406.28552 | E13: {=IF(ISNUMBER(MATCH(Mezclado!$A13, _xlfn._xlws.FILTER(Procesos!$A$2:$A$23, Procesos!C$2:C$23="Laminado"), 0)), Mezclado!F13/(1-Formula!$B$18),0)} -> 700.23404 | F13: {=IF(ISNUMBER(MATCH(Mezclado!$A13, _xlfn._xlws.FILTER(Procesos!$A$2:$A$23, Procesos!D$2:D$23="Laminado"), 0)), Mezclado!G13/(1-Formula!$B$18),0)} -> 1400.4681
A14: Olmos | B14: 5611 | C14: 45717 | D14: {=IF(ISNUMBER(MATCH(Mezclado!$A14, _xlfn._xlws.FILTER(Procesos!$A$2:$A$23, Procesos!B$2:B$23="Laminado"), 0)), Mezclado!E14/(1-Formula!$B$18),0)} -> 2018.4892 | E14: {=IF(ISNUMBER(MATCH(Mezclado!$A14, _xlfn._xlws.FILTER(Procesos!$A$2:$A$23, Procesos!C$2:C$23="Laminado"), 0)), Mezclado!F14/(1-Formula!$B$18),0)} -> 1682.1682 | F14: {=IF(ISNUMBER(MATCH(Mezclado!$A14, _xlfn._xlws.FILTER(Procesos!$A$2:$A$23, Procesos!D$2:D$23="Laminado"), 0)), Mezclado!G14/(1-Formula!$B$18),0)} -> 0
... A74: Olmos | B74: 5840 | C74: 45962 | D74: {=IF(ISNUMBER(MATCH(Mezclado!$A74, _xlfn._xlws.FILTER(Procesos!$A$2:$A$23, Procesos!B$2:B$23="Laminado"), 0)), Mezclado!E74/(1-Formula!$B$18),0)} -> 2100.8692 | E74: {=IF(ISNUMBER(MATCH(Mezclado!$A74, _xlfn._xlws.FILTER(Procesos!$A$2:$A$23, Procesos!C$2:C$23="Laminado"), 0)), Mezclado!F74/(1-Formula!$B$18),0)} -> 1750.822 | F74: {=IF(ISNUMBER(MATCH(Mezclado!$A74, _xlfn._xlws.FILTER(Procesos!$A$2:$A$23, Procesos!D$2:D$23="Laminado"), 0)), Mezclado!G74/(1-Formula!$B$18),0)} -> 0
D82: =E82*0.997 -> 2400.5756 | E82: =E55/2 -> 2407.799
F83: =F56/2 -> 0
D84: =D56/500 -> 4.0427342 | E84: =E56/500 -> 3.3691332 | F84: =F56/500/2 -> 0
D85: =D84*60 -> 242.56405 | F85: =F84-ROUNDDOWN(F84,0) -> 0
F86: =F85*60 -> 0
D89: =D38/500 -> 3.7754906 | E89: =E38/500 -> 1.6180674
D90: =D89*60 -> 226.52944 | E90: =E89*60 -> 97.084045

Sheet Molido
A1: Municipalidad | B1: Cantidad (Kg) | C1: Fecha | D1: Quinua | E1: Kiwicha | F1: Soya | G1: Maca | H1: Cebada | I1: Maiz Chufla | J1: Cañihua | K1: Pallar seco | L1: Garbanzo
A2: {=Mezclado!A2:C74} -> San Jose | B2: 3347 | C2: 45630 | D2: {=IF(ISNUMBER(MATCH(Mezclado!$A2, _xlfn._xlws.FILTER(Procesos!$A$2:$A$23, Procesos!C$2:C$23="Molido"), 0)), Mezclado!F2/(1-Formula!$B$17),0)} -> 0 | E2: {=IF(ISNUMBER(MATCH(Mezclado!$A2, _xlfn._xlws.FILTER(Procesos!$A$2:$A$23, Procesos!D$2:D$23="Molido"), 0)), Mezclado!G2/(1-Formula!$B$17),0)} -> 0 | F2: {=IF(ISNUMBER(MATCH(Mezclado!$A2, _xlfn._xlws.FILTER(Procesos!$A$2:$A$23, Procesos!E$2:E$23="Molido"), 0)), Mezclado!H2/(1-Formula!$B$17),0)} -> 70.083859 | G2: {=IF(ISNUMBER(MATCH(Mezclado!$A2, _xlfn._xlws.FILTER(Procesos!$A$2:$A$23, Procesos!F$2:F$23="Molido"), 0)), Mezclado!I2/(1-Formula!$B$17),0)} -> 701.52234 | H2: {=IF(ISNUMBER(MATCH(Mezclado!$A2, _xlfn._xlws.FILTER(Procesos!$A$2:$A$23, Procesos!H$2:H$23="Molido"), 0)), Mezclado!K2/(1-Formula!$B$17),0)} -> 0 | I2: {=IF(ISNUMBER(MATCH(Mezclado!$A2, _xlfn._xlws.FILTER(Procesos!$A$2:$A$23, Procesos!I$2:I$23="Molido"), 0)), Mezclado!L2/(1-Formula!$B$17),0)} -> 0 | J2: {=IF(ISNUMBER(MATCH(Mezclado!$A2, _xlfn._xlws.FILTER(Procesos!$A$2:$A$23, Procesos!K$2:K$23="Molido"), 0)), Mezclado!N2/(1-Formula!$B$17),0)} -> 0 | K2: {=IF(ISNUMBER(MATCH(Mezclado!$A2, _xlfn._xlws.FILTER(Procesos!$A$2:$A$23, Procesos!M$2:M$23="Molido"), 0)), Mezclado!P2/(1-Formula!$B$17),0)} -> 0 | L2: {=Mezclado!V2:V74/(1-Formula!$B$17)} -> 0
A3: Pataz - Tayabamba | B3: 9286 | C3: 45642 | D3: {=IF(ISNUMBER(MATCH(Mezclado!$A3, _xlfn._xlws.FILTER(Procesos!$A$2:$A$23, Procesos!C$2:C$23="Molido"), 0)), Mezclado!F3/(1-Formula!$B$17),0)} -> 2529.6482 | E3: {=IF(ISNUMBER(MATCH(Mezclado!$A3, _xlfn._xlws.FILTER(Procesos!$A$2:$A$23, Procesos!D$2:D$23="Molido"), 0)), Mezclado!G3/(1-Formula!$B$17),0)} -> 2678.5626 | F3: {=IF(ISNUMBER(MATCH(Mezclado!$A3, _xlfn._xlws.FILTER(Procesos!$A$2:$A$23, Procesos!E$2:E$23="Molido"), 0)), Mezclado!H3/(1-Formula!$B$17),0)} -> 743.62362 | G3: {=IF(ISNUMBER(MATCH(Mezclado!$A3, _xlfn._xlws.FILTER(Procesos!$A$2:$A$23, Procesos!F$2:F$23="Molido"), 0)), Mezclado!I3/(1-Formula!$B$17),0)} -> 0 | H3: {=IF(ISNUMBER(MATCH(Mezclado!$A3, _xlfn._xlws.FILTER(Procesos!$A$2:$A$23, Procesos!H$2:H$23="Molido"), 0)), Mezclado!K3/(1-Formula!$B$17),0)} -> 0 | I3: {=IF(ISNUMBER(MATCH(Mezclado!$A3, _xlfn._xlws.FILTER(Procesos!$A$2:$A$23, Procesos!I$2:I$23="Molido"), 0)), Mezclado!L3/(1-Formula!$B$17),0)} -> 0 | J3: {=IF(ISNUMBER(MATCH(Mezclado!$A3, _xlfn._xlws.FILTER(Procesos!$A$2:$A$23, Procesos!K$2:K$23="Molido"), 0)), Mezclado!N3/(1-Formula!$B$17),0)} -> 1339.2813 | K3: {=IF(ISNUMBER(MATCH(Mezclado!$A3, _xlfn._xlws.FILTER(Procesos!$A$2:$A$23, Procesos!M$2:M$23="Molido"), 0)), Mezclado!P3/(1-Formula!$B$17),0)} -> 0 | L3: 0
A4: Viru | B4: 2810 | C4: 45653 | D4: {=IF(ISNUMBER(MATCH(Mezclado!$A4, _xlfn._xlws.FILTER(Procesos!$A$2:$A$23, Procesos!C$2:C$23="Molido"), 0)), Mezclado!F4/(1-Formula!$B$17),0)} -> 0 | E4: {=IF(ISNUMBER(MATCH(Mezclado!$A4, _xlfn._xlws.FILTER(Procesos!$A$2:$A$23, Procesos!D$2:D$23="Molido"), 0)), Mezclado!G4/(1-Formula!$B$17),0)} -> 0 | F4: {=IF(ISNUMBER(MATCH(Mezclado!$A4, _xlfn._xlws.FILTER(Procesos!$A$2:$A$23, Procesos!E$2:E$23="Molido"), 0)), Mezclado!H4/(1-Formula!$B$17),0)} -> 0 | G4: {=IF(ISNUMBER(MATCH(Mezclado!$A4, _xlfn._xlws.FILTER(Procesos!$A$2:$A$23, Procesos!F$2:F$23="Molido"), 0)), Mezclado!I4/(1-Formula!$B$17),0)} -> 292.76215 | H4: {=IF(ISNUMBER(MATCH(Mezclado!$A4, _xlfn._xlws.FILTER(Procesos!$A$2:$A$23, Procesos!H$2:H$23="Molido"), 0)), Mezclado!K4/(1-Formula!$B$17),0)} -> 0 | I4: {=IF(ISNUMBER(MATCH(Mezclado!$A4, _xlfn._xlws.FILTER(Procesos!$A$2:$A$23, Procesos!I$2:I$23="Molido"), 0)), Mezclado!L4/(1-Formula!$B$17),0)} -> 0 | J4: {=IF(ISNUMBER(MATCH(Mezclado!$A4, _xlfn._xlws.FILTER(Procesos!$A$2:$A$23, Procesos!K$2:K$23="Molido"), 0)), Mezclado!N4/(1-Formula!$B$17),0)} -> 0 | K4: {=IF(ISNUMBER(MATCH(Mezclado!$A4, _xlfn._xlws.FILTER(Procesos!$A$2:$A$23, Procesos!M$2:M$23="Molido"), 0)), Mezclado!P4/(1-Formula!$B$17),0)} -> 0 | L4: 0
A5: Julcán | B5: 2588 | C5: 45656 | D5: {=IF(ISNUMBER(MATCH(Mezclado!$A5, _xlfn._xlws.FILTER(Procesos!$A$2:$A$23, Procesos!C$2:C$23="Molido"), 0)), Mezclado!F5/(1-Formula!$B$17),0)} -> 0 | E5: {=IF(ISNUMBER(MATCH(Mezclado!$A5, _xlfn._xlws.FILTER(Procesos!$A$2:$A$23, Procesos!D$2:D$23="Molido"), 0)), Mezclado!G5/(1-Formula!$B$17),0)} -> 0 | F5: {=IF(ISNUMBER(MATCH(Mezclado!$A5, _xlfn._xlws.FILTER(Procesos!$A$2:$A$23, Procesos!E$2:E$23="Molido"), 0)), Mezclado!H5/(1-Formula!$B$17),0)} -> 254.30083 | G5: {=IF(ISNUMBER(MATCH(Mezclado!$A5, _xlfn._xlws.FILTER(Procesos!$A$2:$A$23, Procesos!F$2:F$23="Molido"), 0)), Mezclado!I5/(1-Formula!$B$17),0)} -> 1704.2385 | H5: {=IF(ISNUMBER(MATCH(Mezclado!$A5, _xlfn._xlws.FILTER(Procesos!$A$2:$A$23, Procesos!H$2:H$23="Molido"), 0)), Mezclado!K5/(1-Formula!$B$17),0)} -> 0 | I5: {=IF(ISNUMBER(MATCH(Mezclado!$A5, _xlfn._xlws.FILTER(Procesos!$A$2:$A$23, Procesos!I$2:I$23="Molido"), 0)), Mezclado!L5/(1-Formula!$B$17),0)} -> 0 | J5: {=IF(ISNUMBER(MATCH(Mezclado!$A5, _xlfn._xlws.FILTER(Procesos!$A$2:$A$23, Procesos!K$2:K$23="Molido"), 0)), Mezclado!N5/(1-Formula!$B$17),0)} -> 0 | K5: {=IF(ISNUMBER(MATCH(Mezclado!$A5, _xlfn._xlws.FILTER(Procesos!$A$2:$A$23, Procesos!M$2:M$23="Molido"), 0)), Mezclado!P5/(1-Formula!$B$17),0)} -> 0 | L5: 0
A6: Olmos | B6: 5252 | C6: 45665 | D6: {=IF(ISNUMBER(MATCH(Mezclado!$A6, _xlfn._xlws.FILTER(Procesos!$A$2:$A$23, Procesos!C$2:C$23="Molido"), 0)), Mezclado!F6/(1-Formula!$B$17),0)} -> 0 | E6: {=IF(ISNUMBER(MATCH(Mezclado!$A6, _xlfn._xlws.FILTER(Procesos!$A$2:$A$23, Procesos!D$2:D$23="Molido"), 0)), Mezclado!G6/(1-Formula!$B$17),0)} -> 640.52706 | F6: {=IF(ISNUMBER(MATCH(Mezclado!$A6, _xlfn._xlws.FILTER(Procesos!$A$2:$A$23, Procesos!E$2:E$23="Molido"), 0)), Mezclado!H6/(1-Formula!$B$17),0)} -> 47.208024 | G6: {=IF(ISNUMBER(MATCH(Mezclado!$A6, _xlfn._xlws.FILTER(Procesos!$A$2:$A$23, Procesos!F$2:F$23="Molido"), 0)), Mezclado!I6/(1-Formula!$B$17),0)} -> 0 | H6: {=IF(ISNUMBER(MATCH(Mezclado!$A6, _xlfn._xlws.FILTER(Procesos!$A$2:$A$23, Procesos!H$2:H$23="Molido"), 0)), Mezclado!K6/(1-Formula!$B$17),0)} -> 0 | I6: {=IF(ISNUMBER(MATCH(Mezclado!$A6, _xlfn._xlws.FILTER(Procesos!$A$2:$A$23, Procesos!I$2:I$23="Molido"), 0)), Mezclado!L6/(1-Formula!$B$17),0)} -> 0 | J6: {=IF(ISNUMBER(MATCH(Mezclado!$A6, _xlfn._xlws.FILTER(Procesos!$A$2:$A$23, Procesos!K$2:K$23="Molido"), 0)), Mezclado!N6/(1-Formula!$B$17),0)} -> 0 | K6: {=IF(ISNUMBER(MATCH(Mezclado!$A6, _xlfn._xlws.FILTER(Procesos!$A$2:$A$23, Procesos!M$2:M$23="Molido"), 0)), Mezclado!P6/(1-Formula!$B$17),0)} -> 0 | L6: 0
A7: Marcabal | B7: 4061.92 | C7: 45671 | D7: {=IF(ISNUMBER(MATCH(Mezclado!$A7, _xlfn._xlws.FILTER(Procesos!$A$2:$A$23, Procesos!C$2:C$23="Molido"), 0)), Mezclado!F7/(1-Formula!$B$17),0)} -> 0 | E7: {=IF(ISNUMBER(MATCH(Mezclado!$A7, _xlfn._xlws.FILTER(Procesos!$A$2:$A$23, Procesos!D$2:D$23="Molido"), 0)), Mezclado!G7/(1-Formula!$B$17),0)} -> 0 | F7: {=IF(ISNUMBER(MATCH(Mezclado!$A7, _xlfn._xlws.FILTER(Procesos!$A$2:$A$23, Procesos!E$2:E$23="Molido"), 0)), Mezclado!H7/(1-Formula!$B$17),0)} -> 335.2364 | G7: {=IF(ISNUMBER(MATCH(Mezclado!$A7, _xlfn._xlws.FILTER(Procesos!$A$2:$A$23, Procesos!F$2:F$23="Molido"), 0)), Mezclado!I7/(1-Formula!$B$17),0)} -> 0 | H7: {=IF(ISNUMBER(MATCH(Mezclado!$A7, _xlfn._xlws.FILTER(Procesos!$A$2:$A$23, Procesos!H$2:H$23="Molido"), 0)), Mezclado!K7/(1-Formula!$B$17),0)} -> 0 | I7: {=IF(ISNUMBER(MATCH(Mezclado!$A7, _xlfn._xlws.FILTER(Procesos!$A$2:$A$23, Procesos!I$2:I$23="Molido"), 0)), Mezclado!L7/(1-Formula!$B$17),0)} -> 458.87556 | J7: {=IF(ISNUMBER(MATCH(Mezclado!$A7, _xlfn._xlws.FILTER(Procesos!$A$2:$A$23, Procesos!K$2:K$23="Molido"), 0)), Mezclado!N7/(1-Formula!$B$17),0)} -> 0 | K7: {=IF(ISNUMBER(MATCH(Mezclado!$A7, _xlfn._xlws.FILTER(Procesos!$A$2:$A$23, Procesos!M$2:M$23="Molido"), 0)), Mezclado!P7/(1-Formula!$B$17),0)} -> 7.8830341 | L7: 0
A8: Julcán | B8: 2588 | C8: 45673 | D8: {=IF(ISNUMBER(MATCH(Mezclado!$A8, _xlfn._xlws.FILTER(Procesos!$A$2:$A$23, Procesos!C$2:C$23="Molido"), 0)), Mezclado!F8/(1-Formula!$B$17),0)} -> 0 | E8: {=IF(ISNUMBER(MATCH(Mezclado!$A8, _xlfn._xlws.FILTER(Procesos!$A$2:$A$23, Procesos!D$2:D$23="Molido"), 0)), Mezclado!G8/(1-Formula!$B$17),0)} -> 0 | F8: {=IF(ISNUMBER(MATCH(Mezclado!$A8, _xlfn._xlws.FILTER(Procesos!$A$2:$A$23, Procesos!E$2:E$23="Molido"), 0)), Mezclado!H8/(1-Formula!$B$17),0)} -> 254.30083 | G8: {=IF(ISNUMBER(MATCH(Mezclado!$A8, _xlfn._xlws.FILTER(Procesos!$A$2:$A$23, Procesos!F$2:F$23="Molido"), 0)), Mezclado!I8/(1-Formula!$B$17),0)} -> 1704.2385 | H8: {=IF(ISNUMBER(MATCH(Mezclado!$A8, _xlfn._xlws.FILTER(Procesos!$A$2:$A$23, Procesos!H$2:H$23="Molido"), 0)), Mezclado!K8/(1-Formula!$B$17),0)} -> 0 | I8: {=IF(ISNUMBER(MATCH(Mezclado!$A8, _xlfn._xlws.FILTER(Procesos!$A$2:$A$23, Procesos!I$2:I$23="Molido"), 0)), Mezclado!L8/(1-Formula!$B$17),0)} -> 0 | J8: {=IF(ISNUMBER(MATCH(Mezclado!$A8, _xlfn._xlws.FILTER(Procesos!$A$2:$A$23, Procesos!K$2:K$23="Molido"), 0)), Mezclado!N8/(1-Formula!$B$17),0)} -> 0 | K8: {=IF(ISNUMBER(MATCH(Mezclado!$A8, _xlfn._xlws.FILTER(Procesos!$A$2:$A$23, Procesos!M$2:M$23="Molido"), 0)), Mezclado!P8/(1-Formula!$B$17),0)} -> 0 | L8: 0
A9: Olmos | B9: 5840 | C9: 45691 | D9: {=IF(ISNUMBER(MATCH(Mezclado!$A9, _xlfn._xlws.FILTER(Procesos!$A$2:$A$23, Procesos!C$2:C$23="Molido"), 0)), Mezclado!F9/(1-Formula!$B$17),0)} -> 0 | E9: {=IF(ISNUMBER(MATCH(Mezclado!$A9, _xlfn._xlws.FILTER(Procesos!$A$2:$A$23, Procesos!D$2:D$23="Molido"), 0)), Mezclado!G9/(1-Formula!$B$17),0)} -> 712.23877 | F9: {=IF(ISNUMBER(MATCH(Mezclado!$A9, _xlfn._xlws.FILTER(Procesos!$A$2:$A$23, Procesos!E$2:E$23="Molido"), 0)), Mezclado!H9/(1-Formula!$B$17),0)} -> 52.49331 | G9: {=IF(ISNUMBER(MATCH(Mezclado!$A9, _xlfn._xlws.FILTER(Procesos!$A$2:$A$23, Procesos!F$2:F$23="Molido"), 0)), Mezclado!I9/(1-Formula!$B$17),0)} -> 0 | H9: {=IF(ISNUMBER(MATCH(Mezclado!$A9, _xlfn._xlws.FILTER(Procesos!$A$2:$A$23, Procesos!H$2:H$23="Molido"), 0)), Mezclado!K9/(1-Formula!$B$17),0)} -> 0 | I9: {=IF(ISNUMBER(MATCH(Mezclado!$A9, _xlfn._xlws.FILTER(Procesos!$A$2:$A$23, Procesos!I$2:I$23="Molido"), 0)), Mezclado!L9/(1-Formula!$B$17),0)} -> 0 | J9: {=IF(ISNUMBER(MATCH(Mezclado!$A9, _xlfn._xlws.FILTER(Procesos!$A$2:$A$23, Procesos!K$2:K$23="Molido"), 0)), Mezclado!N9/(1-Formula!$B$17),0)} -> 0 | K9: {=IF(ISNUMBER(MATCH(Mezclado!$A9, _xlfn._xlws.FILTER(Procesos!$A$2:$A$23, Procesos!M$2:M$23="Molido"), 0)), Mezclado!P9/(1-Formula!$B$17),0)} -> 0 | L9: 0
A10: San Pedro de Lloc | B10: 4691 | C10: 45691 | D10: {=IF(ISNUMBER(MATCH(Mezclado!$A10, _xlfn._xlws.FILTER(Procesos!$A$2:$A$23, Procesos!C$2:C$23="Molido"), 0)), Mezclado!F10/(1-Formula!$B$17),0)} -> 0 | E10: {=IF(ISNUMBER(MATCH(Mezclado!$A10, _xlfn._xlws.FILTER(Procesos!$A$2:$A$23, Procesos!D$2:D$23="Molido"), 0)), Mezclado!G10/(1-Formula!$B$17),0)} -> 0 | F10: {=IF(ISNUMBER(MATCH(Mezclado!$A10, _xlfn._xlws.FILTER(Procesos!$A$2:$A$23, Procesos!E$2:E$23="Molido"), 0)), Mezclado!H10/(1-Formula!$B$17),0)} -> 74.268656 | G10: {=IF(ISNUMBER(MATCH(Mezclado!$A10, _xlfn._xlws.FILTER(Procesos!$A$2:$A$23, Procesos!F$2:F$23="Molido"), 0)), Mezclado!I10/(1-Formula!$B$17),0)} -> 558.2128 | H10: {=IF(ISNUMBER(MATCH(Mezclado!$A10, _xlfn._xlws.FILTER(Procesos!$A$2:$A$23, Procesos!H$2:H$23="Molido"), 0)), Mezclado!K10/(1-Formula!$B$17),0)} -> 0 | I10: {=IF(ISNUMBER(MATCH(Mezclado!$A10, _xlfn._xlws.FILTER(Procesos!$A$2:$A$23, Procesos!I$2:I$23="Molido"), 0)), Mezclado!L10/(1-Formula!$B$17),0)} -> 0 | J10: {=IF(ISNUMBER(MATCH(Mezclado!$A10, _xlfn._xlws.FILTER(Procesos!$A$2:$A$23, Procesos!K$2:K$23="Molido"), 0)), Mezclado!N10/(1-Formula!$B$17),0)} -> 0 | K10: {=IF(ISNUMBER(MATCH(Mezclado!$A10, _xlfn._xlws.FILTER(Procesos!$A$2:$A$23, Procesos!M$2:M$23="Molido"), 0)), Mezclado!P10/(1-Formula!$B$17),0)} -> 0 | L10: 18.686952
A11: Marcabal | B11: 4061.92 | C11: 45700 | D11: {=IF(ISNUMBER(MATCH(Mezclado!$A11, _xlfn._xlws.FILTER(Procesos!$A$2:$A$23, Procesos!C$2:C$23="Molido"), 0)), Mezclado!F11/(1-Formula!$B$17),0)} -> 0 | E11: {=IF(ISNUMBER(MATCH(Mezclado!$A11, _xlfn._xlws.FILTER(Procesos!$A$2:$A$23, Procesos!D$2:D$23="Molido"), 0)), Mezclado!G11/(1-Formula!$B$17),0)} -> 0 | F11: {=IF(ISNUMBER(MATCH(Mezclado!$A11, _xlfn._xlws.FILTER(Procesos!$A$2:$A$23, Procesos!E$2:E$23="Molido"), 0)), Mezclado!H11/(1-Formula!$B$17),0)} -> 335.2364 | G11: {=IF(ISNUMBER(MATCH(Mezclado!$A11, _xlfn._xlws.FILTER(Procesos!$A$2:$A$23, Procesos!F$2:F$23="Molido"), 0)), Mezclado!I11/(1-Formula!$B$17),0)} -> 0 | H11: {=IF(ISNUMBER(MATCH(Mezclado!$A11, _xlfn._xlws.FILTER(Procesos!$A$2:$A$23, Procesos!H$2:H$23="Molido"), 0)), Mezclado!K11/(1-Formula!$B$17),0)} -> 0 | I11: {=IF(ISNUMBER(MATCH(Mezclado!$A11, _xlfn._xlws.FILTER(Procesos!$A$2:$A$23, Procesos!I$2:I$23="Molido"), 0)), Mezclado!L11/(1-Formula!$B$17),0)} -> 458.87556 | J11: {=IF(ISNUMBER(MATCH(Mezclado!$A11, _xlfn._xlws.FILTER(Procesos!$A$2:$A$23, Procesos!K$2:K$23="Molido"), 0)), Mezclado!N11/(1-Formula!$B$17),0)} -> 0 | K11: {=IF(ISNUMBER(MATCH(Mezclado!$A11, _xlfn._xlws.FILTER(Procesos!$A$2:$A$23, Procesos!M$2:M$23="Molido"), 0)), Mezclado!P11/(1-Formula!$B$17),0)} -> 7.8830341 | L11: 0
A12: Julcán | B12: 2600 | C12: 45702 | D12: {=IF(ISNUMBER(MATCH(Mezclado!$A12, _xlfn._xlws.FILTER(Procesos!$A$2:$A$23, Procesos!C$2:C$23="Molido"), 0)), Mezclado!F12/(1-Formula!$B$17),0)} -> 0 | E12: {=IF(ISNUMBER(MATCH(Mezclado!$A12, _xlfn._xlws.FILTER(Procesos!$A$2:$A$23, Procesos!D$2:D$23="Molido"), 0)), Mezclado!G12/(1-Formula!$B$17),0)} -> 0 | F12: {=IF(ISNUMBER(MATCH(Mezclado!$A12, _xlfn._xlws.FILTER(Procesos!$A$2:$A$23, Procesos!E$2:E$23="Molido"), 0)), Mezclado!H12/(1-Formula!$B$17),0)} -> 255.47997 | G12: {=IF(ISNUMBER(MATCH(Mezclado!$A12, _xlfn._xlws.FILTER(Procesos!$A$2:$A$23, Procesos!F$2:F$23="Molido"), 0)), Mezclado!I12/(1-Formula!$B$17),0)} -> 1712.1407 | H12: {=IF(ISNUMBER(MATCH(Mezclado!$A12, _xlfn._xlws.FILTER(Procesos!$A$2:$A$23, Procesos!H$2:H$23="Molido"), 0)), Mezclado!K12/(1-Formula!$B$17),0)} -> 0 | I12: {=IF(ISNUMBER(MATCH(Mezclado!$A12, _xlfn._xlws.FILTER(Procesos!$A$2:$A$23, Procesos!I$2:I$23="Molido"), 0)), Mezclado!L12/(1-Formula!$B$17),0)} -> 0 | J12: {=IF(ISNUMBER(MATCH(Mezclado!$A12, _xlfn._xlws.FILTER(Procesos!$A$2:$A$23, Procesos!K$2:K$23="Molido"), 0)), Mezclado!N12/(1-Formula!$B$17),0)} -> 0 | K12: {=IF(ISNUMBER(MATCH(Mezclado!$A12, _xlfn._xlws.FILTER(Procesos!$A$2:$A$23, Procesos!M$2:M$23="Molido"), 0)), Mezclado!P12/(1-Formula!$B$17),0)} -> 0 | L12: 0
A13: Viru | B13: 3108 | C13: 45702 | D13: {=IF(ISNUMBER(MATCH(Mezclado!$A13, _xlfn._xlws.FILTER(Procesos!$A$2:$A$23, Procesos!C$2:C$23="Molido"), 0)), Mezclado!F13/(1-Formula!$B$17),0)} -> 0 | E13: {=IF(ISNUMBER(MATCH(Mezclado!$A13, _xlfn._xlws.FILTER(Procesos!$A$2:$A$23, Procesos!D$2:D$23="Molido"), 0)), Mezclado!G13/(1-Formula!$B$17),0)} -> 0 | F13: {=IF(ISNUMBER(MATCH(Mezclado!$A13, _xlfn._xlws.FILTER(Procesos!$A$2:$A$23, Procesos!E$2:E$23="Molido"), 0)), Mezclado!H13/(1-Formula!$B$17),0)} -> 0 | G13: {=IF(ISNUMBER(MATCH(Mezclado!$A13, _xlfn._xlws.FILTER(Procesos!$A$2:$A$23, Procesos!F$2:F$23="Molido"), 0)), Mezclado!I13/(1-Formula!$B$17),0)} -> 323.80952 | H13: {=IF(ISNUMBER(MATCH(Mezclado!$A13, _xlfn._xlws.FILTER(Procesos!$A$2:$A$23, Procesos!H$2:H$23="Molido"), 0)), Mezclado!K13/(1-Formula!$B$17),0)} -> 0 | I13: {=IF(ISNUMBER(MATCH(Mezclado!$A13, _xlfn._xlws.FILTER(Procesos!$A$2:$A$23, Procesos!I$2:I$23="Molido"), 0)), Mezclado!L13/(1-Formula!$B$17),0)} -> 0 | J13: {=IF(ISNUMBER(MATCH(Mezclado!$A13, _xlfn._xlws.FILTER(Procesos!$A$2:$A$23, Procesos!K$2:K$23="Molido"), 0)), Mezclado!N13/(1-Formula!$B$17),0)} -> 0 | K13: {=IF(ISNUMBER(MATCH(Mezclado!$A13, _xlfn._xlws.FILTER(Procesos!$A$2:$A$23, Procesos!M$2:M$23="Molido"), 0)), Mezclado!P13/(1-Formula!$B$17),0)} -> 0 | L13: 0
A14: Olmos | B14: 5611 | C14: 45717 | D14: {=IF(ISNUMBER(MATCH(Mezclado!$A14, _xlfn._xlws.FILTER(Procesos!$A$2:$A$23, Procesos!C$2:C$23="Molido"), 0)), Mezclado!F14/(1-Formula!$B$17),0)} -> 0 | E14: {=IF(ISNUMBER(MATCH(Mezclado!$A14, _xlfn._xlws.FILTER(Procesos!$A$2:$A$23, Procesos!D$2:D$23="Molido"), 0)), Mezclado!G14/(1-Formula!$B$17),0)} -> 684.31023 | F14: {=IF(ISNUMBER(MATCH(Mezclado!$A14, _xlfn._xlws.FILTER(Procesos!$A$2:$A$23, Procesos!E$2:E$23="Molido"), 0)), Mezclado!H14/(1-Formula!$B$17),0)} -> 50.434925 | G14: {=IF(ISNUMBER(MATCH(Mezclado!$A14, _xlfn._xlws.FILTER(Procesos!$A$2:$A$23, Procesos!F$2:F$23="Molido"), 0)), Mezclado!I14/(1-Formula!$B$17),0)} -> 0 | H14: {=IF(ISNUMBER(MATCH(Mezclado!$A14, _xlfn._xlws.FILTER(Procesos!$A$2:$A$23, Procesos!H$2:H$23="Molido"), 0)), Mezclado!K14/(1-Formula!$B$17),0)} -> 0 | I14: {=IF(ISNUMBER(MATCH(Mezclado!$A14, _xlfn._xlws.FILTER(Procesos!$A$2:$A$23, Procesos!I$2:I$23="Molido"), 0)), Mezclado!L14/(1-Formula!$B$17),0)} -> 0 | J14: {=IF(ISNUMBER(MATCH(Mezclado!$A14, _xlfn._xlws.FILTER(Procesos!$A$2:$A$23, Procesos!K$2:K$23="Molido"), 0)), Mezclado!N14/(1-Formula!$B$17),0)} -> 0 | K14: {=IF(ISNUMBER(MATCH(Mezclado!$A14, _xlfn._xlws.FILTER(Procesos!$A$2:$A$23, Procesos!M$2:M$23="Molido"), 0)), Mezclado!P14/(1-Formula!$B$17),0)} -> 0 | L14: 0
... A74: Olmos | B74: 5840 | C74: 45962 | D74: {=IF(ISNUMBER(MATCH(Mezclado!$A74, _xlfn._xlws.FILTER(Procesos!$A$2:$A$23, Procesos!C$2:C$23="Molido"), 0)), Mezclado!F74/(1-Formula!$B$17),0)} -> 0 | E74: {=IF(ISNUMBER(MATCH(Mezclado!$A74, _xlfn._xlws.FILTER(Procesos!$A$2:$A$23, Procesos!D$2:D$23="Molido"), 0)), Mezclado!G74/(1-Formula!$B$17),0)} -> 712.23877 | F74: {=IF(ISNUMBER(MATCH(Mezclado!$A74, _xlfn._xlws.FILTER(Procesos!$A$2:$A$23, Procesos!E$2:E$23="Molido"), 0)), Mezclado!H74/(1-Formula!$B$17),0)} -> 52.49331 | G74: {=IF(ISNUMBER(MATCH(Mezclado!$A74, _xlfn._xlws.FILTER(Procesos!$A$2:$A$23, Procesos!F$2:F$23="Molido"), 0)), Mezclado!I74/(1-Formula!$B$17),0)} -> 0 | H74: {=IF(ISNUMBER(MATCH(Mezclado!$A74, _xlfn._xlws.FILTER(Procesos!$A$2:$A$23, Procesos!H$2:H$23="Molido"), 0)), Mezclado!K74/(1-Formula!$B$17),0)} -> 0 | I74: {=IF(ISNUMBER(MATCH(Mezclado!$A74, _xlfn._xlws.FILTER(Procesos!$A$2:$A$23, Procesos!I$2:I$23="Molido"), 0)), Mezclado!L74/(1-Formula!$B$17),0)} -> 0 | J74: {=IF(ISNUMBER(MATCH(Mezclado!$A74, _xlfn._xlws.FILTER(Procesos!$A$2:$A$23, Procesos!K$2:K$23="Molido"), 0)), Mezclado!N74/(1-Formula!$B$17),0)} -> 0 | K74: {=IF(ISNUMBER(MATCH(Mezclado!$A74, _xlfn._xlws.FILTER(Procesos!$A$2:$A$23, Procesos!M$2:M$23="Molido"), 0)), Mezclado!P74/(1-Formula!$B$17),0)} -> 0 | L74: 0

Sheet Tostado
A1: Municipalidad | B1: Cantidad (Kg) | C1: Fecha | D1: Quinua | E1: Kiwicha | F1: Soya | G1: Cebada | H1: Maiz Chufla | I1: Cañihua | J1: Pallar seco | K1: Garbanzo
A2: {=Mezclado!A2:C74} -> San Jose | B2: 3347 | C2: 45630 | D2: =SUM(Laminado!E2+Molido!D2)/(1-Formula!$B$16) -> 852.92605 | E2: =SUM(Laminado!F2+Molido!E2)/(1-Formula!$B$16) -> 1279.3891 | F2: {=Molido!F2:F74/(1-Formula!$B$16)} -> 72.251401 | G2: {=_xlfn.ANCHORARRAY(Limpieza!D3)/(1-Formula!$B$16)} -> 0 | H2: {=Molido!I2:L74/(1-Formula!$B$16)} -> 0 | I2: 0 | J2: 0 | K2: 0
A3: Pataz - Tayabamba | B3: 9286 | C3: 45642 | D3: =SUM(Laminado!E3+Molido!D3)/(1-Formula!$B$16) -> 2607.8848 | E3: =SUM(Laminado!F3+Molido!E3)/(1-Formula!$B$16) -> 2761.4048 | F3: 766.62229 | G3: 0 | H3: 0 | I3: 1380.7024 | J3: 0 | K3: 0
A4: Viru | B4: 2810 | C4: 45653 | D4: =SUM(Laminado!E4+Molido!D4)/(1-Formula!$B$16) -> 652.67472 | E4: =SUM(Laminado!F4+Molido!E4)/(1-Formula!$B$16) -> 1305.3494 | F4: 0 | G4: 0 | H4: 0 | I4: 0 | J4: 0 | K4: 0
A5: Julcán | B5: 2588 | C5: 45656 | D5: =SUM(Laminado!E5+Molido!D5)/(1-Formula!$B$16) -> 431.54633 | E5: =SUM(Laminado!F5+Molido!E5)/(1-Formula!$B$16) -> 0 | F5: 262.16581 | G5: 0 | H5: 0 | I5: 0 | J5: 0 | K5: 0
A6: Olmos | B6: 5252 | C6: 45665 | D6: =SUM(Laminado!E6+Molido!D6)/(1-Formula!$B$16) -> 1623.2378 | E6: =SUM(Laminado!F6+Molido!E6)/(1-Formula!$B$16) -> 660.33717 | F6: 48.668066 | G6: 0 | H6: 0 | I6: 0 | J6: 0 | K6: 0
A7: Marcabal | B7: 4061.92 | C7: 45671 | D7: =SUM(Laminado!E7+Molido!D7)/(1-Formula!$B$16) -> 0 | E7: =SUM(Laminado!F7+Molido!E7)/(1-Formula!$B$16) -> 2448.1937 | F7: 345.60453 | G7: 0 | H7: 473.06759 | I7: 0 | J7: 8.1268392 | K7: 0
A8: Julcán | B8: 2588 | C8: 45673 | D8: =SUM(Laminado!E8+Molido!D8)/(1-Formula!$B$16) -> 431.54633 | E8: =SUM(Laminado!F8+Molido!E8)/(1-Formula!$B$16) -> 0 | F8: 262.16581 | G8: 0 | H8: 0 | I8: 0 | J8: 0 | K8: 0
A9: Olmos | B9: 5840 | C9: 45691 | D9: 0 | E9: 0 | F9: 54.116814 | G9: 0 | H9: 0 | I9: 0 | J9: 0 | K9: 0
A10: San Pedro de Lloc | B10: 4691 | C10: 45691 | D10: 0 | E10: 0 | F10: 76.565625 | G10: 0 | H10: 0 | I10: 0 | J10: 0 | K10: 19.264899
A11: Marcabal | B11: 4061.92 | C11: 45700 | D11: =SUM(Laminado!E11+Molido!D11)/(1-Formula!$B$16) -> 0 | E11: =SUM(Laminado!F11+Molido!E11)/(1-Formula!$B$16) -> 2448.1937 | F11: 345.60453 | G11: 0 | H11: 473.06759 | I11: 0 | J11: 8.1268392 | K11: 0
A12: Julcán | B12: 2600 | C12: 45702 | D12: =SUM(Laminado!E12+Molido!D12)/(1-Formula!$B$16) -> 433.54732 | E12: =SUM(Laminado!F12+Molido!E12)/(1-Formula!$B$16) -> 0 | F12: 263.38141 | G12: 0 | H12: 0 | I12: 0 | J12: 0 | K12: 0
A13: Viru | B13: 3108 | C13: 45702 | D13: =SUM(Laminado!E13+Molido!D13)/(1-Formula!$B$16) -> 721.89076 | E13: =SUM(Laminado!F13+Molido!E13)/(1-Formula!$B$16) -> 1443.7815 | F13: 0 | G13: 0 | H13: 0 | I13: 0 | J13: 0 | K13: 0
A14: Olmos | B14: 5611 | C14: 45717 | D14: 0 | E14: 0 | F14: 51.994768 | G14: 0 | H14: 0 | I14: 0 | J14: 0 | K14: 0
A15: Chongoyape | B15: 2626 | C15: 45727 | D15: =SUM(Laminado!E15+Molido!D15)/(1-Formula!$B$16) -> 426.46686 | E15: =SUM(Laminado!F15+Molido!E15)/(1-Formula!$B$16) -> 1409.7148 | F15: 141.02678 | G15: 0 | H15: 0 | I15: 0 | J15: 0 | K15: 0
A16: Marcabal | B16: 4061.92 | C16: 45728 | D16: =SUM(Laminado!E16+Molido!D16)/(1-Formula!$B$16) -> 0 | E16: =SUM(Laminado!F16+Molido!E16)/(1-Formula!$B$16) -> 2448.1937 | F16: 345.60453 | G16: 0 | H16: 473.06759 | I16: 0 | J16: 8.1268392 | K16: 0
A17: Julcán | B17: 2588 | C17: 45733 | D17: =SUM(Laminado!E17+Molido!D17)/(1-Formula!$B$16) -> 431.54633 | E17: =SUM(Laminado!F17+Molido!E17)/(1-Formula!$B$16) -> 0 | F17: 262.16581 | G17: 0 | H17: 0 | I17: 0 | J17: 0 | K17: 0
A18: San Jose | B18: 4570 | C18: 45733 | D18: =SUM(Laminado!E18+Molido!D18)/(1-Formula!$B$16) -> 1164.5868 | E18: =SUM(Laminado!F18+Molido!E18)/(1-Formula!$B$16) -> 1746.8802 | F18: 98.652197 | G18: 0 | H18: 0 | I18: 0 | J18: 0 | K18: 0
A19: San Pedro de Lloc | B19: 4742 | C19: 45733 | D19: =SUM(Laminado!E19+Molido!D19)/(1-Formula!$B$16) -> 762.2556 | E19: =SUM(Laminado!F19+Molido!E19)/(1-Formula!$B$16) -> 2858.0904 | F19: 77.398038 | G19: 0 | H19: 0 | I19: 0 | J19: 0 | K19: 19.474345
A20: Viru | B20: 3006 | C20: 45733 | D20: =SUM(Laminado!E20+Molido!D20)/(1-Formula!$B$16) -> 698.19936 | E20: =SUM(Laminado!F20+Molido!E20)/(1-Formula!$B$16) -> 1396.3987 | F20: 0 | G20: 0 | H20: 0 | I20: 0 | J20: 0 | K20: 0
A21: Pataz - Tayabamba | B21: 9268 | C21: 45739 | D21: =SUM(Laminado!E21+Molido!D21)/(1-Formula!$B$16) -> 2602.8296 | E21: =SUM(Laminado!F21+Molido!E21)/(1-Formula!$B$16) -> 2756.0521 | F21: 765.13627 | G21: 0 | H21: 0 | I21: 1378.026 | J21: 0 | K21: 0
A22: Chiclayo | B22: 30058 | C22: 45751 | D22: 0 | E22: =SUM(Laminado!F22+Molido!E22)/(1-Formula!$B$16) -> 0 | F22: 0 | G22: 8962.4735 | H22: 0 | I22: 0 | J22: 0 | K22: 0
A23: Olmos | B23: 5840 | C23: 45751 | D23: 0 | E23: 0 | F23: 54.116814 | G23: 0 | H23: 0 | I23: 0 | J23: 0 | K23: 0
A24: Marcabal | B24: 4061.92 | C24: 45756 | D24: =SUM(Laminado!E24+Molido!D24)/(1-Formula!$B$16) -> 0 | E24: 0 | F24: 345.60453 | G24: 0 | H24: 473.06759 | I24: 0 | J24: 8.1268392 | K24: 0
A25: Cajamarca | B25: 10671.72 | C25: 45763 | D25: =SUM(Laminado!E25+Molido!D25)/(1-Formula!$B$16) -> 2071.1107 | E25: =SUM(Laminado!F25+Molido!E25)/(1-Formula!$B$16) -> 4142.2214 | F25: 421.40763 | G25: 0 | H25: 0 | I25: 0 | J25: 0 | K25: 0
A26: Cajamarca | B26: 11433.6 | C26: 45763 | D26: =SUM(Laminado!E26+Molido!D26)/(1-Formula!$B$16) -> 2218.9723 | E26: =SUM(Laminado!F26+Molido!E26)/(1-Formula!$B$16) -> 4437.9447 | F26: 451.49294 | G26: 0 | H26: 0 | I26: 0 | J26: 0 | K26: 0
A27: Cajamarca | B27: 23470.72 | C27: 45763 | D27: =SUM(Laminado!E27+Molido!D27)/(1-Formula!$B$16) -> 4555.0726 | E27: =SUM(Laminado!F27+Molido!E27)/(1-Formula!$B$16) -> 9110.1452 | F27: 926.81783 | G27: 0 | H27: 0 | I27: 0 | J27: 0 | K27: 0
A28: Julcán | B28: 2588 | C28: 45763 | D28: =SUM(Laminado!E28+Molido!D28)/(1-Formula!$B$16) -> 431.54633 | E28: =SUM(Laminado!F28+Molido!E28)/(1-Formula!$B$16) -> 0 | F28: 262.16581 | G28: 0 | H28: 0 | I28: 0 | J28: 0 | K28: 0
A29: Viru | B29: 3104 | C29: 45763 | D29: =SUM(Laminado!E29+Molido!D29)/(1-Formula!$B$16) -> 720.96168 | E29: =SUM(Laminado!F29+Molido!E29)/(1-Formula!$B$16) -> 1441.9234 | F29: 0 | G29: 0 | H29: 0 | I29: 0 | J29: 0 | K29: 0
A30: Chongoyape | B30: 1771 | C30: 45764 | D30: =SUM(Laminado!E30+Molido!D30)/(1-Formula!$B$16) -> 287.61341 | E30: =SUM(Laminado!F30+Molido!E30)/(1-Formula!$B$16) -> 950.72539 | F30: 95.109837 | G30: 0 | H30: 0 | I30: 0 | J30: 0 | K30: 0
A31: Olmos | B31: 5611 | C31: 45779 | D31: 0 | E31: 0 | F31: 51.994768 | G31: 0 | H31: 0 | I31: 0 | J31: 0 | K31: 0
A32: Cajamarca | B32: 11448 | C32: 45782 | D32: 0 | E32: 0 | F32: 452.06157 | G32: 0 | H32: 0 | I32: 0 | J32: 0 | K32: 0
A33: Cajamarca | B33: 11829.6 | C33: 45782 | D33: 0 | E33: 0 | F33: 467.13029 | G33: 0 | H33: 0 | I33: 0 | J33: 0 | K33: 0
A34: Marcabal | B34: 4061.92 | C34: 45786 | D34: =SUM(Laminado!E34+Molido!D34)/(1-Formula!$B$16) -> 0 | E34: 0 | F34: 345.60453 | G34: 0 | H34: 473.06759 | I34: 0 | J34: 8.1268392 | K34: 0
A35: Chongoyape | B35: 1771 | C35: 45793 | D35: =SUM(Laminado!E35+Molido!D35)/(1-Formula!$B$16) -> 287.61341 | E35: =SUM(Laminado!F35+Molido!E35)/(1-Formula!$B$16) -> 950.72539 | F35: 95.109837 | G35: 0 | H35: 0 | I35: 0 | J35: 0 | K35: 0
A36: Viru | B36: 3006 | C36: 45793 | D36: =SUM(Laminado!E36+Molido!D36)/(1-Formula!$B$16) -> 698.19936 | E36: =SUM(Laminado!F36+Molido!E36)/(1-Formula!$B$16) -> 1396.3987 | F36: 0 | G36: 0 | H36: 0 | I36: 0 | J36: 0 | K36: 0
A37: Julcán | B37: 2588 | C37: 45796 | D37: =SUM(Laminado!E37+Molido!D37)/(1-Formula!$B$16) -> 431.54633 | E37: =SUM(Laminado!F37+Molido!E37)/(1-Formula!$B$16) -> 0 | F37: 262.16581 | G37: 0 | H37: 0 | I37: 0 | J37: 0 | K37: 0
A38: Cajatambo | B38: 2686 | C38: 45800 | D38: =SUM(Laminado!E38+Molido!D38)/(1-Formula!$B$16) -> 834.05537 | E38: =SUM(Laminado!F38+Molido!E38)/(1-Formula!$B$16) -> 0 | F38: 0 | G38: 0 | H38: 0 | I38: 0 | J38: 0 | K38: 0
A39: Olmos | B39: 5840 | C39: 45810 | D39: 0 | E39: 0 | F39: 54.116814 | G39: 0 | H39: 0 | I39: 0 | J39: 0 | K39: 0
A40: Marcabal | B40: 4061.92 | C40: 45817 | D40: =SUM(Laminado!E40+Molido!D40)/(1-Formula!$B$16) -> 0 | E40: 0 | F40: 345.60453 | G40: 0 | H40: 473.06759 | I40: 0 | J40: 8.1268392 | K40: 0
A41: Viru | B41: 3104 | C41: 45821 | D41: =SUM(Laminado!E41+Molido!D41)/(1-Formula!$B$16) -> 720.96168 | E41: =SUM(Laminado!F41+Molido!E41)/(1-Formula!$B$16) -> 1441.9234 | F41: 0 | G41: 0 | H41: 0 | I41: 0 | J41: 0 | K41: 0
A42: Chiclayo | B42: 12216 | C42: 45824 | D42: =SUM(Laminado!E42+Molido!D42)/(1-Formula!$B$16) -> 4962.9089 | E42: =SUM(Laminado!F42+Molido!E42)/(1-Formula!$B$16) -> 0 | F42: 0 | G42: 3642.4771 | H42: 0 | I42: 0 | J42: 0 | K42: 0
A43: Julcán | B43: 2588 | C43: 45824 | D43: =SUM(Laminado!E43+Molido!D43)/(1-Formula!$B$16) -> 431.54633 | E43: =SUM(Laminado!F43+Molido!E43)/(1-Formula!$B$16) -> 0 | F43: 262.16581 | G43: 0 | H43: 0 | I43: 0 | J43: 0 | K43: 0
A44: San Jose | B44: 3420 | C44: 45824 | D44: =SUM(Laminado!E44+Molido!D44)/(1-Formula!$B$16) -> 871.52886 | E44: =SUM(Laminado!F44+Molido!E44)/(1-Formula!$B$16) -> 1307.2933 | F44: 73.827246 | G44: 0 | H44: 0 | I44: 0 | J44: 0 | K44: 0
A45: San Pedro de Lloc | B45: 4846 | C45: 45824 | D45: =SUM(Laminado!E45+Molido!D45)/(1-Formula!$B$16) -> 778.97314 | E45: =SUM(Laminado!F45+Molido!E45)/(1-Formula!$B$16) -> 2920.7731 | F45: 79.095506 | G45: 0 | H45: 0 | I45: 0 | J45: 0 | K45: 19.90145
A46: Chongoyape | B46: 1771 | C46: 45825 | D46: =SUM(Laminado!E46+Molido!D46)/(1-Formula!$B$16) -> 287.61341 | E46: =SUM(Laminado!F46+Molido!E46)/(1-Formula!$B$16) -> 950.72539 | F46: 95.109837 | G46: 0 | H46: 0 | I46: 0 | J46: 0 | K46: 0
A47: Pataz - Tayabamba | B47: 9268 | C47: 45828 | D47: =SUM(Laminado!E47+Molido!D47)/(1-Formula!$B$16) -> 2602.8296 | E47: =SUM(Laminado!F47+Molido!E47)/(1-Formula!$B$16) -> 2756.0521 | F47: 765.13627 | G47: 0 | H47: 0 | I47: 1378.026 | J47: 0 | K47: 0
A48: Cajamarca | B48: 23485.6 | C48: 45841 | D48: 0 | E48: 0 | F48: 927.40542 | G48: 0 | H48: 0 | I48: 0 | J48: 0 | K48: 0
A49: Olmos | B49: 5840 | C49: 45842 | D49: 0 | E49: 0 | F49: 54.116814 | G49: 0 | H49: 0 | I49: 0 | J49: 0 | K49: 0
A50: Cajatambo | B50: 1707 | C50: 45845 | D50: =SUM(Laminado!E50+Molido!D50)/(1-Formula!$B$16) -> 530.05678 | E50: =SUM(Laminado!F50+Molido!E50)/(1-Formula!$B$16) -> 0 | F50: 0 | G50: 0 | H50: 0 | I50: 0 | J50: 0 | K50: 0
A51: Marcabal | B51: 4061.92 | C51: 45846 | D51: =SUM(Laminado!E51+Molido!D51)/(1-Formula!$B$16) -> 0 | E51: =SUM(Laminado!F51+Molido!E51)/(1-Formula!$B$16) -> 2448.1937 | F51: 345.60453 | G51: 0 | H51: 473.06759 | I51: 0 | J51: 8.1268392 | K51: 0
A52: Julcán | B52: 2588 | C52: 45849 | D52: =SUM(Laminado!E52+Molido!D52)/(1-Formula!$B$16) -> 431.54633 | E52: =SUM(Laminado!F52+Molido!E52)/(1-Formula!$B$16) -> 0 | F52: 262.16581 | G52: 0 | H52: 0 | I52: 0 | J52: 0 | K52: 0
A53: Chongoyape | B53: 1771 | C53: 45852 | D53: =SUM(Laminado!E53+Molido!D53)/(1-Formula!$B$16) -> 287.61341 | E53: =SUM(Laminado!F53+Molido!E53)/(1-Formula!$B$16) -> 950.72539 | F53: 95.109837 | G53: 0 | H53: 0 | I53: 0 | J53: 0 | K53: 0
A54: Viru | B54: 3104 | C54: 45852 | D54: =SUM(Laminado!E54+Molido!D54)/(1-Formula!$B$16) -> 720.96168 | E54: =SUM(Laminado!F54+Molido!E54)/(1-Formula!$B$16) -> 1441.9234 | F54: 0 | G54: 0 | H54: 0 | I54: 0 | J54: 0 | K54: 0
A55: Chiclayo | B55: 12220 | C55: 45853 | D55: =SUM(Laminado!E55+Molido!D55)/(1-Formula!$B$16) -> 4964.534 | E55: =SUM(Laminado!F55+Molido!E55)/(1-Formula!$B$16) -> 0 | F55: 0 | G55: 3643.6698 | H55: 0 | I55: 0 | J55: 0 | K55: 0
A56: Olmos | B56: 5619 | C56: 45870 | D56: =SUM(Laminado!E56+Molido!D56)/(1-Formula!$B$16) -> 1736.6666 | E56: =SUM(Laminado!F56+Molido!E56)/(1-Formula!$B$16) -> 706.48031 | F56: 52.0689 | G56: 0 | H56: 0 | I56: 0 | J56: 0 | K56: 0
A57: Marcabal | B57: 4061.92 | C57: 45876 | D57: =SUM(Laminado!E57+Molido!D57)/(1-Formula!$B$16) -> 0 | E57: =SUM(Laminado!F57+Molido!E57)/(1-Formula!$B$16) -> 2448.1937 | F57: 345.60453 | G57: 0 | H57: 473.06759 | I57: 0 | J57: 8.1268392 | K57: 0
A58: Julcán | B58: 2588 | C58: 45880 | D58: =SUM(Laminado!E58+Molido!D58)/(1-Formula!$B$16) -> 431.54633 | E58: =SUM(Laminado!F58+Molido!E58)/(1-Formula!$B$16) -> 0 | F58: 262.16581 | G58: 0 | H58: 0 | I58: 0 | J58: 0 | K58: 0
A59: Chongoyape | B59: 1771 | C59: 45881 | D59: =SUM(Laminado!E59+Molido!D59)/(1-Formula!$B$16) -> 287.61341 | E59: =SUM(Laminado!F59+Molido!E59)/(1-Formula!$B$16) -> 950.72539 | F59: 95.109837 | G59: 0 | H59: 0 | I59: 0 | J59: 0 | K59: 0
A60: Viru | B60: 3006 | C60: 45887 | D60: =SUM(Laminado!E60+Molido!D60)/(1-Formula!$B$16) -> 698.19936 | E60: =SUM(Laminado!F60+Molido!E60)/(1-Formula!$B$16) -> 1396.3987 | F60: 0 | G60: 0 | H60: 0 | I60: 0 | J60: 0 | K60: 0
A61: Chiclayo | B61: 11825 | C61: 45887 | D61: =SUM(Laminado!E61+Molido!D61)/(1-Formula!$B$16) -> 4804.0601 | E61: =SUM(Laminado!F61+Molido!E61)/(1-Formula!$B$16) -> 0 | F61: 0 | G61: 3525.8916 | H61: 0 | I61: 0 | J61: 0 | K61: 0
A62: Cajamarca | B62: 11448 | C62: 45902 | D62: 0 | E62: 0 | F62: 452.06157 | G62: 0 | H62: 0 | I62: 0 | J62: 0 | K62: 0
A63: Cajamarca | B63: 11829.6 | C63: 45902 | D63: 0 | E63: 0 | F63: 467.13029 | G63: 0 | H63: 0 | I63: 0 | J63: 0 | K63: 0
A64: Marcabal | B64: 4061.92 | C64: 45908 | D64: =SUM(Laminado!E64+Molido!D64)/(1-Formula!$B$16) -> 0 | E64: 0 | F64: 345.60453 | G64: 0 | H64: 473.06759 | I64: 0 | J64: 8.1268392 | K64: 0
A65: Viru | B65: 3104 | C65: 45913 | D65: =SUM(Laminado!E65+Molido!D65)/(1-Formula!$B$16) -> 720.96168 | E65: =SUM(Laminado!F65+Molido!E65)/(1-Formula!$B$16) -> 1441.9234 | F65: 0 | G65: 0 | H65: 0 | I65: 0 | J65: 0 | K65: 0
A66: Chongoyape | B66: 5209 | C66: 45915 | D66: =SUM(Laminado!E66+Molido!D66)/(1-Formula!$B$16) -> 845.95044 | E66: =SUM(Laminado!F66+Molido!E66)/(1-Formula!$B$16) -> 2796.3459 | F66: 279.74429 | G66: 0 | H66: 0 | I66: 0 | J66: 0 | K66: 0
A67: Chiclayo | B67: 12220 | C67: 45916 | D67: =SUM(Laminado!E67+Molido!D67)/(1-Formula!$B$16) -> 4964.534 | E67: =SUM(Laminado!F67+Molido!E67)/(1-Formula!$B$16) -> 0 | F67: 0 | G67: 3643.6698 | H67: 0 | I67: 0 | J67: 0 | K67: 0
A68: Julcán | B68: 2588 | C68: 45916 | D68: =SUM(Laminado!E68+Molido!D68)/(1-Formula!$B$16) -> 431.54633 | E68: =SUM(Laminado!F68+Molido!E68)/(1-Formula!$B$16) -> 0 | F68: 262.16581 | G68: 0 | H68: 0 | I68: 0 | J68: 0 | K68: 0
A69: Pataz - Tayabamba | B69: 9268 | C69: 45916 | D69: =SUM(Laminado!E69+Molido!D69)/(1-Formula!$B$16) -> 2602.8296 | E69: =SUM(Laminado!F69+Molido!E69)/(1-Formula!$B$16) -> 2756.0521 | F69: 765.13627 | G69: 0 | H69: 0 | I69: 1378.026 | J69: 0 | K69: 0
A70: San Jose | B70: 3420 | C70: 45917 | D70: =SUM(Laminado!E70+Molido!D70)/(1-Formula!$B$16) -> 871.52886 | E70: =SUM(Laminado!F70+Molido!E70)/(1-Formula!$B$16) -> 1307.2933 | F70: 73.827246 | G70: 0 | H70: 0 | I70: 0 | J70: 0 | K70: 0
A71: Marcabal | B71: 4061.92 | C71: 45945 | D71: =SUM(Laminado!E71+Molido!D71)/(1-Formula!$B$16) -> 0 | E71: =SUM(Laminado!F71+Molido!E71)/(1-Formula!$B$16) -> 2448.1937 | F71: 345.60453 | G71: 0 | H71: 473.06759 | I71: 0 | J71: 8.1268392 | K71: 0
A72: Julcán | B72: 2588 | C72: 45946 | D72: =SUM(Laminado!E72+Molido!D72)/(1-Formula!$B$16) -> 431.54633 | E72: =SUM(Laminado!F72+Molido!E72)/(1-Formula!$B$16) -> 0 | F72: 262.16581 | G72: 0 | H72: 0 | I72: 0 | J72: 0 | K72: 0
A73: Chiclayo | B73: 11824 | C73: 45951 | D73: =SUM(Laminado!E73+Molido!D73)/(1-Formula!$B$16) -> 4803.6538 | E73: =SUM(Laminado!F73+Molido!E73)/(1-Formula!$B$16) -> 0 | F73: 0 | G73: 3525.5934 | H73: 0 | I73: 0 | J73: 0 | K73: 0
A74: Olmos | B74: 5840 | C74: 45962 | D74: 0 | E74: 0 | F74: 54.116814 | G74: 0 | H74: 0 | I74: 0 | J74: 0 | K74: 0
D76: =D38/200 -> 4.1702768
D78: =D76*30 -> 125.10831
D80: =D38-800 -> 34.055369
D81: =D80*0.97 -> 33.033708

Sheet Limpieza
A1: Municipalidad | B1: Cantidad (Kg) | C1: Fecha | D1: Chancado | E1: Pilado | F1: Despredado
D2: Cebada
A3: {=Mezclado!A2:C74} -> San Jose | B3: 3347 | C3: 45630 | D3: {=Molido!H2:H74/(1-0.003)} -> 0 | E3: {=Tostado!G2:G74/(1-0.28)} -> 0 | F3: {=_xlfn.ANCHORARRAY(E3)/(1-0.005)} -> 0
A4: Pataz - Tayabamba | B4: 9286 | C4: 45642 | D4: 0 | E4: 0 | F4: 0
A5: Viru | B5: 2810 | C5: 45653 | D5: 0 | E5: 0 | F5: 0
A6: Julcán | B6: 2588 | C6: 45656 | D6: 0 | E6: 0 | F6: 0
A7: Olmos | B7: 5252 | C7: 45665 | D7: 0 | E7: 0 | F7: 0
A8: Marcabal | B8: 4061.92 | C8: 45671 | D8: 0 | E8: 0 | F8: 0
A9: Julcán | B9: 2588 | C9: 45673 | D9: 0 | E9: 0 | F9: 0
A10: Olmos | B10: 5840 | C10: 45691 | D10: 0 | E10: 0 | F10: 0
A11: San Pedro de Lloc | B11: 4691 | C11: 45691 | D11: 0 | E11: 0 | F11: 0
A12: Marcabal | B12: 4061.92 | C12: 45700 | D12: 0 | E12: 0 | F12: 0
A13: Julcán | B13: 2600 | C13: 45702 | D13: 0 | E13: 0 | F13: 0
A14: Viru | B14: 3108 | C14: 45702 | D14: 0 | E14: 0 | F14: 0
A15: Olmos | B15: 5611 | C15: 45717 | D15: 0 | E15: 0 | F15: 0
... A75: Olmos | B75: 5840 | C75: 45962 | D75: 0 | E75: 0 | F75: 0
D81: =194*3 -> 582 | E81: =D81/800*60 -> 43.65
D82: =D43-D81 -> 2951.2028 | E82: =D82/800 -> 3.6890035 | F82: =E82-3 -> 0.68900348 | G82: =F82*60 -> 41.340209
D84: =551.2*0.997 -> 549.5464

Sheet Deshidratado
A1: Municipalidad | B1: Cantidad (Kg) | C1: Fecha | D1: Maca Deshidratada | E1: Maca
A2: {=Mezclado!A2:C74} -> San Jose | B2: 3347 | C2: 45630 | D2: {=IF(Molido!G2:G74>300, Molido!G2:G74, 0)} -> 701.52234 | E2: {=IF(Molido!G2:G74>300, 0, Molido!G2:G74/(1-Formula!$B$15))} -> 0
A3: Pataz - Tayabamba | B3: 9286 | C3: 45642 | D3: 0 | E3: 0
A4: Viru | B4: 2810 | C4: 45653 | D4: 0 | E4: 975.87383
A5: Julcán | B5: 2588 | C5: 45656 | D5: 1704.2385 | E5: 0
A6: Olmos | B6: 5252 | C6: 45665 | D6: 0 | E6: 0
A7: Marcabal | B7: 4061.92 | C7: 45671 | D7: 0 | E7: 0
A8: Julcán | B8: 2588 | C8: 45673 | D8: 1704.2385 | E8: 0
A9: Olmos | B9: 5840 | C9: 45691 | D9: 0 | E9: 0
A10: San Pedro de Lloc | B10: 4691 | C10: 45691 | D10: 558.2128 | E10: 0
A11: Marcabal | B11: 4061.92 | C11: 45700 | D11: 0 | E11: 0
A12: Julcán | B12: 2600 | C12: 45702 | D12: 1712.1407 | E12: 0
A13: Viru | B13: 3108 | C13: 45702 | D13: 323.80952 | E13: 0
A14: Olmos | B14: 5611 | C14: 45717 | D14: 0 | E14: 0
... A74: Olmos | B74: 5840 | C74: 45962 | D74: 0 | E74: 0
E78: =E35/40 -> 14.773106
E79: =E78-14 -> 0.77310644
E80: =E79*240 -> 185.54555

Sheet Materia Prima
A1: Municipalidad | B1: Cantidad (Kg) | C1: Fecha | D1: Avena | E1: Quinua Tostada | F1: Quinua Desaponificada | G1: Quinua | H1: Kiwicha Tostada | I1: Kiwicha | J1: Soya | K1: Maca Deshidratada | L1: Maca | M1: Azucar | N1: Cebada Tostada | O1: Cebada | P1: Maiz Chufla | Q1: Leche Polvo | R1: Cañihua | S1: Aceite Girasol | T1: Pallar seco | U1: Almidon maca | V1: Linaza | W1: Ajonjoli | X1: Proteina aislada soya | Y1: Frejol tarhui | Z1: Garbanzo | AA1: Fosfato Tricálcio | AB1: Mix vitaminico
A2: {=General!A2:A74} -> San Jose | B2: {=General!F2:G74} -> 3347 | C2: 45630 | D2: {=Laminado!D2:D74} -> 379.05669 | E2: 0 | F2: {=Tostado!D2:D51} -> 852.92605 | G2: 0 | H2: 0 | I2: {=Tostado!E2:F74} -> 1279.3891 | J2: 72.251401 | K2: {=_xlfn.ANCHORARRAY(Deshidratado!D2)} -> 701.52234 | L2: {=_xlfn.ANCHORARRAY(Deshidratado!E2)} -> 0 | M2: {=Mezclado!J2:J74} -> 0 | N2: 0 | O2: {=Limpieza!F3:F22} -> 0 | P2: {=Molido!I2:I74} -> 0 | Q2: {=Mezclado!M2:M74} -> 0 | R2: {=Mezclado!N2:O74} -> 0 | S2: 0 | T2: {=Tostado!J2:J74} -> 0 | U2: {=Mezclado!Q2:X74} -> 0 | V2: 0 | W2: 0 | X2: 0 | Y2: 0 | Z2: 0 | AA2: 145.74024 | AB2: 8.3758759
A3: Pataz - Tayabamba | B3: 9286 | C3: 45642 | D3: 804.59778 | E3: 0 | F3: 2607.8848 | G3: 0 | H3: 0 | I3: 2761.4048 | J3: 766.62229 | K3: 0 | L3: 0 | M3: 0 | N3: 0 | O3: 0 | P3: 0 | Q3: 0 | R3: 1312.4957 | S3: 0 | T3: 0 | U3: 1020.6234 | V3: 0 | W3: 0 | X3: 0 | Y3: 0 | Z3: 0 | AA3: 309.53333 | AB3: 17.661061
A4: Viru | B4: 2810 | C4: 45653 | D4: 367.33022 | E4: 0 | F4: 652.67472 | G4: 0 | H4: 0 | I4: 1305.3494 | J4: 0 | K4: 0 | L4: 975.87383 | M4: 0 | N4: 0 | O4: 0 | P4: 0 | Q4: 0 | R4: 0 | S4: 51.755756 | T4: 0 | U4: 0 | V4: 28.690691 | W4: 28.690691 | X4: 28.690691 | Y4: 0 | Z4: 0 | AA4: 121.51351 | AB4: 6.7507508
A5: Julcán | B5: 2588 | C5: 45656 | D5: 142.39154 | E5: 0 | F5: 431.54633 | G5: 0 | H5: 0 | I5: 0 | J5: 262.16581 | K5: 1704.2385 | L5: 0 | M5: 0 | N5: 0 | O5: 0 | P5: 0 | Q5: 0 | R5: 0 | S5: 0 | T5: 0 | U5: 0 | V5: 0 | W5: 0 | X5: 0 | Y5: 0 | Z5: 0 | AA5: 105.95516 | AB5: 5.9583584
A6: Olmos | B6: 5252 | C6: 45665 | D6: 1889.3433 | E6: 0 | F6: 1623.2378 | G6: 0 | H6: 0 | I6: 660.33717 | J6: 48.668066 | K6: 0 | L6: 0 | M6: 0 | N6: 0 | O6: 0 | P6: 0 | Q6: 923.17437 | R6: 0 | S6: 0 | T6: 0 | U6: 0 | V6: 0 | W6: 0 | X6: 0 | Y6: 0 | Z6: 0 | AA6: 195.56997 | AB6: 11.04024
A7: Marcabal | B7: 4061.92 | C7: 45671 | D7: 468.58755 | E7: 0 | F7: 0 | G7: 0 | H7: 0 | I7: 2448.1937 | J7: 345.60453 | K7: 0 | L7: 0 | M7: 260.6297 | N7: 0 | O7: 0 | P7: 458.87556 | Q7: 0 | R7: 0 | S7: 0 | T7: 8.1268392 | U7: 7.7253734 | V7: 0 | W7: 0 | X7: 0 | Y7: 0 | Z7: 0 | AA7: 167.51862 | AB7: 9.3517678
A8: Julcán | B8: 2588 | C8: 45673 | D8: 142.39154 | E8: 0 | F8: 431.54633 | G8: 0 | H8: 0 | I8: 0 | J8: 262.16581 | K8: 1704.2385 | L8: 0 | M8: 0 | N8: 0 | O8: 0 | P8: 0 | Q8: 0 | R8: 0 | S8: 0 | T8: 0 | U8: 0 | V8: 0 | W8: 0 | X8: 0 | Y8: 0 | Z8: 0 | AA8: 105.95516 | AB8: 5.9583584
A9: Olmos | B9: 5840 | C9: 45691 | D9: 2100.8692 | E9: {=Laminado!E9:E10} -> 1750.822 | F9: 0 | G9: 0 | H9: =Molido!E9 -> 712.23877 | I9: 0 | J9: 54.116814 | K9: 0 | L9: 0 | M9: 0 | N9: 0 | O9: 0 | P9: 0 | Q9: 1026.5305 | R9: 0 | S9: 0 | T9: 0 | U9: 0 | V9: 0 | W9: 0 | X9: 0 | Y9: 0 | Z9: 0 | AA9: 217.46547 | AB9: 12.276276
A10: San Pedro de Lloc | B10: 4691 | C10: 45691 | D10: 300.01586 | E10: 731.43585 | F10: 0 | G10: 0 | H10: =Laminado!F10 -> 2742.5312 | I10: 0 | J10: 76.565625 | K10: 558.2128 | L10: 0 | M10: 0 | N10: 0 | O10: 0 | P10: 0 | Q10: 0 | R10: 0 | S10: 0 | T10: 0 | U10: 0 | V10: 0 | W10: 0 | X10: 0 | Y10: 91.096496 | Z10: 18.313213 | AA10: 192.99309 | AB10: 10.8001
A11: Marcabal | B11: 4061.92 | C11: 45700 | D11: 468.58755 | E11: 0 | F11: 0 | G11: 0 | H11: 0 | I11: 2448.1937 | J11: 345.60453 | K11: 0 | L11: 0 | M11: 260.6297 | N11: 0 | O11: 0 | P11: 458.87556 | Q11: 0 | R11: 0 | S11: 0 | T11: 8.1268392 | U11: 7.7253734 | V11: 0 | W11: 0 | X11: 0 | Y11: 0 | Z11: 0 | AA11: 167.51862 | AB11: 9.3517678
A12: Julcán | B12: 2600 | C12: 45702 | D12: 143.05178 | E12: 0 | F12: 433.54732 | G12: 0 | H12: 0 | I12: 0 | J12: 263.38141 | K12: 1712.1407 | L12: 0 | M12: 0 | N12: 0 | O12: 0 | P12: 0 | Q12: 0 | R12: 0 | S12: 0 | T12: 0 | U12: 0 | V12: 0 | W12: 0 | X12: 0 | Y12: 0 | Z12: 0 | AA12: 106.44645 | AB12: 5.985986
A13: Viru | B13: 3108 | C13: 45702 | D13: 406.28552 | E13: 0 | F13: 721.89076 | G13: 0 | H13: 0 | I13: 1443.7815 | J13: 0 | K13: 323.80952 | L13: 0 | M13: 0 | N13: 0 | O13: 0 | P13: 0 | Q13: 0 | R13: 0 | S13: 57.244444 | T13: 0 | U13: 0 | V13: 31.733333 | W13: 31.733333 | X13: 31.733333 | Y13: 0 | Z13: 0 | AA13: 134.4 | AB13: 7.4666667
A14: Olmos | B14: 5611 | C14: 45717 | D14: 2018.4892 | E14: =Laminado!E14 -> 1682.1682 | F14: 0 | G14: 0 | H14: =Molido!E14 -> 684.31023 | I14: 0 | J14: 51.994768 | K14: 0 | L14: 0 | M14: 0 | N14: 0 | O14: 0 | P14: 0 | Q14: 986.27788 | R14: 0 | S14: 0 | T14: 0 | U14: 0 | V14: 0 | W14: 0 | X14: 0 | Y14: 0 | Z14: 0 | AA14: 208.93814 | AB14: 11.794895
A15: Chongoyape | B15: 2626 | C15: 45727 | D15: 163.20172 | E15: 0 | F15: 426.46686 | G15: 0 | H15: 0 | I15: 1409.7148 | J15: 141.02678 | K15: 0 | L15: 876.20954 | M15: 206.08448 | N15: 0 | O15: 0 | P15: 0 | Q15: 0 | R15: 0 | S15: 0 | T15: 0 | U15: 0 | V15: 0 | W15: 0 | X15: 0 | Y15: 0 | Z15: 0 | AA15: 109.35095 | AB15: 6.3087087
A16: Marcabal | B16: 4061.92 | C16: 45728 | D16: 468.58755 | E16: 0 | F16: 0 | G16: 0 | H16: 0 | I16: 2448.1937 | J16: 345.60453 | K16: 0 | L16: 0 | M16: 260.6297 | N16: 0 | O16: 0 | P16: 458.87556 | Q16: 0 | R16: 0 | S16: 0 | T16: 8.1268392 | U16: 7.7253734 | V16: 0 | W16: 0 | X16: 0 | Y16: 0 | Z16: 0 | AA16: 167.51862 | AB16: 9.3517678
A17: Julcán | B17: 2588 | C17: 45733 | D17: 142.39154 | E17: 0 | F17: 431.54633 | G17: 0 | H17: 0 | I17: 0 | J17: 262.16581 | K17: 1704.2385 | L17: 0 | M17: 0 | N17: 0 | O17: 0 | P17: 0 | Q17: 0 | R17: 0 | S17: 0 | T17: 0 | U17: 0 | V17: 0 | W17: 0 | X17: 0 | Y17: 0 | Z17: 0 | AA17: 105.95516 | AB17: 5.9583584
A18: San Jose | B18: 4570 | C18: 45733 | D18: 517.56471 | E18: 0 | F18: 1164.5868 | G18: 0 | H18: 0 | I18: 1746.8802 | J18: 98.652197 | K18: 957.8599 | L18: 0 | M18: 0 | N18: 0 | O18: 0 | P18: 0 | Q18: 0 | R18: 0 | S18: 0 | T18: 0 | U18: 0 | V18: 0 | W18: 0 | X18: 0 | Y18: 0 | Z18: 0 | AA18: 198.99399 | AB18: 11.436436
A19: San Pedro de Lloc | B19: 4742 | C19: 45733 | D19: 303.2776 | E19: 0 | F19: 762.2556 | G19: 0 | H19: 0 | I19: 2858.0904 | J19: 77.398038 | K19: 564.28163 | L19: 0 | M19: 0 | N19: 0 | O19: 0 | P19: 0 | Q19: 0 | R19: 0 | S19: 0 | T19: 0 | U19: 0 | V19: 0 | W19: 0 | X19: 0 | Y19: 92.086887 | Z19: 18.512312 | AA19: 195.09129 | AB19: 10.917518
A20: Viru | B20: 3006 | C20: 45733 | D20: 392.95183 | E20: 0 | F20: 698.19936 | G20: 0 | H20: 0 | I20: 1396.3987 | J20: 0 | K20: 313.18257 | L20: 0 | M20: 0 | N20: 0 | O20: 0 | P20: 0 | Q20: 0 | R20: 0 | S20: 55.365766 | T20: 0 | U20: 0 | V20: 30.691892 | W20: 30.691892 | X20: 30.691892 | Y20: 0 | Z20: 0 | AA20: 129.98919 | AB20: 7.2216216
A21: Pataz - Tayabamba | B21: 9268 | C21: 45739 | D21: 803.03814 | E21: 0 | F21: 2602.8296 | G21: 0 | H21: 0 | I21: 2756.0521 | J21: 765.13627 | K21: 0 | L21: 0 | M21: 0 | N21: 0 | O21: 0 | P21: 0 | Q21: 0 | R21: 1309.9516 | S21: 0 | T21: 0 | U21: 1018.645 | V21: 0 | W21: 0 | X21: 0 | Y21: 0 | Z21: 0 | AA21: 308.93333 | AB21: 17.626827
A22: Chiclayo | B22: 30058 | C22: 45751 | D22: 8519.7273 | E22: {=Laminado!E22:E23} -> 11845.11 | F22: 0 | G22: 0 | H22: {=Molido!E22:E23} -> 0 | I22: 0 | J22: 0 | K22: 0 | L22: 0 | M22: 0 | N22: =Molido!H22 -> 8667.5185 | O22: 0 | P22: 0 | Q22: 0 | R22: 0 | S22: 0 | T22: 0 | U22: 0 | V22: 0 | W22: 0 | X22: 0 | Y22: 0 | Z22: 0 | AA22: 1221.5764 | AB22: 68.901722
A23: Olmos | B23: 5840 | C23: 45751 | D23: 2100.8692 | E23: 1750.822 | F23: 0 | G23: 0 | H23: 712.23877 | I23: 0 | J23: 54.116814 | K23: 0 | L23: 0 | M23: 0 | N23: 0 | O23: {=Limpieza!F24:F67} -> 0 | P23: 0 | Q23: 1026.5305 | R23: 0 | S23: 0 | T23: 0 | U23: 0 | V23: 0 | W23: 0 | X23: 0 | Y23: 0 | Z23: 0 | AA23: 217.46547 | AB23: 12.276276
A24: Marcabal | B24: 4061.92 | C24: 45756 | D24: 468.58755 | E24: 0 | F24: 0 | G24: 0 | H24: =Laminado!F24 -> 2374.7479 | I24: 0 | J24: 345.60453 | K24: 0 | L24: 0 | M24: 260.6297 | N24: 0 | O24: 0 | P24: 458.87556 | Q24: 0 | R24: 0 | S24: 0 | T24: 8.1268392 | U24: 7.7253734 | V24: 0 | W24: 0 | X24: 0 | Y24: 0 | Z24: 0 | AA24: 167.51862 | AB24: 9.3517678
A25: Cajamarca | B25: 10671.72 | C25: 45763 | D25: 3717.9475 | E25: 0 | F25: 2071.1107 | G25: 0 | H25: 0 | I25: 4142.2214 | J25: 421.40763 | K25: 0 | L25: 0 | M25: 0 | N25: 0 | O25: 0 | P25: 0 | Q25: 0 | R25: 0 | S25: 267.06006 | T25: 0 | U25: 0 | V25: 0 | W25: 0 | X25: 0 | Y25: 0 | Z25: 0 | AA25: 283.08366 | AB25: 16.023604
A26: Cajamarca | B26: 11433.6 | C26: 45763 | D26: 3983.3808 | E26: 0 | F26: 2218.9723 | G26: 0 | H26: 0 | I26: 4437.9447 | J26: 451.49294 | K26: 0 | L26: 0 | M26: 0 | N26: 0 | O26: 0 | P26: 0 | Q26: 0 | R26: 0 | S26: 286.12613 | T26: 0 | U26: 0 | V26: 0 | W26: 0 | X26: 0 | Y26: 0 | Z26: 0 | AA26: 303.29369 | AB26: 17.167568
A27: Cajamarca | B27: 23470.72 | C27: 45763 | D27: 8177.0234 | E27: 0 | F27: 4555.0726 | G27: 0 | H27: 0 | I27: 9110.1452 | J27: 926.81783 | K27: 0 | L27: 0 | M27: 0 | N27: 0 | O27: 0 | P27: 0 | Q27: 0 | R27: 0 | S27: 587.35536 | T27: 0 | U27: 0 | V27: 0 | W27: 0 | X27: 0 | Y27: 0 | Z27: 0 | AA27: 622.59668 | AB27: 35.241321
A28: Julcán | B28: 2588 | C28: 45763 | D28: 142.39154 | E28: 0 | F28: 431.54633 | G28: 0 | H28: 0 | I28: 0 | J28: 262.16581 | K28: 1704.2385 | L28: 0 | M28: 0 | N28: 0 | O28: 0 | P28: 0 | Q28: 0 | R28: 0 | S28: 0 | T28: 0 | U28: 0 | V28: 0 | W28: 0 | X28: 0 | Y28: 0 | Z28: 0 | AA28: 105.95516 | AB28: 5.9583584
A29: Viru | B29: 3104 | C29: 45763 | D29: 405.76263 | E29: 0 | F29: 720.96168 | G29: 0 | H29: 0 | I29: 1441.9234 | J29: 0 | K29: 323.39278 | L29: 0 | M29: 0 | N29: 0 | O29: 0 | P29: 0 | Q29: 0 | R29: 0 | S29: 57.170771 | T29: 0 | U29: 0 | V29: 31.692492 | W29: 31.692492 | X29: 31.692492 | Y29: 0 | Z29: 0 | AA29: 134.22703 | AB29: 7.4570571
A30: Chongoyape | B30: 1771 | C30: 45764 | D30: 110.06483 | E30: 0 | F30: 287.61341 | G30: 0 | H30: 0 | I30: 950.72539 | J30: 95.109837 | K30: 0 | L30: 590.92426 | M30: 138.98539 | N30: 0 | O30: 0 | P30: 0 | Q30: 0 | R30: 0 | S30: 0 | T30: 0 | U30: 0 | V30: 0 | W30: 0 | X30: 0 | Y30: 0 | Z30: 0 | AA30: 73.747347 | AB30: 4.2546547
A31: Olmos | B31: 5611 | C31: 45779 | D31: 2018.4892 | E31: {=Laminado!E31:E34} -> 1682.1682 | F31: 0 | G31: 0 | H31: =Molido!E31 -> 684.31023 | I31: 0 | J31: 51.994768 | K31: 0 | L31: 0 | M31: 0 | N31: 0 | O31: 0 | P31: 0 | Q31: 986.27788 | R31: 0 | S31: 0 | T31: 0 | U31: 0 | V31: 0 | W31: 0 | X31: 0 | Y31: 0 | Z31: 0 | AA31: 208.93814 | AB31: 11.794895
A32: Cajamarca | B32: 11448 | C32: 45782 | D32: 3988.3976 | E32: 2155.114 | F32: 0 | G32: 0 | H32: {=Laminado!F32:F34} -> 4310.228 | I32: 0 | J32: 452.06157 | K32: 0 | L32: 0 | M32: 0 | N32: 0 | O32: 0 | P32: 0 | Q32: 0 | R32: 0 | S32: 286.48649 | T32: 0 | U32: 0 | V32: 0 | W32: 0 | X32: 0 | Y32: 0 | Z32: 0 | AA32: 303.67568 | AB32: 17.189189
A33: Cajamarca | B33: 11829.6 | C33: 45782 | D33: 4121.3442 | E33: 2226.9511 | F33: 0 | G33: 0 | H33: 4453.9022 | I33: 0 | J33: 467.13029 | K33: 0 | L33: 0 | M33: 0 | N33: 0 | O33: 0 | P33: 0 | Q33: 0 | R33: 0 | S33: 296.03604 | T33: 0 | U33: 0 | V33: 0 | W33: 0 | X33: 0 | Y33: 0 | Z33: 0 | AA33: 313.7982 | AB33: 17.762162
A34: Marcabal | B34: 4061.92 | C34: 45786 | D34: 468.58755 | E34: 0 | F34: 0 | G34: 0 | H34: 2374.7479 | I34: 0 | J34: 345.60453 | K34: 0 | L34: 0 | M34: 260.6297 | N34: 0 | O34: 0 | P34: 458.87556 | Q34: 0 | R34: 0 | S34: 0 | T34: 8.1268392 | U34: 7.7253734 | V34: 0 | W34: 0 | X34: 0 | Y34: 0 | Z34: 0 | AA34: 167.51862 | AB34: 9.3517678
A35: Chongoyape | B35: 1771 | C35: 45793 | D35: 110.06483 | E35: 0 | F35: 287.61341 | G35: 0 | H35: 0 | I35: 950.72539 | J35: 95.109837 | K35: 0 | L35: 590.92426 | M35: 138.98539 | N35: 0 | O35: 0 | P35: 0 | Q35: 0 | R35: 0 | S35: 0 | T35: 0 | U35: 0 | V35: 0 | W35: 0 | X35: 0 | Y35: 0 | Z35: 0 | AA35: 73.747347 | AB35: 4.2546547
A36: Viru | B36: 3006 | C36: 45793 | D36: 392.95183 | E36: 0 | F36: 698.19936 | G36: 0 | H36: 0 | I36: 1396.3987 | J36: 0 | K36: 313.18257 | L36: 0 | M36: 0 | N36: 0 | O36: 0 | P36: 0 | Q36: 0 | R36: 0 | S36: 55.365766 | T36: 0 | U36: 0 | V36: 30.691892 | W36: 30.691892 | X36: 30.691892 | Y36: 0 | Z36: 0 | AA36: 129.98919 | AB36: 7.2216216
A37: Julcán | B37: 2588 | C37: 45796 | D37: 142.39154 | E37: 0 | F37: 431.54633 | G37: 0 | H37: 0 | I37: 0 | J37: 262.16581 | K37: 1704.2385 | L37: 0 | M37: 0 | N37: 0 | O37: 0 | P37: 0 | Q37: 0 | R37: 0 | S37: 0 | T37: 0 | U37: 0 | V37: 0 | W37: 0 | X37: 0 | Y37: 0 | Z37: 0 | AA37: 105.95516 | AB37: 5.9583584
A38: Cajatambo | B38: 2686 | C38: 45800 | D38: 1887.7453 | E38: 0 | F38: 834.05537 | G38: 0 | H38: 0 | I38: 0 | J38: 0 | K38: 0 | L38: 0 | M38: 0 | N38: 0 | O38: 0 | P38: 0 | Q38: 0 | R38: 0 | S38: 0 | T38: 0 | U38: 0 | V38: 0 | W38: 0 | X38: 0 | Y38: 0 | Z38: 0 | AA38: 0 | AB38: 0
A39: Olmos | B39: 5840 | C39: 45810 | D39: 2100.8692 | E39: {=Laminado!E39:E40} -> 1750.822 | F39: 0 | G39: 0 | H39: =Molido!E39 -> 712.23877 | I39: 0 | J39: 54.116814 | K39: 0 | L39: 0 | M39: 0 | N39: 0 | O39: 0 | P39: 0 | Q39: 1026.5305 | R39: 0 | S39: 0 | T39: 0 | U39: 0 | V39: 0 | W39: 0 | X39: 0 | Y39: 0 | Z39: 0 | AA39: 217.46547 | AB39: 12.276276
A40: Marcabal | B40: 4061.92 | C40: 45817 | D40: 468.58755 | E40: 0 | F40: 0 | G40: 0 | H40: {=Laminado!F40:F40} -> 2374.7479 | I40: 0 | J40: 345.60453 | K40: 0 | L40: 0 | M40: 260.6297 | N40: 0 | O40: 0 | P40: 458.87556 | Q40: 0 | R40: 0 | S40: 0 | T40: 8.1268392 | U40: 7.7253734 | V40: 0 | W40: 0 | X40: 0 | Y40: 0 | Z40: 0 | AA40: 167.51862 | AB40: 9.3517678
A41: Viru | B41: 3104 | C41: 45821 | D41: 405.76263 | E41: 0 | F41: 720.96168 | G41: 0 | H41: 0 | I41: 1441.9234 | J41: 0 | K41: 323.39278 | L41: 0 | M41: 0 | N41: 0 | O41: 0 | P41: 0 | Q41: 0 | R41: 0 | S41: 57.170771 | T41: 0 | U41: 0 | V41: 31.692492 | W41: 31.692492 | X41: 31.692492 | Y41: 0 | Z41: 0 | AA41: 134.22703 | AB41: 7.4570571
A42: Chiclayo | B42: 12216 | C42: 45824 | D42: 3462.5387 | E42: 0 | F42: 4962.9089 | G42: 0 | H42: 0 | I42: 0 | J42: 0 | K42: 0 | L42: 0 | M42: 0 | N42: 0 | O42: 5084.4181 | P42: 0 | Q42: 0 | R42: 0 | S42: 0 | T42: 0 | U42: 0 | V42: 0 | W42: 0 | X42: 0 | Y42: 0 | Z42: 0 | AA42: 496.46607 | AB42: 28.002643
A43: Julcán | B43: 2588 | C43: 45824 | D43: 142.39154 | E43: 0 | F43: 431.54633 | G43: 0 | H43: 0 | I43: 0 | J43: 262.16581 | K43: 1704.2385 | L43: 0 | M43: 0 | N43: 0 | O43: 0 | P43: 0 | Q43: 0 | R43: 0 | S43: 0 | T43: 0 | U43: 0 | V43: 0 | W43: 0 | X43: 0 | Y43: 0 | Z43: 0 | AA43: 105.95516 | AB43: 5.9583584
A44: San Jose | B44: 3420 | C44: 45824 | D44: 387.32413 | E44: 0 | F44: 871.52886 | G44: 0 | H44: 0 | I44: 1307.2933 | J44: 73.827246 | K44: 716.82295 | L44: 0 | M44: 0 | N44: 0 | O44: 0 | P44: 0 | Q44: 0 | R44: 0 | S44: 0 | T44: 0 | U44: 0 | V44: 0 | W44: 0 | X44: 0 | Y44: 0 | Z44: 0 | AA44: 148.91892 | AB44: 8.5585586
A45: San Pedro de Lloc | B45: 4846 | C45: 45824 | D45: 309.92899 | E45: 0 | F45: 778.97314 | G45: 0 | H45: 0 | I45: 2920.7731 | J45: 79.095506 | K45: 576.65727 | L45: 0 | M45: 0 | N45: 0 | O45: 0 | P45: 0 | Q45: 0 | R45: 0 | S45: 0 | T45: 0 | U45: 0 | V45: 0 | W45: 0 | X45: 0 | Y45: 94.106507 | Z45: 18.918318 | AA45: 199.36997 | AB45: 11.156957
A46: Chongoyape | B46: 1771 | C46: 45825 | D46: 110.06483 | E46: 0 | F46: 287.61341 | G46: 0 | H46: 0 | I46: 950.72539 | J46: 95.109837 | K46: 0 | L46: 590.92426 | M46: 138.98539 | N46: 0 | O46: 0 | P46: 0 | Q46: 0 | R46: 0 | S46: 0 | T46: 0 | U46: 0 | V46: 0 | W46: 0 | X46: 0 | Y46: 0 | Z46: 0 | AA46: 73.747347 | AB46: 4.2546547
A47: Pataz - Tayabamba | B47: 9268 | C47: 45828 | D47: 803.03814 | E47: 0 | F47: 2602.8296 | G47: 0 | H47: 0 | I47: 2756.0521 | J47: 765.13627 | K47: 0 | L47: 0 | M47: 0 | N47: 0 | O47: 0 | P47: 0 | Q47: 0 | R47: 1309.9516 | S47: 0 | T47: 0 | U47: 1018.645 | V47: 0 | W47: 0 | X47: 0 | Y47: 0 | Z47: 0 | AA47: 308.93333 | AB47: 17.626827
A48: Cajamarca | B48: 23485.6 | C48: 45841 | D48: 8182.2075 | E48: {=Laminado!E48:E49} -> 4421.2216 | F48: 0 | G48: 0 | H48: =Laminado!F48 -> 8842.4432 | I48: 0 | J48: 927.40542 | K48: 0 | L48: 0 | M48: 0 | N48: 0 | O48: 0 | P48: 0 | Q48: 0 | R48: 0 | S48: 587.72773 | T48: 0 | U48: 0 | V48: 0 | W48: 0 | X48: 0 | Y48: 0 | Z48: 0 | AA48: 622.99139 | AB48: 35.263664
A49: Olmos | B49: 5840 | C49: 45842 | D49: 2100.8692 | E49: 1750.822 | F49: 0 | G49: 0 | H49: {=Molido!E49:E49} -> 712.23877 | I49: 0 | J49: 54.116814 | K49: 0 | L49: 0 | M49: 0 | N49: 0 | O49: 0 | P49: 0 | Q49: 1026.5305 | R49: 0 | S49: 0 | T49: 0 | U49: 0 | V49: 0 | W49: 0 | X49: 0 | Y49: 0 | Z49: 0 | AA49: 217.46547 | AB49: 12.276276
A50: Cajatambo | B50: 1707 | C50: 45845 | D50: 1199.6952 | E50: 0 | F50: 530.05678 | G50: 0 | H50: 0 | I50: 0 | J50: 0 | K50: 0 | L50: 0 | M50: 0 | N50: 0 | O50: 0 | P50: 0 | Q50: 0 | R50: 0 | S50: 0 | T50: 0 | U50: 0 | V50: 0 | W50: 0 | X50: 0 | Y50: 0 | Z50: 0 | AA50: 0 | AB50: 0
A51: Marcabal | B51: 4061.92 | C51: 45846 | D51: 468.58755 | E51: 0 | F51: 0 | G51: 0 | H51: 0 | I51: 2448.1937 | J51: 345.60453 | K51: 0 | L51: 0 | M51: 260.6297 | N51: 0 | O51: 0 | P51: 458.87556 | Q51: 0 | R51: 0 | S51: 0 | T51: 8.1268392 | U51: 7.7253734 | V51: 0 | W51: 0 | X51: 0 | Y51: 0 | Z51: 0 | AA51: 167.51862 | AB51: 9.3517678
A52: Julcán | B52: 2588 | C52: 45849 | D52: 142.39154 | E52: 0 | F52: 0 | G52: {=Tostado!D52:D53/(1-0.07)} -> 464.02832 | H52: 0 | I52: 0 | J52: 262.16581 | K52: 1704.2385 | L52: 0 | M52: 0 | N52: 0 | O52: 0 | P52: 0 | Q52: 0 | R52: 0 | S52: 0 | T52: 0 | U52: 0 | V52: 0 | W52: 0 | X52: 0 | Y52: 0 | Z52: 0 | AA52: 105.95516 | AB52: 5.9583584
A53: Chongoyape | B53: 1771 | C53: 45852 | D53: 110.06483 | E53: 0 | F53: 0 | G53: 309.26173 | H53: 0 | I53: 950.72539 | J53: 95.109837 | K53: 0 | L53: 590.92426 | M53: 138.98539 | N53: 0 | O53: 0 | P53: 0 | Q53: 0 | R53: 0 | S53: 0 | T53: 0 | U53: 0 | V53: 0 | W53: 0 | X53: 0 | Y53: 0 | Z53: 0 | AA53: 73.747347 | AB53: 4.2546547
A54: Viru | B54: 3104 | C54: 45852 | D54: 405.76263 | E54: 0 | F54: {=Tostado!D54:D56} -> 720.96168 | G54: 0 | H54: 0 | I54: 1441.9234 | J54: 0 | K54: 323.39278 | L54: 0 | M54: 0 | N54: 0 | O54: 0 | P54: 0 | Q54: 0 | R54: 0 | S54: 57.170771 | T54: 0 | U54: 0 | V54: 31.692492 | W54: 31.692492 | X54: 31.692492 | Y54: 0 | Z54: 0 | AA54: 134.22703 | AB54: 7.4570571
A55: Chiclayo | B55: 12220 | C55: 45853 | D55: 3463.6725 | E55: 0 | F55: 4964.534 | G55: 0 | H55: 0 | I55: 0 | J55: 0 | K55: 0 | L55: 0 | M55: 0 | N55: 0 | O55: 5086.0829 | P55: 0 | Q55: 0 | R55: 0 | S55: 0 | T55: 0 | U55: 0 | V55: 0 | W55: 0 | X55: 0 | Y55: 0 | Z55: 0 | AA55: 496.62863 | AB55: 28.011812
A56: Olmos | B56: 5619 | C56: 45870 | D56: 2021.3671 | E56: 0 | F56: 1736.6666 | G56: {=Tostado!D56:D57/(1-0.07)} -> 1867.3835 | H56: 0 | I56: 706.48031 | J56: 52.0689 | K56: 0 | L56: 0 | M56: 0 | N56: 0 | O56: 0 | P56: 0 | Q56: 987.68408 | R56: 0 | S56: 0 | T56: 0 | U56: 0 | V56: 0 | W56: 0 | X56: 0 | Y56: 0 | Z56: 0 | AA56: 209.23604 | AB56: 11.811712
A57: Marcabal | B57: 4061.92 | C57: 45876 | D57: 468.58755 | E57: 0 | F57: 0 | G57: 0 | H57: 0 | I57: 2448.1937 | J57: 345.60453 | K57: 0 | L57: 0 | M57: 260.6297 | N57: 0 | O57: 0 | P57: 458.87556 | Q57: 0 | R57: 0 | S57: 0 | T57: 8.1268392 | U57: 7.7253734 | V57: 0 | W57: 0 | X57: 0 | Y57: 0 | Z57: 0 | AA57: 167.51862 | AB57: 9.3517678
A58: Julcán | B58: 2588 | C58: 45880 | D58: 142.39154 | E58: 0 | F58: {=Tostado!D58:D67} -> 431.54633 | G58: 0 | H58: 0 | I58: 0 | J58: 262.16581 | K58: 1704.2385 | L58: 0 | M58: 0 | N58: 0 | O58: 0 | P58: 0 | Q58: 0 | R58: 0 | S58: 0 | T58: 0 | U58: 0 | V58: 0 | W58: 0 | X58: 0 | Y58: 0 | Z58: 0 | AA58: 105.95516 | AB58: 5.9583584
A59: Chongoyape | B59: 1771 | C59: 45881 | D59: 110.06483 | E59: 0 | F59: 287.61341 | G59: 0 | H59: 0 | I59: 950.72539 | J59: 95.109837 | K59: 0 | L59: 590.92426 | M59: 138.98539 | N59: 0 | O59: 0 | P59: 0 | Q59: 0 | R59: 0 | S59: 0 | T59: 0 | U59: 0 | V59: 0 | W59: 0 | X59: 0 | Y59: 0 | Z59: 0 | AA59: 73.747347 | AB59: 4.2546547
A60: Viru | B60: 3006 | C60: 45887 | D60: 392.95183 | F60: 698.19936 | I60: 1396.3987 | J60: 0 | K60: 313.18257 | L60: 0 | M60: 0 | O60: 0 | P60: 0 | Q60: 0 | R60: 0 | S60: 55.365766 | T60: 0 | U60: 0 | V60: 30.691892 | W60: 30.691892 | X60: 30.691892 | Y60: 0 | Z60: 0 | AA60: 129.98919 | AB60: 7.2216216
A61: Chiclayo | B61: 11825 | C61: 45887 | D61: 3351.7125 | F61: 4804.0601 | I61: 0 | J61: 0 | K61: 0 | L61: 0 | M61: 0 | O61: 4921.6801 | P61: 0 | Q61: 0 | R61: 0 | S61: 0 | T61: 0 | U61: 0 | V61: 0 | W61: 0 | X61: 0 | Y61: 0 | Z61: 0 | AA61: 480.57558 | AB61: 27.106356
A62: Cajamarca | B62: 11448 | C62: 45902 | D62: 3988.3976 | E62: =Laminado!E62 -> 2155.114 | F62: 0 | G62: 0 | H62: =Laminado!F62 -> 4310.228 | I62: 0 | J62: 452.06157 | K62: 0 | L62: 0 | M62: 0 | N62: 0 | O62: 0 | P62: 0 | Q62: 0 | R62: 0 | S62: 286.48649 | T62: 0 | U62: 0 | V62: 0 | W62: 0 | X62: 0 | Y62: 0 | Z62: 0 | AA62: 303.67568 | AB62: 17.189189
A63: Cajamarca | B63: 11829.6 | C63: 45902 | D63: 4121.3442 | E63: =Laminado!E63 -> 2226.9511 | F63: 0 | G63: 0 | H63: =Laminado!F63 -> 4453.9022 | I63: 0 | J63: 467.13029 | K63: 0 | L63: 0 | M63: 0 | N63: 0 | O63: 0 | P63: 0 | Q63: 0 | R63: 0 | S63: 296.03604 | T63: 0 | U63: 0 | V63: 0 | W63: 0 | X63: 0 | Y63: 0 | Z63: 0 | AA63: 313.7982 | AB63: 17.762162
A64: Marcabal | B64: 4061.92 | C64: 45908 | D64: 468.58755 | E64: 0 | F64: 0 | G64: 0 | H64: =Laminado!F64 -> 2374.7479 | I64: 0 | J64: 345.60453 | K64: 0 | L64: 0 | M64: 260.6297 | N64: 0 | O64: 0 | P64: 458.87556 | Q64: 0 | R64: 0 | S64: 0 | T64: 8.1268392 | U64: 7.7253734 | V64: 0 | W64: 0 | X64: 0 | Y64: 0 | Z64: 0 | AA64: 167.51862 | AB64: 9.3517678
A65: Viru | B65: 3104 | C65: 45913 | D65: 405.76263 | E65: 0 | F65: 720.96168 | G65: 0 | H65: 0 | I65: 1441.9234 | J65: 0 | K65: 323.39278 | L65: 0 | M65: 0 | N65: 0 | O65: 0 | P65: 0 | Q65: 0 | R65: 0 | S65: 57.170771 | T65: 0 | U65: 0 | V65: 31.692492 | W65: 31.692492 | X65: 31.692492 | Y65: 0 | Z65: 0 | AA65: 134.22703 | AB65: 7.4570571
A66: Chongoyape | B66: 5209 | C66: 45915 | D66: 323.73105 | E66: 0 | F66: 845.95044 | G66: 0 | H66: 0 | I66: 2796.3459 | J66: 279.74429 | K66: 521.42142 | L66: 0 | M66: 408.79439 | N66: 0 | O66: 0 | P66: 0 | Q66: 0 | R66: 0 | S66: 0 | T66: 0 | U66: 0 | V66: 0 | W66: 0 | X66: 0 | Y66: 0 | Z66: 0 | AA66: 216.91131 | AB66: 12.514114
A67: Chiclayo | B67: 12220 | C67: 45916 | D67: 3463.6725 | E67: 0 | F67: 4964.534 | G67: 0 | H67: 0 | I67: 0 | J67: 0 | K67: 0 | L67: 0 | M67: 0 | N67: =Molido!H67 -> 3523.7566 | O67: 0 | P67: 0 | Q67: 0 | R67: 0 | S67: 0 | T67: 0 | U67: 0 | V67: 0 | W67: 0 | X67: 0 | Y67: 0 | Z67: 0 | AA67: 496.62863 | AB67: 28.011812
A68: Julcán | B68: 2588 | C68: 45916 | D68: 142.39154 | E68: 0 | F68: 0 | G68: =Tostado!D68/(1-0.07) -> 464.02832 | H68: 0 | I68: 0 | J68: 262.16581 | K68: 1704.2385 | L68: 0 | M68: 0 | N68: 0 | O68: {=Limpieza!F69:F75} -> 0 | P68: 0 | Q68: 0 | R68: 0 | S68: 0 | T68: 0 | U68: 0 | V68: 0 | W68: 0 | X68: 0 | Y68: 0 | Z68: 0 | AA68: 105.95516 | AB68: 5.9583584
A69: Pataz - Tayabamba | B69: 9268 | C69: 45916 | D69: 803.03814 | E69: 0 | F69: {=Tostado!D69:D71} -> 2602.8296 | G69: 0 | H69: 0 | I69: 2756.0521 | J69: 765.13627 | K69: 0 | L69: 0 | M69: 0 | N69: 0 | O69: 0 | P69: 0 | Q69: 0 | R69: 1309.9516 | S69: 0 | T69: 0 | U69: 1018.645 | V69: 0 | W69: 0 | X69: 0 | Y69: 0 | Z69: 0 | AA69: 308.93333 | AB69: 17.626827
A70: San Jose | B70: 3420 | C70: 45917 | D70: 387.32413 | E70: 0 | F70: 871.52886 | G70: 0 | H70: 0 | I70: 1307.2933 | J70: 73.827246 | K70: 716.82295 | L70: 0 | M70: 0 | N70: 0 | O70: 0 | P70: 0 | Q70: 0 | R70: 0 | S70: 0 | T70: 0 | U70: 0 | V70: 0 | W70: 0 | X70: 0 | Y70: 0 | Z70: 0 | AA70: 148.91892 | AB70: 8.5585586
A71: Marcabal | B71: 4061.92 | C71: 45945 | D71: 468.58755 | E71: 0 | F71: 0 | G71: 0 | H71: 0 | I71: 2448.1937 | J71: 345.60453 | K71: 0 | L71: 0 | M71: 260.6297 | N71: 0 | O71: 0 | P71: 458.87556 | Q71: 0 | R71: 0 | S71: 0 | T71: 8.1268392 | U71: 7.7253734 | V71: 0 | W71: 0 | X71: 0 | Y71: 0 | Z71: 0 | AA71: 167.51862 | AB71: 9.3517678
A72: Julcán | B72: 2588 | C72: 45946 | D72: 142.39154 | E72: 0 | F72: 0 | G72: =Tostado!D72/(1-0.07) -> 464.02832 | H72: 0 | I72: 0 | J72: 262.16581 | K72: 1704.2385 | L72: 0 | M72: 0 | N72: 0 | O72: 0 | P72: 0 | Q72: 0 | R72: 0 | S72: 0 | T72: 0 | U72: 0 | V72: 0 | W72: 0 | X72: 0 | Y72: 0 | Z72: 0 | AA72: 105.95516 | AB72: 5.9583584
A73: Chiclayo | B73: 11824 | C73: 45951 | D73: 3351.4291 | E73: 0 | F73: {=Tostado!D73:D74} -> 4803.6538 | G73: 0 | H73: 0 | I73: 0 | J73: 0 | K73: 0 | L73: 0 | M73: 0 | N73: 0 | O73: 4921.2638 | P73: 0 | Q73: 0 | R73: 0 | S73: 0 | T73: 0 | U73: 0 | V73: 0 | W73: 0 | X73: 0 | Y73: 0 | Z73: 0 | AA73: 480.53493 | AB73: 27.104064
A74: Olmos | B74: 5840 | C74: 45962 | D74: 2100.8692 | E74: =Laminado!E74 -> 1750.822 | F74: 0 | G74: 0 | H74: =Molido!E74 -> 712.23877 | I74: 0 | J74: 54.116814 | K74: 0 | L74: 0 | M74: 0 | N74: 0 | O74: 0 | P74: 0 | Q74: 1026.5305 | R74: 0 | S74: 0 | T74: 0 | U74: 0 | V74: 0 | W74: 0 | X74: 0 | Y74: 0 | Z74: 0 | AA74: 217.46547 | AB74: 12.276276

Sheet Resumen
B2: Octubre | D2: =MONTH(DATE(2024,MATCH(B2,{"enero","febrero","marzo","abril","mayo","junio","julio","agosto","septiembre","octubre","noviembre","diciembre"},0),1)) -> 10
B5: Materia Prima | C5: Total (Kg) | D5: Capacida Sacos | E5: Redondeo | F5: U.M. | G5: N° Sacos
B6: {=TRANSPOSE('Materia Prima'!D1:AB1)} -> Avena | C6: {=SUMPRODUCT((MONTH('Materia Prima'!$C$2:$C$74)=$D$2)*('Materia Prima'!D2:D74))} -> 3962.4082 | D6: 25 | E6: =G6*D6 -> 3975 | F6: Kg | G6: =ROUNDUP(C6/D6,0) -> 159
B7: Quinua Tostada | C7: {=SUMPRODUCT((MONTH('Materia Prima'!$C$2:$C$74)=$D$2)*('Materia Prima'!E2:E74))} -> 0 | D7: 50 | E7: =G7*D7 -> 0 | F7: Kg | G7: =ROUNDUP(C7/D7,0) -> 0
B8: Quinua Desaponificada | C8: {=SUMPRODUCT((MONTH('Materia Prima'!$C$2:$C$74)=$D$2)*('Materia Prima'!F2:F74))} -> 4803.6538 | D8: 50 | E8: =G8*D8 -> 4850 | F8: Kg | G8: =ROUNDUP(C8/D8,0) -> 97
B9: Quinua | C9: {=SUMPRODUCT((MONTH('Materia Prima'!$C$2:$C$74)=$D$2)*('Materia Prima'!G2:G74))} -> 464.02832 | D9: 50 | E9: =G9*D9 -> 500 | F9: Kg | G9: =ROUNDUP(C9/D9,0) -> 10
B10: Kiwicha Tostada | C10: {=SUMPRODUCT((MONTH('Materia Prima'!$C$2:$C$74)=$D$2)*('Materia Prima'!H2:H74))} -> 0 | D10: 50 | E10: =G10*D10 -> 0 | F10: Kg | G10: =ROUNDUP(C10/D10,0) -> 0
B11: Kiwicha | C11: {=SUMPRODUCT((MONTH('Materia Prima'!$C$2:$C$74)=$D$2)*('Materia Prima'!I2:I74))} -> 2448.1937 | D11: 50 | E11: =G11*D11 -> 2450 | F11: Kg | G11: =ROUNDUP(C11/D11,0) -> 49
B12: Soya | C12: {=SUMPRODUCT((MONTH('Materia Prima'!$C$2:$C$74)=$D$2)*('Materia Prima'!J2:J74))} -> 607.77034 | D12: 50 | E12: =G12*D12 -> 650 | F12: Kg | G12: =ROUNDUP(C12/D12,0) -> 13
B13: Maca Deshidratada | C13: {=SUMPRODUCT((MONTH('Materia Prima'!$C$2:$C$74)=$D$2)*('Materia Prima'!K2:K74))} -> 1704.2385 | D13: 50 | E13: =G13*D13 -> 1750 | F13: Kg | G13: =ROUNDUP(C13/D13,0) -> 35
B14: Maca | C14: {=SUMPRODUCT((MONTH('Materia Prima'!$C$2:$C$74)=$D$2)*('Materia Prima'!L2:L74))} -> 0 | D14: 50 | E14: =G14*D14 -> 0 | F14: Kg | G14: =ROUNDUP(C14/D14,0) -> 0
B15: Azucar | C15: {=SUMPRODUCT((MONTH('Materia Prima'!$C$2:$C$74)=$D$2)*('Materia Prima'!M2:M74))} -> 260.6297 | D15: 50 | E15: =G15*D15 -> 300 | F15: Kg | G15: =ROUNDUP(C15/D15,0) -> 6
A16: 1 | B16: Cebada Tostada | C16: {=SUMPRODUCT((MONTH('Materia Prima'!$C$2:$C$74)=$D$2)*('Materia Prima'!N2:N74))} -> 0 | D16: 25 | E16: =G16*D16 -> 0 | F16: Kg | G16: =ROUNDUP(C16/D16,0) -> 0
B17: Cebada | C17: {=SUMPRODUCT((MONTH('Materia Prima'!$C$2:$C$74)=$D$2)*('Materia Prima'!O2:O74))} -> 4921.2638 | D17: 25 | E17: =G17*D17 -> 4925 | F17: Kg | G17: =ROUNDUP(C17/D17,0) -> 197
B18: Maiz Chufla | C18: {=SUMPRODUCT((MONTH('Materia Prima'!$C$2:$C$74)=$D$2)*('Materia Prima'!P2:P74))} -> 458.87556 | D18: 50 | E18: =G18*D18 -> 500 | F18: Kg | G18: =ROUNDUP(C18/D18,0) -> 10
A19: 3 | B19: Leche Polvo | C19: {=SUMPRODUCT((MONTH('Materia Prima'!$C$2:$C$74)=$D$2)*('Materia Prima'!Q2:Q74))} -> 0 | D19: 25 | E19: =G19*D19 -> 0 | F19: Kg | G19: =ROUNDUP(C19/D19,0) -> 0
B20: Cañihua | C20: {=SUMPRODUCT((MONTH('Materia Prima'!$C$2:$C$74)=$D$2)*('Materia Prima'!R2:R74))} -> 0 | D20: 50 | E20: =G20*D20 -> 0 | F20: Kg | G20: =ROUNDUP(C20/D20,0) -> 0
B21: Aceite Girasol | C21: {=SUMPRODUCT((MONTH('Materia Prima'!$C$2:$C$74)=$D$2)*('Materia Prima'!S2:S74))/0.92} -> 0 | D21: 4 | E21: =G21*D21 -> 0 | F21: L | G21: =ROUNDUP(C21/D21,0) -> 0
A22: 4,5 | B22: Pallar seco | C22: {=SUMPRODUCT((MONTH('Materia Prima'!$C$2:$C$74)=$D$2)*('Materia Prima'!T2:T74))} -> 8.1268392 | D22: 25 | E22: =G22*D22 -> 25 | F22: Kg | G22: =ROUNDUP(C22/D22,0) -> 1
A23: 4,5 | B23: Almidon maca | C23: {=SUMPRODUCT((MONTH('Materia Prima'!$C$2:$C$74)=$D$2)*('Materia Prima'!U2:U74))} -> 7.7253734 | D23: 25 | E23: =G23*D23 -> 25 | F23: Kg | G23: =ROUNDUP(C23/D23,0) -> 1
B24: Linaza | C24: {=SUMPRODUCT((MONTH('Materia Prima'!$C$2:$C$74)=$D$2)*('Materia Prima'!V2:V74))} -> 0 | D24: 50 | E24: =G24*D24 -> 0 | F24: Kg | G24: =ROUNDUP(C24/D24,0) -> 0
B25: Ajonjoli | C25: {=SUMPRODUCT((MONTH('Materia Prima'!$C$2:$C$74)=$D$2)*('Materia Prima'!W2:W74))} -> 0 | D25: 50 | E25: =G25*D25 -> 0 | F25: Kg | G25: =ROUNDUP(C25/D25,0) -> 0
B26: Proteina aislada soya | C26: {=SUMPRODUCT((MONTH('Materia Prima'!$C$2:$C$74)=$D$2)*('Materia Prima'!X2:X74))} -> 0 | D26: 25 | E26: =G26*D26 -> 0 | F26: Kg | G26: =ROUNDUP(C26/D26,0) -> 0
B27: Frejol tarhui | C27: {=SUMPRODUCT((MONTH('Materia Prima'!$C$2:$C$74)=$D$2)*('Materia Prima'!Y2:Y74))} -> 0 | D27: 50 | E27: =G27*D27 -> 0 | F27: Kg | G27: =ROUNDUP(C27/D27,0) -> 0
B28: Garbanzo | C28: {=SUMPRODUCT((MONTH('Materia Prima'!$C$2:$C$74)=$D$2)*('Materia Prima'!Z2:Z74))} -> 0 | D28: 50 | E28: =G28*D28 -> 0 | F28: Kg | G28: =ROUNDUP(C28/D28,0) -> 0
B29: Fosfato Tricálcio | C29: {=SUMPRODUCT((MONTH('Materia Prima'!$C$2:$C$74)=$D$2)*('Materia Prima'!AA2:AA74))} -> 754.00871 | D29: 25 | E29: =G29*D29 -> 775 | F29: Kg | G29: =ROUNDUP(C29/D29,0) -> 31
B30: Mix vitaminico | C30: {=SUMPRODUCT((MONTH('Materia Prima'!$C$2:$C$74)=$D$2)*('Materia Prima'!AB2:AB74))} -> 42.41419 | D30: 25 | E30: =G30*D30 -> 50 | F30: Kg | G30: =ROUNDUP(C30/D30,0) -> 2

Sheet Formula
B1: Avena | C1: Quinua | D1: Kiwicha | E1: Soya | F1: Maca | G1: Azucar | H1: Cebada | I1: Maiz Chufla | J1: Leche Polvo | K1: Cañihua | L1: Aceite Girasol | M1: Pallar seco | N1: Almidon maca | O1: Linaza | P1: Ajonjoli | Q1: Proteina aislada soya | R1: Frejol tarhui | S1: Garbanzo | T1: Fosfato Tricálcio | U1: Mix vitaminico
A2: Cajamarca | B2: 0.347 | C2: 0.1875 | D2: 0.375 | E2: 0.0375 | L2: 0.025 | T2: 0.0265 | U2: 0.0015
A3: Chiclayo | B3: 0.28231 | C3: 0.3925 | H3: 0.28231 | T3: 0.0406 | U3: 0.00229
A4: Chongoyape | B4: 0.0619 | C4: 0.1569 | D4: 0.5098 | E4: 0.051 | F4: 0.098 | G4: 0.0784 | T4: 0.0416 | U4: 0.0024
A5: Julcán | B5: 0.0548 | C5: 0.1611 | E5: 0.0962 | F5: 0.6447 | T5: 0.0409 | U5: 0.0023
A6: Marcabal | B6: 0.1149 | D6: 0.5823 | E6: 0.0808 | G6: 0.0641 | I6: 0.1106 | M6: 0.0019 | N6: 0.0019 | T6: 0.0412 | U6: 0.0023
A7: Olmos | B7: 0.3583 | C7: 0.2986 | D7: 0.1194 | E7: 0.0088 | J7: 0.1756 | T7: 0.0372 | U7: 0.0021
A8: San Jose | B8: 0.1128 | C8: 0.2462 | D8: 0.3693 | E8: 0.0205 | F8: 0.2052 | T8: 0.0435 | U8: 0.0025
A9: Pataz - Tayabamba | B9: 0.0863 | C9: 0.2667 | D9: 0.2824 | E9: 0.0784 | K9: 0.1412 | N9: 0.1098 | T9: 0.0333 | U9: 0.0019
A10: Viru | B10: 0.1302 | C10: 0.2244 | D10: 0.4488 | F10: 0.102 | L10: 0.0184 | O10: 0.0102 | P10: 0.0102 | Q10: 0.0102 | T10: 0.0432 | U10: 0.0024
A11: San Pedro de Lloc | B11: 0.0637 | C11: 0.1553 | D11: 0.5823 | E11: 0.0155 | F11: 0.1165 | R11: 0.0194 | S11: 0.0039 | T11: 0.0411 | U11: 0.0023
A12: Cajatambo | B12: 0.7 | C12: 0.3
A14: MERMA
A15: Deshidratado | B15: 0.7
A16: Tostado | B16: 0.03
A17: Molido | B17: 0.02
A18: Laminado | B18: 0.003
A19: Mezclado | B19: 0.001
A21: Diciembre
A22: Enero
A23: Febrero
A24: Marzo
A25: Abril
A26: Mayo
A27: Junio
A28: Julio
A29: Agosto
A30: Septiembre
A31: Octubre
A32: Noviembre

Sheet Procesos
B1: Avena | C1: Quinua | D1: Kiwicha | E1: Soya | F1: Maca | G1: Azucar | H1: Cebada | I1: Maiz Chufla | J1: Leche Polvo | K1: Cañihua | L1: Aceite Girasol | M1: Pallar seco | N1: Almidon maca | O1: Linaza | P1: Ajonjoli | Q1: Proteina aislada soya | R1: Frejol tarhui | S1: Garbanzo | T1: Fosfato Tricálcio | U1: Mix vitaminico
A2: Cajamarca | E2: Tostado
A3: Cajamarca | B3: Laminado | C3: Laminado | D3: Laminado | E3: Molido
A4: Chiclayo | H4: Tostado
A5: Chiclayo | B5: Laminado | C5: Laminado | H5: Molido
A6: Chongoyape | E6: Tostado
A7: Chongoyape | B7: Laminado | C7: Laminado | D7: Molido | E7: Molido | F7: Molido
A8: Julcán | E8: Tostado
A9: Julcán | B9: Laminado | C9: Laminado | E9: Molido | F9: Molido
A10: Marcabal | E10: Tostado | M10: Tostado
A11: Marcabal | B11: Laminado | D11: Laminado | E11: Molido | I11: Molido | M11: Molido | S11: Molido
A12: Olmos | E12: Tostado
A13: Olmos | B13: Laminado | C13: Laminado | D13: Molido | E13: Molido
A14: San Jose | E14: Tostado
A15: San Jose | B15: Laminado | C15: Laminado | D15: Laminado | E15: Molido | F15: Molido
A16: Pataz - Tayabamba | D16: Tostado | E16: Tostado
A17: Pataz - Tayabamba | B17: Laminado | C17: Molido | D17: Molido | E17: Molido | K17: Molido
A18: Viru
A19: Viru | B19: Laminado | C19: Laminado | D19: Laminado | F19: Molido
A20: San Pedro de Lloc | E20: Tostado | F20: Tostado
A21: San Pedro de Lloc | B21: Laminado | C21: Laminado | D21: Laminado | E21: Molido | F21: Molido
A22: Cajatambo
A23: Cajatambo | B23: Laminado | C23: Laminado

Sheet Hoja2
B2: CAJATAMBO | D2: Observacion
B3: Laminado | C3: Laminado
B4: Mezclado | C4: Mezclado
B5: Envasado | C5: Envasado
B6: Avena | C6: Quinua
B7: 34.7 | C7: 18.75
B11: CAJAMARCA
E12: Tostado
B13: Laminado | C13: Laminado | D13: Laminado | E13: Molienda
B14: Mezclado | C14: Mezclado | D14: Mezclado | E14: Mezclado
B15: Envasado | C15: Envasado | D15: Envasado | E15: Envasado
B16: Kiwicha (precocida) | C16: Avena | D16: Quinua | E16: Soya | F16: Aceite Girasol | G16: Fosfato Tricálcio | H16: Mix vitaminico
B17: 37.5 | C17: 34.7 | D17: 18.75 | E17: 3.75 | F17: 2.5 | G17: 2.65 | H17: 0.15
B20: CHICLAYO
D21: limpieza y despredado
D22: Pilado
D23: chancado
D24: Tostado
B25: Laminado | C25: Laminado | D25: Molienda
B26: Mezclado | C26: Mezclado | D26: Mezclado
B27: Envasado | C27: Envasado | D27: Envasado
B28: Quinua | C28: Avena | D28: Cebada | E28: Fosfato Tricálcio | F28: Mix vitaminico
B29: 39.25 | C29: 28.231 | D29: 28.231 | E29: 4.06 | F29: 0.229
B32: CHONGOYAPE
D33: Deshidratado | G33: Tostado
B34: Molienda | C34: Laminado | D34: Molienda | F34: Laminado | G34: Molienda
B35: Mezclado | C35: Mezclado | D35: Mezclado | E35: Mezclado | F35: Mezclado | G35: Mezclado
B36: Envasado | C36: Envasado | D36: Envasado | E36: Envasado | F36: Envasado | G36: Envasado
B37: Kiwicha | C37: Quinua | D37: Maca | E37: Azucar | F37: Avena | G37: Soya | H37: Fosfato Tricálcio | I37: Mix vitaminico
B38: 50.98 | C38: 15.69 | D38: 9.8 | E38: 7.84 | F38: 6.19 | G38: 5.1 | H38: 4.16 | I38: 0.24
B41: JULCAN
B42: Deshidratado | D42: Tostado
B43: Molienda | C43: Laminado | D43: Molienda | E43: Laminado
B44: Mezclado | C44: Mezclado | D44: Mezclado | E44: Mezclado
B45: Envasado | C45: Envasado | D45: Envasado | E45: Envasado
B46: Maca | C46: Quinua | D46: Soya | E46: Avena | F46: Fosfato Tricálcio | G46: Mix vitaminico
B47: 64.47 | C47: 16.11 | D47: 9.62 | E47: 5.48 | F47: 4.09 | G47: 0.23
B51: MARCABAL
E52: Tostado | G52: Tostado
B53: Laminado | C53: Laminado | D53: Molienda | E53: Molienda | G53: Molienda
B54: Mezclado | C54: Mezclado | D54: Mezclado | E54: Mezclado | F54: Mezclado | G54: Mezclado | H54: Mezclado
B55: Envasado | C55: Envasado | D55: Envasado | E55: Envasado | F55: Envasado | G55: Envasado | H55: Envasado
B56: Kiwicha | C56: Avena | D56: Maiz chufla | E56: Soya | F56: Azucar | G56: Pallar seco | H56: Almidon maca | I56: Fosfato Tricálcio | J56: Mix vitaminico
B57: 58.23 | C57: 11.49 | D57: 11.06 | E57: 8.08 | F57: 6.41 | G57: 0.19 | H57: 0.19 | I57: 4.12 | J57: 0.23
B60: OLMOS
F61: Tostado
B62: Laminado | C62: Laminado | D62: Molienda | E62: Molienda | F62: Molienda
B63: Mezclado | C63: Mezclado | D63: Mezclado | E63: Mezclado | F63: Mezclado
B64: Envasado | C64: Envasado | D64: Envasado | E64: Envasado | F64: Envasado
B65: Avena | C65: Quinua | D65: Leche Polvo | E65: Kiwicha | F65: Soya | G65: Fosfato Tricálcio | H65: Mix vitaminico
B66: 35.83 | C66: 29.86 | D66: 17.56 | E66: 11.94 | F66: 0.88 | G66: 3.72 | H66: 0.21
B69: SAN JOSE
D70: Deshidratado | F70: Tostado
B71: Laminado | C71: Laminado | D71: Molienda | E71: Laminado | F71: Molienda
B72: Mezclado | C72: Mezclado | D72: Mezclado | E72: Mezclado | F72: Mezclado
B73: Envasado | C73: Envasado | D73: Envasado | E73: Envasado | F73: Envasado
B74: Kiwicha | C74: Quinua | D74: Maca | E74: Avena | F74: Soya | G74: Fosfato Tricálcio | H74: Mix vitaminico
B75: 36.93 | C75: 24.62 | D75: 20.52 | E75: 11.28 | F75: 2.05 | G75: 4.35 | H75: 0.25
B78: PATAZ - TAYABAMBA
B79: Tostado | G79: Tostado
B80: Molienda | C80: Molienda | D80: Molienda | F80: Laminado | G80: Molienda
B81: Mezclado | C81: Mezclado | D81: Mezclado | E81: Mezclado | F81: Mezclado | G81: Mezclado
B82: Envasado | C82: Envasado | D82: Envasado | E82: Envasado | F82: Envasado | G82: Envasado
B83: Kiwicha | C83: Quinua | D83: Cañihua | E83: Almidon maca | F83: Avena | G83: Soya | H83: Fosfato Tricálcio | I83: Mix vitaminico
B84: 28.24 | C84: 26.67 | D84: 14.12 | E84: 10.98 | F84: 8.63 | G84: 7.84 | H84: 3.33 | I84: 0.19
B87: VIRU
E88: Deshidratado | G88: Tostado | H88: Tostado
B89: Laminado | C89: Laminado | D89: Laminado | E89: Molienda | G89: Molienda | H89: Molienda
B90: Mezclado | C90: Mezclado | D90: Mezclado | E90: Mezclado | F90: Mezclado | G90: Mezclado | H90: Mezclado | I90: Mezclado
B91: Envasado | C91: Envasado | D91: Envasado | E91: Envasado | F91: Envasado | G91: Envasado | H91: Envasado | I91: Envasado
B92: Kiwicha | C92: Quinua | D92: Avena | E92: Maca | F92: Aceite Girasol | G92: Linaza | H92: Ajonjoli | I92: Proteina aislada soya | J92: Fosfato Tricálcio | K92: Mix vitaminico
B93: 44.88 | C93: 22.44 | D93: 13.02 | E93: 10.2 | F93: 1.84 | G93: 1.02 | H93: 1.02 | I93: 1.02 | J93: 4.32 | K93: 0.24
