Workbook

Sheet Cereal
A1: EMPRESA | B1: MUNICIPALIDAD | C1: MES | D1: FECHA | E1: N° BOLSAS | F1: KG BOLSA | G1: TOTAL (KG) | H1: CAP. SACOS | I1: N° SACOS | J1: UNIDADES | K1: PRODUCCIÓN | L1: ENVASADO | M1: SALIDA | N1: PRODUCTO
A2: PENDIENTE | B2: Agua Blanca | C2: Enero | D2: 46081 | E2: 640 | F2: 1.27593 | G2: =Cereal[[#This Row],[N° BOLSAS]]*Cereal[[#This Row],[KG BOLSA]] -> 816.5952 | H2: 35 | I2: =ROUNDDOWN(Cereal[[#This Row],[N° BOLSAS]]/Cereal[[#This Row],[CAP. SACOS]],0) -> 18 | J2: =Cereal[[#This Row],[N° BOLSAS]]-Cereal[[#This Row],[N° SACOS]]*Cereal[[#This Row],[CAP. SACOS]] -> 10 | K2: 46075 | L2: 46075 | M2: 46119 | N2: HOJUELAS DE KIWICHA TOSTADA, SOYA INTEGRAL, QUINUA, AVENA CON MACA ENRIQUECIDA CON VITAMINAS Y MINERALES
A3: PENDIENTE | B3: Agua Blanca | C3: Febrero | D3: 46081 | E3: 640 | F3: 1.27593 | G3: =Cereal[[#This Row],[N° BOLSAS]]*Cereal[[#This Row],[KG BOLSA]] -> 816.5952 | H3: 35 | I3: =ROUNDDOWN(Cereal[[#This Row],[N° BOLSAS]]/Cereal[[#This Row],[CAP. SACOS]],0) -> 18 | J3: =Cereal[[#This Row],[N° BOLSAS]]-Cereal[[#This Row],[N° SACOS]]*Cereal[[#This Row],[CAP. SACOS]] -> 10 | K3: 46075 | L3: 46075 | M3: 46119 | N3: HOJUELAS DE KIWICHA TOSTADA, SOYA INTEGRAL, QUINUA, AVENA CON MACA ENRIQUECIDA CON VITAMINAS Y MINERALES
A4: PENDIENTE | B4: Agua Blanca | C4: Marzo | D4: 46081 | E4: 640 | F4: 1.27593 | G4: =Cereal[[#This Row],[N° BOLSAS]]*Cereal[[#This Row],[KG BOLSA]] -> 816.5952 | H4: 35 | I4: =ROUNDDOWN(Cereal[[#This Row],[N° BOLSAS]]/Cereal[[#This Row],[CAP. SACOS]],0) -> 18 | J4: =Cereal[[#This Row],[N° BOLSAS]]-Cereal[[#This Row],[N° SACOS]]*Cereal[[#This Row],[CAP. SACOS]] -> 10 | K4: 46075 | L4: 46075 | M4: 46119 | N4: HOJUELAS DE KIWICHA TOSTADA, SOYA INTEGRAL, QUINUA, AVENA CON MACA ENRIQUECIDA CON VITAMINAS Y MINERALES
A5: PENDIENTE | B5: Agua Blanca | C5: Abril | D5: 46081 | E5: 640 | F5: 1.27593 | G5: =Cereal[[#This Row],[N° BOLSAS]]*Cereal[[#This Row],[KG BOLSA]] -> 816.5952 | H5: 35 | I5: =ROUNDDOWN(Cereal[[#This Row],[N° BOLSAS]]/Cereal[[#This Row],[CAP. SACOS]],0) -> 18 | J5: =Cereal[[#This Row],[N° BOLSAS]]-Cereal[[#This Row],[N° SACOS]]*Cereal[[#This Row],[CAP. SACOS]] -> 10 | K5: 46075 | L5: 46075 | M5: 46119 | N5: HOJUELAS DE KIWICHA TOSTADA, SOYA INTEGRAL, QUINUA, AVENA CON MACA ENRIQUECIDA CON VITAMINAS Y MINERALES
A6: PENDIENTE | B6: Agua Blanca | C6: Mayo | D6: 46140 | E6: 640 | F6: 1.27593 | G6: =Cereal[[#This Row],[N° BOLSAS]]*Cereal[[#This Row],[KG BOLSA]] -> 816.5952 | H6: 35 | I6: =ROUNDDOWN(Cereal[[#This Row],[N° BOLSAS]]/Cereal[[#This Row],[CAP. SACOS]],0) -> 18 | J6: =Cereal[[#This Row],[N° BOLSAS]]-Cereal[[#This Row],[N° SACOS]]*Cereal[[#This Row],[CAP. SACOS]] -> 10 | K6: 46147 | L6: 46147 | M6: 46147 | N6: HOJUELAS DE KIWICHA TOSTADA, SOYA INTEGRAL, QUINUA, AVENA CON MACA ENRIQUECIDA CON VITAMINAS Y MINERALES
A7: PENDIENTE | B7: Agua Blanca | C7: Junio | D7: 46140 | E7: 640 | F7: 1.27593 | G7: =Cereal[[#This Row],[N° BOLSAS]]*Cereal[[#This Row],[KG BOLSA]] -> 816.5952 | H7: 35 | I7: =ROUNDDOWN(Cereal[[#This Row],[N° BOLSAS]]/Cereal[[#This Row],[CAP. SACOS]],0) -> 18 | J7: =Cereal[[#This Row],[N° BOLSAS]]-Cereal[[#This Row],[N° SACOS]]*Cereal[[#This Row],[CAP. SACOS]] -> 10 | K7: 46147 | L7: 46147 | M7: 46147 | N7: HOJUELAS DE KIWICHA TOSTADA, SOYA INTEGRAL, QUINUA, AVENA CON MACA ENRIQUECIDA CON VITAMINAS Y MINERALES
A8: PENDIENTE | B8: Agua Blanca | C8: Julio | D8: 46199 | E8: 640 | F8: 1.27593 | G8: =Cereal[[#This Row],[N° BOLSAS]]*Cereal[[#This Row],[KG BOLSA]] -> 816.5952 | H8: 35 | I8: =ROUNDDOWN(Cereal[[#This Row],[N° BOLSAS]]/Cereal[[#This Row],[CAP. SACOS]],0) -> 18 | J8: =Cereal[[#This Row],[N° BOLSAS]]-Cereal[[#This Row],[N° SACOS]]*Cereal[[#This Row],[CAP. SACOS]] -> 10 | K8: 46202 | L8: 46202 | M8: 46202 | N8: HOJUELAS DE KIWICHA TOSTADA, SOYA INTEGRAL, QUINUA, AVENA CON MACA ENRIQUECIDA CON VITAMINAS Y MINERALES
A9: PENDIENTE | B9: Agua Blanca | C9: Agosto | D9: 46199 | E9: 640 | F9: 1.27593 | G9: =Cereal[[#This Row],[N° BOLSAS]]*Cereal[[#This Row],[KG BOLSA]] -> 816.5952 | H9: 35 | I9: =ROUNDDOWN(Cereal[[#This Row],[N° BOLSAS]]/Cereal[[#This Row],[CAP. SACOS]],0) -> 18 | J9: =Cereal[[#This Row],[N° BOLSAS]]-Cereal[[#This Row],[N° SACOS]]*Cereal[[#This Row],[CAP. SACOS]] -> 10 | K9: 46202 | L9: 46202 | M9: 46202 | N9: HOJUELAS DE KIWICHA TOSTADA, SOYA INTEGRAL, QUINUA, AVENA CON MACA ENRIQUECIDA CON VITAMINAS Y MINERALES
A10: PENDIENTE | B10: Agua Blanca | C10: Setiembre | D10: 46262 | E10: 640 | F10: 1.27593 | G10: =Cereal[[#This Row],[N° BOLSAS]]*Cereal[[#This Row],[KG BOLSA]] -> 816.5952 | H10: 35 | I10: =ROUNDDOWN(Cereal[[#This Row],[N° BOLSAS]]/Cereal[[#This Row],[CAP. SACOS]],0) -> 18 | J10: =Cereal[[#This Row],[N° BOLSAS]]-Cereal[[#This Row],[N° SACOS]]*Cereal[[#This Row],[CAP. SACOS]] -> 10 | K10: 46263 | L10: 46263 | M10: 46269 | N10: HOJUELAS DE KIWICHA TOSTADA, SOYA INTEGRAL, QUINUA, AVENA CON MACA ENRIQUECIDA CON VITAMINAS Y MINERALES
A11: PENDIENTE | B11: Agua Blanca | C11: Octubre | D11: 46262 | E11: 640 | F11: 1.27593 | G11: =Cereal[[#This Row],[N° BOLSAS]]*Cereal[[#This Row],[KG BOLSA]] -> 816.5952 | H11: 35 | I11: =ROUNDDOWN(Cereal[[#This Row],[N° BOLSAS]]/Cereal[[#This Row],[CAP. SACOS]],0) -> 18 | J11: =Cereal[[#This Row],[N° BOLSAS]]-Cereal[[#This Row],[N° SACOS]]*Cereal[[#This Row],[CAP. SACOS]] -> 10 | K11: 46263 | L11: 46263 | M11: 46269 | N11: HOJUELAS DE KIWICHA TOSTADA, SOYA INTEGRAL, QUINUA, AVENA CON MACA ENRIQUECIDA CON VITAMINAS Y MINERALES
A12: PENDIENTE | B12: Agua Blanca | C12: Noviembre | D12: 46322 | E12: 640 | F12: 1.27593 | G12: =Cereal[[#This Row],[N° BOLSAS]]*Cereal[[#This Row],[KG BOLSA]] -> 816.5952 | H12: 35 | I12: =ROUNDDOWN(Cereal[[#This Row],[N° BOLSAS]]/Cereal[[#This Row],[CAP. SACOS]],0) -> 18 | J12: =Cereal[[#This Row],[N° BOLSAS]]-Cereal[[#This Row],[N° SACOS]]*Cereal[[#This Row],[CAP. SACOS]] -> 10 | N12: HOJUELAS DE KIWICHA TOSTADA, SOYA INTEGRAL, QUINUA, AVENA CON MACA ENRIQUECIDA CON VITAMINAS Y MINERALES
A13: PENDIENTE | B13: Agua Blanca | C13: Diciembre | D13: 46322 | E13: 640 | F13: 1.27593 | G13: =Cereal[[#This Row],[N° BOLSAS]]*Cereal[[#This Row],[KG BOLSA]] -> 816.5952 | H13: 35 | I13: =ROUNDDOWN(Cereal[[#This Row],[N° BOLSAS]]/Cereal[[#This Row],[CAP. SACOS]],0) -> 18 | J13: =Cereal[[#This Row],[N° BOLSAS]]-Cereal[[#This Row],[N° SACOS]]*Cereal[[#This Row],[CAP. SACOS]] -> 10 | N13: HOJUELAS DE KIWICHA TOSTADA, SOYA INTEGRAL, QUINUA, AVENA CON MACA ENRIQUECIDA CON VITAMINAS Y MINERALES
A14: PENDIENTE | B14: Alto Biavo | C14: O.C. | D14: 46052 | E14: 1041 | F14: 1 | G14: =Cereal[[#This Row],[N° BOLSAS]]*Cereal[[#This Row],[KG BOLSA]] -> 1041 | H14: 50 | I14: =ROUNDDOWN(Cereal[[#This Row],[N° BOLSAS]]/Cereal[[#This Row],[CAP. SACOS]],0) -> 20 | J14: =Cereal[[#This Row],[N° BOLSAS]]-Cereal[[#This Row],[N° SACOS]]*Cereal[[#This Row],[CAP. SACOS]] -> 41 | K14: 46051 | L14: 46051 | M14: 46051 | N14: HOJUELAS PRECOCIDAS AZUCARADAS DE AVENA, CAÑIHUA, QUINUA, CEBADA, MACA, ALBUMINA DE HUEVO FORTIFICADA CON VITAMINAS Y MINERALES
A15: PENDIENTE | B15: Alto Biavo | C15: Marzo | D15: 46112 | E15: 547 | F15: 1 | G15: =Cereal[[#This Row],[N° BOLSAS]]*Cereal[[#This Row],[KG BOLSA]] -> 547 | H15: 50 | I15: =ROUNDDOWN(Cereal[[#This Row],[N° BOLSAS]]/Cereal[[#This Row],[CAP. SACOS]],0) -> 10 | J15: =Cereal[[#This Row],[N° BOLSAS]]-Cereal[[#This Row],[N° SACOS]]*Cereal[[#This Row],[CAP. SACOS]] -> 47 | K15: 46109 | L15: 46109 | M15: 46109 | N15: HOJUELAS PRECOCIDAS AZUCARADAS DE AVENA, CAÑIHUA, QUINUA, CEBADA, MACA, ALBUMINA DE HUEVO FORTIFICADA CON VITAMINAS Y MINERALES
A16: PENDIENTE | B16: Alto Biavo | C16: Abril | D16: 46112 | E16: 528 | F16: 1 | G16: =Cereal[[#This Row],[N° BOLSAS]]*Cereal[[#This Row],[KG BOLSA]] -> 528 | H16: 50 | I16: =ROUNDDOWN(Cereal[[#This Row],[N° BOLSAS]]/Cereal[[#This Row],[CAP. SACOS]],0) -> 10 | J16: =Cereal[[#This Row],[N° BOLSAS]]-Cereal[[#This Row],[N° SACOS]]*Cereal[[#This Row],[CAP. SACOS]] -> 28 | K16: 46109 | L16: 46109 | M16: 46109 | N16: HOJUELAS PRECOCIDAS AZUCARADAS DE AVENA, CAÑIHUA, QUINUA, CEBADA, MACA, ALBUMINA DE HUEVO FORTIFICADA CON VITAMINAS Y MINERALES
A17: PENDIENTE | B17: Alto Biavo | C17: Mayo | D17: 46127 | E17: 547 | F17: 1 | G17: =Cereal[[#This Row],[N° BOLSAS]]*Cereal[[#This Row],[KG BOLSA]] -> 547 | H17: 50 | I17: =ROUNDDOWN(Cereal[[#This Row],[N° BOLSAS]]/Cereal[[#This Row],[CAP. SACOS]],0) -> 10 | J17: =Cereal[[#This Row],[N° BOLSAS]]-Cereal[[#This Row],[N° SACOS]]*Cereal[[#This Row],[CAP. SACOS]] -> 47 | K17: 46136 | L17: 46136 | M17: 46147 | N17: HOJUELAS PRECOCIDAS AZUCARADAS DE AVENA, CAÑIHUA, QUINUA, CEBADA, MACA, ALBUMINA DE HUEVO FORTIFICADA CON VITAMINAS Y MINERALES
A18: PENDIENTE | B18: Alto Biavo | C18: Junio | D18: 46127 | E18: 528 | F18: 1 | G18: =Cereal[[#This Row],[N° BOLSAS]]*Cereal[[#This Row],[KG BOLSA]] -> 528 | H18: 50 | I18: =ROUNDDOWN(Cereal[[#This Row],[N° BOLSAS]]/Cereal[[#This Row],[CAP. SACOS]],0) -> 10 | J18: =Cereal[[#This Row],[N° BOLSAS]]-Cereal[[#This Row],[N° SACOS]]*Cereal[[#This Row],[CAP. SACOS]] -> 28 | K18: 46136 | L18: 46136 | M18: 46147 | N18: HOJUELAS PRECOCIDAS AZUCARADAS DE AVENA, CAÑIHUA, QUINUA, CEBADA, MACA, ALBUMINA DE HUEVO FORTIFICADA CON VITAMINAS Y MINERALES
A19: PENDIENTE | B19: Alto Biavo | C19: Julio | D19: 46188 | E19: 547 | F19: 1 | G19: =Cereal[[#This Row],[N° BOLSAS]]*Cereal[[#This Row],[KG BOLSA]] -> 547 | H19: 50 | I19: =ROUNDDOWN(Cereal[[#This Row],[N° BOLSAS]]/Cereal[[#This Row],[CAP. SACOS]],0) -> 10 | J19: =Cereal[[#This Row],[N° BOLSAS]]-Cereal[[#This Row],[N° SACOS]]*Cereal[[#This Row],[CAP. SACOS]] -> 47 | K19: 46175 | L19: 46175 | M19: 46178 | N19: HOJUELAS PRECOCIDAS AZUCARADAS DE AVENA, CAÑIHUA, QUINUA, CEBADA, MACA, ALBUMINA DE HUEVO FORTIFICADA CON VITAMINAS Y MINERALES
A20: PENDIENTE | B20: Alto Biavo | C20: Agosto | D20: 46188 | E20: 547 | F20: 1 | G20: =Cereal[[#This Row],[N° BOLSAS]]*Cereal[[#This Row],[KG BOLSA]] -> 547 | H20: 50 | I20: =ROUNDDOWN(Cereal[[#This Row],[N° BOLSAS]]/Cereal[[#This Row],[CAP. SACOS]],0) -> 10 | J20: =Cereal[[#This Row],[N° BOLSAS]]-Cereal[[#This Row],[N° SACOS]]*Cereal[[#This Row],[CAP. SACOS]] -> 47 | K20: 46175 | L20: 46175 | M20: 46178 | N20: HOJUELAS PRECOCIDAS AZUCARADAS DE AVENA, CAÑIHUA, QUINUA, CEBADA, MACA, ALBUMINA DE HUEVO FORTIFICADA CON VITAMINAS Y MINERALES
A21: PENDIENTE | B21: Alto Biavo | C21: Setiembre | D21: 46249 | E21: 530 | F21: 1 | G21: =Cereal[[#This Row],[N° BOLSAS]]*Cereal[[#This Row],[KG BOLSA]] -> 530 | H21: 50 | I21: =ROUNDDOWN(Cereal[[#This Row],[N° BOLSAS]]/Cereal[[#This Row],[CAP. SACOS]],0) -> 10 | J21: =Cereal[[#This Row],[N° BOLSAS]]-Cereal[[#This Row],[N° SACOS]]*Cereal[[#This Row],[CAP. SACOS]] -> 30 | K21: 46241 | L21: 46241 | M21: 46253 | N21: HOJUELAS PRECOCIDAS AZUCARADAS DE AVENA, CAÑIHUA, QUINUA, CEBADA, MACA, ALBUMINA DE HUEVO FORTIFICADA CON VITAMINAS Y MINERALES
A22: PENDIENTE | B22: Alto Biavo | C22: Octubre | D22: 46249 | E22: 548 | F22: 1 | G22: =Cereal[[#This Row],[N° BOLSAS]]*Cereal[[#This Row],[KG BOLSA]] -> 548 | H22: 50 | I22: =ROUNDDOWN(Cereal[[#This Row],[N° BOLSAS]]/Cereal[[#This Row],[CAP. SACOS]],0) -> 10 | J22: =Cereal[[#This Row],[N° BOLSAS]]-Cereal[[#This Row],[N° SACOS]]*Cereal[[#This Row],[CAP. SACOS]] -> 48 | K22: 46241 | L22: 46241 | M22: 46253 | N22: HOJUELAS PRECOCIDAS AZUCARADAS DE AVENA, CAÑIHUA, QUINUA, CEBADA, MACA, ALBUMINA DE HUEVO FORTIFICADA CON VITAMINAS Y MINERALES
A23: PENDIENTE | B23: Alto Biavo | C23: Noviembre | D23: 46310 | E23: 530 | F23: 1 | G23: =Cereal[[#This Row],[N° BOLSAS]]*Cereal[[#This Row],[KG BOLSA]] -> 530 | H23: 50 | I23: =ROUNDDOWN(Cereal[[#This Row],[N° BOLSAS]]/Cereal[[#This Row],[CAP. SACOS]],0) -> 10 | J23: =Cereal[[#This Row],[N° BOLSAS]]-Cereal[[#This Row],[N° SACOS]]*Cereal[[#This Row],[CAP. SACOS]] -> 30 | N23: HOJUELAS PRECOCIDAS AZUCARADAS DE AVENA, CAÑIHUA, QUINUA, CEBADA, MACA, ALBUMINA DE HUEVO FORTIFICADA CON VITAMINAS Y MINERALES
A24: PENDIENTE | B24: Alto Biavo | C24: Diciembre | D24: 46310 | E24: 548 | F24: 1 | G24: =Cereal[[#This Row],[N° BOLSAS]]*Cereal[[#This Row],[KG BOLSA]] -> 548 | H24: 50 | I24: =ROUNDDOWN(Cereal[[#This Row],[N° BOLSAS]]/Cereal[[#This Row],[CAP. SACOS]],0) -> 10 | J24: =Cereal[[#This Row],[N° BOLSAS]]-Cereal[[#This Row],[N° SACOS]]*Cereal[[#This Row],[CAP. SACOS]] -> 48 | N24: HOJUELAS PRECOCIDAS AZUCARADAS DE AVENA, CAÑIHUA, QUINUA, CEBADA, MACA, ALBUMINA DE HUEVO FORTIFICADA CON VITAMINAS Y MINERALES
A25: PENDIENTE | B25: Alto Trujillo | C25: Abril | D25: 46112 | E25: 3120 | F25: 0.95146 | G25: =Cereal[[#This Row],[N° BOLSAS]]*Cereal[[#This Row],[KG BOLSA]] -> 2968.5552 | H25: 40 | I25: =ROUNDDOWN(Cereal[[#This Row],[N° BOLSAS]]/Cereal[[#This Row],[CAP. SACOS]],0) -> 78 | J25: =Cereal[[#This Row],[N° BOLSAS]]-Cereal[[#This Row],[N° SACOS]]*Cereal[[#This Row],[CAP. SACOS]] -> 0 | K25: 46105 | L25: 46105 | M25: 46105 | N25: MEZCLA DE HOJUELAS DE QUINUA, AVENA Y KIWICHA ENRIQUECIDA CON VITAMINAS Y MINERALES - HOJUELAS CRUDAS
A26: PENDIENTE | B26: Alto Trujillo | C26: Mayo | D26: 46142 | E26: 3120 | F26: 0.95146 | G26: =Cereal[[#This Row],[N° BOLSAS]]*Cereal[[#This Row],[KG BOLSA]] -> 2968.5552 | H26: 40 | I26: =ROUNDDOWN(Cereal[[#This Row],[N° BOLSAS]]/Cereal[[#This Row],[CAP. SACOS]],0) -> 78 | J26: =Cereal[[#This Row],[N° BOLSAS]]-Cereal[[#This Row],[N° SACOS]]*Cereal[[#This Row],[CAP. SACOS]] -> 0 | K26: 46139 | L26: 46139 | M26: 46139 | N26: MEZCLA DE HOJUELAS DE QUINUA, AVENA Y KIWICHA ENRIQUECIDA CON VITAMINAS Y MINERALES - HOJUELAS CRUDAS
A27: PENDIENTE | B27: Alto Trujillo | C27: Junio | D27: 46173 | E27: 3120 | F27: 0.95146 | G27: =Cereal[[#This Row],[N° BOLSAS]]*Cereal[[#This Row],[KG BOLSA]] -> 2968.5552 | H27: 40 | I27: =ROUNDDOWN(Cereal[[#This Row],[N° BOLSAS]]/Cereal[[#This Row],[CAP. SACOS]],0) -> 78 | J27: =Cereal[[#This Row],[N° BOLSAS]]-Cereal[[#This Row],[N° SACOS]]*Cereal[[#This Row],[CAP. SACOS]] -> 0 | K27: 46161 | L27: 46161 | M27: 46167 | N27: MEZCLA DE HOJUELAS DE QUINUA, AVENA Y KIWICHA ENRIQUECIDA CON VITAMINAS Y MINERALES - HOJUELAS CRUDAS
A28: PENDIENTE | B28: Alto Trujillo | C28: Julio | D28: 46203 | E28: 3120 | F28: 0.95146 | G28: =Cereal[[#This Row],[N° BOLSAS]]*Cereal[[#This Row],[KG BOLSA]] -> 2968.5552 | H28: 40 | I28: =ROUNDDOWN(Cereal[[#This Row],[N° BOLSAS]]/Cereal[[#This Row],[CAP. SACOS]],0) -> 78 | J28: =Cereal[[#This Row],[N° BOLSAS]]-Cereal[[#This Row],[N° SACOS]]*Cereal[[#This Row],[CAP. SACOS]] -> 0 | K28: 46197 | L28: 46197 | M28: 46197 | N28: MEZCLA DE HOJUELAS DE QUINUA, AVENA Y KIWICHA ENRIQUECIDA CON VITAMINAS Y MINERALES - HOJUELAS CRUDAS
A29: PENDIENTE | B29: Alto Trujillo | C29: Agosto | D29: 46234 | E29: 3120 | F29: 0.95146 | G29: =Cereal[[#This Row],[N° BOLSAS]]*Cereal[[#This Row],[KG BOLSA]] -> 2968.5552 | H29: 40 | I29: =ROUNDDOWN(Cereal[[#This Row],[N° BOLSAS]]/Cereal[[#This Row],[CAP. SACOS]],0) -> 78 | J29: =Cereal[[#This Row],[N° BOLSAS]]-Cereal[[#This Row],[N° SACOS]]*Cereal[[#This Row],[CAP. SACOS]] -> 0 | K29: 46225 | L29: 46225 | M29: 46225 | N29: MEZCLA DE HOJUELAS DE QUINUA, AVENA Y KIWICHA ENRIQUECIDA CON VITAMINAS Y MINERALES - HOJUELAS CRUDAS
A30: PENDIENTE | B30: Alto Trujillo | C30: O.C. | D30: 46265 | E30: 3120 | F30: 1.18512 | G30: =Cereal[[#This Row],[N° BOLSAS]]*Cereal[[#This Row],[KG BOLSA]] -> 3697.5744 | H30: 35 | I30: =ROUNDDOWN(Cereal[[#This Row],[N° BOLSAS]]/Cereal[[#This Row],[CAP. SACOS]],0) -> 89 | J30: =Cereal[[#This Row],[N° BOLSAS]]-Cereal[[#This Row],[N° SACOS]]*Cereal[[#This Row],[CAP. SACOS]] -> 5 | K30: 46244 | L30: 46244 | M30: 46244 | N30: MEZCLA DE HOJUELAS DE QUINUA, AVENA Y KIWICHA ENRIQUECIDA CON VITAMINAS Y MINERALES - HOJUELAS CRUDAS
A31: PENDIENTE | B31: Alto Trujillo | C31: Setiembre | D31: 46265 | E31: 3120 | F31: 0.95146 | G31: =Cereal[[#This Row],[N° BOLSAS]]*Cereal[[#This Row],[KG BOLSA]] -> 2968.5552 | H31: 40 | I31: =ROUNDDOWN(Cereal[[#This Row],[N° BOLSAS]]/Cereal[[#This Row],[CAP. SACOS]],0) -> 78 | J31: =Cereal[[#This Row],[N° BOLSAS]]-Cereal[[#This Row],[N° SACOS]]*Cereal[[#This Row],[CAP. SACOS]] -> 0 | K31: 46251 | L31: 46251 | M31: 46263 | N31: MEZCLA DE HOJUELAS DE QUINUA, AVENA Y KIWICHA ENRIQUECIDA CON VITAMINAS Y MINERALES - HOJUELAS CRUDAS
A32: PENDIENTE | B32: Alto Trujillo | C32: Octubre | D32: 46295 | E32: 3120 | F32: 0.95146 | G32: =Cereal[[#This Row],[N° BOLSAS]]*Cereal[[#This Row],[KG BOLSA]] -> 2968.5552 | H32: 40 | I32: =ROUNDDOWN(Cereal[[#This Row],[N° BOLSAS]]/Cereal[[#This Row],[CAP. SACOS]],0) -> 78 | J32: =Cereal[[#This Row],[N° BOLSAS]]-Cereal[[#This Row],[N° SACOS]]*Cereal[[#This Row],[CAP. SACOS]] -> 0 | K32: 46290 | L32: 46290 | M32: 46290 | N32: MEZCLA DE HOJUELAS DE QUINUA, AVENA Y KIWICHA ENRIQUECIDA CON VITAMINAS Y MINERALES - HOJUELAS CRUDAS
A33: PENDIENTE | B33: Alto Trujillo | C33: Noviembre | D33: 46326 | E33: 3120 | F33: 0.95146 | G33: =Cereal[[#This Row],[N° BOLSAS]]*Cereal[[#This Row],[KG BOLSA]] -> 2968.5552 | H33: 40 | I33: =ROUNDDOWN(Cereal[[#This Row],[N° BOLSAS]]/Cereal[[#This Row],[CAP. SACOS]],0) -> 78 | J33: =Cereal[[#This Row],[N° BOLSAS]]-Cereal[[#This Row],[N° SACOS]]*Cereal[[#This Row],[CAP. SACOS]] -> 0 | N33: MEZCLA DE HOJUELAS DE QUINUA, AVENA Y KIWICHA ENRIQUECIDA CON VITAMINAS Y MINERALES - HOJUELAS CRUDAS
A34: PENDIENTE | B34: Alto Trujillo | C34: Diciembre | D34: 46356 | E34: 3120 | F34: 0.95146 | G34: =Cereal[[#This Row],[N° BOLSAS]]*Cereal[[#This Row],[KG BOLSA]] -> 2968.5552 | H34: 40 | I34: =ROUNDDOWN(Cereal[[#This Row],[N° BOLSAS]]/Cereal[[#This Row],[CAP. SACOS]],0) -> 78 | J34: =Cereal[[#This Row],[N° BOLSAS]]-Cereal[[#This Row],[N° SACOS]]*Cereal[[#This Row],[CAP. SACOS]] -> 0 | N34: MEZCLA DE HOJUELAS DE QUINUA, AVENA Y KIWICHA ENRIQUECIDA CON VITAMINAS Y MINERALES - HOJUELAS CRUDAS
A35: PENDIENTE | B35: Alto Trujillo | C35: 46388 | D35: 46387 | E35: 3120 | F35: 0.95146 | G35: =Cereal[[#This Row],[N° BOLSAS]]*Cereal[[#This Row],[KG BOLSA]] -> 2968.5552 | H35: 40 | I35: =ROUNDDOWN(Cereal[[#This Row],[N° BOLSAS]]/Cereal[[#This Row],[CAP. SACOS]],0) -> 78 | J35: =Cereal[[#This Row],[N° BOLSAS]]-Cereal[[#This Row],[N° SACOS]]*Cereal[[#This Row],[CAP. SACOS]] -> 0 | N35: MEZCLA DE HOJUELAS DE QUINUA, AVENA Y KIWICHA ENRIQUECIDA CON VITAMINAS Y MINERALES - HOJUELAS CRUDAS
A36: PENDIENTE | B36: Alto Trujillo | C36: 46419 | D36: 46418 | E36: 3120 | F36: 0.95146 | G36: =Cereal[[#This Row],[N° BOLSAS]]*Cereal[[#This Row],[KG BOLSA]] -> 2968.5552 | H36: 40 | I36: =ROUNDDOWN(Cereal[[#This Row],[N° BOLSAS]]/Cereal[[#This Row],[CAP. SACOS]],0) -> 78 | J36: =Cereal[[#This Row],[N° BOLSAS]]-Cereal[[#This Row],[N° SACOS]]*Cereal[[#This Row],[CAP. SACOS]] -> 0 | N36: MEZCLA DE HOJUELAS DE QUINUA, AVENA Y KIWICHA ENRIQUECIDA CON VITAMINAS Y MINERALES - HOJUELAS CRUDAS
A37: PENDIENTE | B37: Alto Trujillo | C37: 46447 | D37: 46446 | E37: 3120 | F37: 0.95146 | G37: =Cereal[[#This Row],[N° BOLSAS]]*Cereal[[#This Row],[KG BOLSA]] -> 2968.5552 | H37: 40 | I37: =ROUNDDOWN(Cereal[[#This Row],[N° BOLSAS]]/Cereal[[#This Row],[CAP. SACOS]],0) -> 78 | J37: =Cereal[[#This Row],[N° BOLSAS]]-Cereal[[#This Row],[N° SACOS]]*Cereal[[#This Row],[CAP. SACOS]] -> 0 | N37: MEZCLA DE HOJUELAS DE QUINUA, AVENA Y KIWICHA ENRIQUECIDA CON VITAMINAS Y MINERALES - HOJUELAS CRUDAS
A38: PENDIENTE | B38: Ascope | C38: Enero / Febrero / Marzo | D38: 46037 | E38: 2400 | F38: 0.778 | G38: =Cereal[[#This Row],[N° BOLSAS]]*Cereal[[#This Row],[KG BOLSA]] -> 1867.2 | H38: 60 | I38: =ROUNDDOWN(Cereal[[#This Row],[N° BOLSAS]]/Cereal[[#This Row],[CAP. SACOS]],0) -> 40 | J38: =Cereal[[#This Row],[N° BOLSAS]]-Cereal[[#This Row],[N° SACOS]]*Cereal[[#This Row],[CAP. SACOS]] -> 0 | K38: 46039 | L38: 46039 | M38: 46049 | N38: HOJUELAS DE AVENA, KIWICHA, QUINUA, MAÍZ CHUFLA CON SOYA, MACA Y AZÚCAR FORTIFICADA CON VITAMINAS Y MINERALES - HOJUELAS PRECOCIDAS
A39: PENDIENTE | B39: Ascope | C39: Abril / Mayo / Junio | D39: 46096 | E39: 2400 | F39: 0.778 | G39: =Cereal[[#This Row],[N° BOLSAS]]*Cereal[[#This Row],[KG BOLSA]] -> 1867.2 | H39: 60 | I39: =ROUNDDOWN(Cereal[[#This Row],[N° BOLSAS]]/Cereal[[#This Row],[CAP. SACOS]],0) -> 40 | J39: =Cereal[[#This Row],[N° BOLSAS]]-Cereal[[#This Row],[N° SACOS]]*Cereal[[#This Row],[CAP. SACOS]] -> 0 | K39: 46101 | L39: 46101 | M39: 46101 | N39: HOJUELAS DE AVENA, KIWICHA, QUINUA, MAÍZ CHUFLA CON SOYA, MACA Y AZÚCAR FORTIFICADA CON VITAMINAS Y MINERALES - HOJUELAS PRECOCIDAS
A40: PENDIENTE | B40: Ascope | C40: Julio / Agosto / Septiembre | D40: 46188 | E40: 2400 | F40: 0.778 | G40: =Cereal[[#This Row],[N° BOLSAS]]*Cereal[[#This Row],[KG BOLSA]] -> 1867.2 | H40: 60 | I40: =ROUNDDOWN(Cereal[[#This Row],[N° BOLSAS]]/Cereal[[#This Row],[CAP. SACOS]],0) -> 40 | J40: =Cereal[[#This Row],[N° BOLSAS]]-Cereal[[#This Row],[N° SACOS]]*Cereal[[#This Row],[CAP. SACOS]] -> 0 | K40: 46192 | L40: 46192 | M40: 46192 | N40: HOJUELAS DE AVENA, KIWICHA, QUINUA, MAÍZ CHUFLA CON SOYA, MACA Y AZÚCAR FORTIFICADA CON VITAMINAS Y MINERALES - HOJUELAS PRECOCIDAS
A41: PENDIENTE | B41: Ascope | C41: Octubre / Noviembre / Diciembre | D41: 46280 | E41: 2400 | F41: 0.778 | G41: =Cereal[[#This Row],[N° BOLSAS]]*Cereal[[#This Row],[KG BOLSA]] -> 1867.2 | H41: 60 | I41: =ROUNDDOWN(Cereal[[#This Row],[N° BOLSAS]]/Cereal[[#This Row],[CAP. SACOS]],0) -> 40 | J41: =Cereal[[#This Row],[N° BOLSAS]]-Cereal[[#This Row],[N° SACOS]]*Cereal[[#This Row],[CAP. SACOS]] -> 0 | K41: 46281 | L41: 46281 | M41: 46283 | N41: HOJUELAS DE AVENA, KIWICHA, QUINUA, MAÍZ CHUFLA CON SOYA, MACA Y AZÚCAR FORTIFICADA CON VITAMINAS Y MINERALES - HOJUELAS PRECOCIDAS
A42: PENDIENTE | B42: Asuncion | C42: Enero / Febrero / Marzo / Abril | D42: 46097 | E42: 9390 | F42: 1 | G42: =Cereal[[#This Row],[N° BOLSAS]]*Cereal[[#This Row],[KG BOLSA]] -> 9390 | H42: 40 | I42: =ROUNDDOWN(Cereal[[#This Row],[N° BOLSAS]]/Cereal[[#This Row],[CAP. SACOS]],0) -> 234 | J42: =Cereal[[#This Row],[N° BOLSAS]]-Cereal[[#This Row],[N° SACOS]]*Cereal[[#This Row],[CAP. SACOS]] -> 30 | K42: 46096 | L42: 46096 | M42: 46097 | N42: HOJUELA DE KIWICHA TOSTADA SOYA INTEGRAL QUINUA AVENA CON MACA ENRIQUECIDA CON VITAMINAS Y MINERALES
A43: PENDIENTE | B43: Asuncion | C43: Mayo / Junio | D43: 46133 | E43: 4696.5 | F43: 1 | G43: =Cereal[[#This Row],[N° BOLSAS]]*Cereal[[#This Row],[KG BOLSA]] -> 4696.5 | H43: 40 | I43: =ROUNDDOWN(Cereal[[#This Row],[N° BOLSAS]]/Cereal[[#This Row],[CAP. SACOS]],0) -> 117 | J43: =Cereal[[#This Row],[N° BOLSAS]]-Cereal[[#This Row],[N° SACOS]]*Cereal[[#This Row],[CAP. SACOS]] -> 16.5 | K43: 46130 | L43: 46130 | M43: 46131 | N43: HOJUELA DE KIWICHA TOSTADA SOYA INTEGRAL QUINUA AVENA CON MACA ENRIQUECIDA CON VITAMINAS Y MINERALES
A44: PENDIENTE | B44: Asuncion | C44: Julio / Agosto | D44: 46181 | E44: 4696.5 | F44: 1 | G44: =Cereal[[#This Row],[N° BOLSAS]]*Cereal[[#This Row],[KG BOLSA]] -> 4696.5 | H44: 40 | I44: =ROUNDDOWN(Cereal[[#This Row],[N° BOLSAS]]/Cereal[[#This Row],[CAP. SACOS]],0) -> 117 | J44: =Cereal[[#This Row],[N° BOLSAS]]-Cereal[[#This Row],[N° SACOS]]*Cereal[[#This Row],[CAP. SACOS]] -> 16.5 | K44: 46179 | L44: 46179 | M44: 46179 | N44: HOJUELA DE KIWICHA TOSTADA SOYA INTEGRAL QUINUA AVENA CON MACA ENRIQUECIDA CON VITAMINAS Y MINERALES
A45: PENDIENTE | B45: Asuncion | C45: O.C. | D45: 46254 | E45: 2684 | F45: 1.13 | G45: =Cereal[[#This Row],[N° BOLSAS]]*Cereal[[#This Row],[KG BOLSA]] -> 3032.92 | H45: 35 | I45: =ROUNDDOWN(Cereal[[#This Row],[N° BOLSAS]]/Cereal[[#This Row],[CAP. SACOS]],0) -> 76 | J45: =Cereal[[#This Row],[N° BOLSAS]]-Cereal[[#This Row],[N° SACOS]]*Cereal[[#This Row],[CAP. SACOS]] -> 24 | K45: 46237 | L45: 46237 | M45: 46237 | N45: HOJUELA DE KIWICHA TOSTADA SOYA INTEGRAL QUINUA AVENA CON MACA ENRIQUECIDA CON VITAMINAS Y MINERALES
A46: PENDIENTE | B46: Asuncion | C46: Septiembre / Octubre | D46: 46254 | E46: 4696.5 | F46: 1 | G46: =Cereal[[#This Row],[N° BOLSAS]]*Cereal[[#This Row],[KG BOLSA]] -> 4696.5 | H46: 40 | I46: =ROUNDDOWN(Cereal[[#This Row],[N° BOLSAS]]/Cereal[[#This Row],[CAP. SACOS]],0) -> 117 | J46: =Cereal[[#This Row],[N° BOLSAS]]-Cereal[[#This Row],[N° SACOS]]*Cereal[[#This Row],[CAP. SACOS]] -> 16.5 | K46: 46253 | L46: 46253 | M46: 46253 | N46: HOJUELA DE KIWICHA TOSTADA SOYA INTEGRAL QUINUA AVENA CON MACA ENRIQUECIDA CON VITAMINAS Y MINERALES
A47: PENDIENTE | B47: Asuncion | C47: Noviembre / Diciembre | D47: 46322 | E47: 4696.5 | F47: 1 | G47: =Cereal[[#This Row],[N° BOLSAS]]*Cereal[[#This Row],[KG BOLSA]] -> 4696.5 | H47: 40 | I47: =ROUNDDOWN(Cereal[[#This Row],[N° BOLSAS]]/Cereal[[#This Row],[CAP. SACOS]],0) -> 117 | J47: =Cereal[[#This Row],[N° BOLSAS]]-Cereal[[#This Row],[N° SACOS]]*Cereal[[#This Row],[CAP. SACOS]] -> 16.5 | N47: HOJUELA DE KIWICHA TOSTADA SOYA INTEGRAL QUINUA AVENA CON MACA ENRIQUECIDA CON VITAMINAS Y MINERALES
A48: PENDIENTE | B48: Asuncion - Chacas | C48: Enero / Febrero / Marzo | D48: 46127 | E48: 3051 | F48: 0.5 | G48: =Cereal[[#This Row],[N° BOLSAS]]*Cereal[[#This Row],[KG BOLSA]] -> 1525.5 | H48: 80 | I48: =ROUNDDOWN(Cereal[[#This Row],[N° BOLSAS]]/Cereal[[#This Row],[CAP. SACOS]],0) -> 38 | J48: =Cereal[[#This Row],[N° BOLSAS]]-Cereal[[#This Row],[N° SACOS]]*Cereal[[#This Row],[CAP. SACOS]] -> 11 | K48: 46128 | L48: 46128 | M48: 46128 | N48: HOJUELAS DE QUINUA AVENA KIWICHA CON HARINA DE MACA ENRIQUECIDA CON VITAMINAS Y MINERALES
A49: PENDIENTE | B49: Asuncion - Chacas | C49: Abril / Mayo / Junio | D49: 46127 | E49: 3051 | F49: 0.5 | G49: =Cereal[[#This Row],[N° BOLSAS]]*Cereal[[#This Row],[KG BOLSA]] -> 1525.5 | H49: 80 | I49: =ROUNDDOWN(Cereal[[#This Row],[N° BOLSAS]]/Cereal[[#This Row],[CAP. SACOS]],0) -> 38 | J49: =Cereal[[#This Row],[N° BOLSAS]]-Cereal[[#This Row],[N° SACOS]]*Cereal[[#This Row],[CAP. SACOS]] -> 11 | K49: 46128 | L49: 46128 | M49: 46128 | N49: HOJUELAS DE QUINUA AVENA KIWICHA CON HARINA DE MACA ENRIQUECIDA CON VITAMINAS Y MINERALES
A50: PENDIENTE | B50: Asuncion - Chacas | C50: Julio / Agosto / Septiembre | D50: 46199 | E50: 3051 | F50: 0.5 | G50: =Cereal[[#This Row],[N° BOLSAS]]*Cereal[[#This Row],[KG BOLSA]] -> 1525.5 | H50: 80 | I50: =ROUNDDOWN(Cereal[[#This Row],[N° BOLSAS]]/Cereal[[#This Row],[CAP. SACOS]],0) -> 38 | J50: =Cereal[[#This Row],[N° BOLSAS]]-Cereal[[#This Row],[N° SACOS]]*Cereal[[#This Row],[CAP. SACOS]] -> 11 | K50: 46198 | L50: 46198 | M50: 46198 | N50: HOJUELAS DE QUINUA AVENA KIWICHA CON HARINA DE MACA ENRIQUECIDA CON VITAMINAS Y MINERALES
A51: PENDIENTE | B51: Asuncion - Chacas | C51: Octubre / Noviembre / Diciembre | D51: 46290 | E51: 3051 | F51: 0.5 | G51: =Cereal[[#This Row],[N° BOLSAS]]*Cereal[[#This Row],[KG BOLSA]] -> 1525.5 | H51: 80 | I51: =ROUNDDOWN(Cereal[[#This Row],[N° BOLSAS]]/Cereal[[#This Row],[CAP. SACOS]],0) -> 38 | J51: =Cereal[[#This Row],[N° BOLSAS]]-Cereal[[#This Row],[N° SACOS]]*Cereal[[#This Row],[CAP. SACOS]] -> 11 | N51: HOJUELAS DE QUINUA AVENA KIWICHA CON HARINA DE MACA ENRIQUECIDA CON VITAMINAS Y MINERALES
A52: PENDIENTE | B52: Barranquita | C52: Enero | D52: 46022 | E52: 802 | F52: 1 | G52: =Cereal[[#This Row],[N° BOLSAS]]*Cereal[[#This Row],[KG BOLSA]] -> 802 | H52: 50 | I52: =ROUNDDOWN(Cereal[[#This Row],[N° BOLSAS]]/Cereal[[#This Row],[CAP. SACOS]],0) -> 16 | J52: =Cereal[[#This Row],[N° BOLSAS]]-Cereal[[#This Row],[N° SACOS]]*Cereal[[#This Row],[CAP. SACOS]] -> 2 | K52: 46026 | L52: 46026 | M52: 46032 | N52: HOJUELAS PRECOCIDAS AZUCARADAS DE AVENA, CAÑIHUA, QUINUA, HARINA TOSTADA DE CEBADA, HARINA DESHIDRATADA MACA, HARINA INTEGRAL DE SOYA, ALBUMINA DE HUEVO FORTIFICADA CON VITAMINAS Y MINERALES
A53: PENDIENTE | B53: Barranquita | C53: Febrero | D53: 46045 | E53: 723 | F53: 1 | G53: =Cereal[[#This Row],[N° BOLSAS]]*Cereal[[#This Row],[KG BOLSA]] -> 723 | H53: 50 | I53: =ROUNDDOWN(Cereal[[#This Row],[N° BOLSAS]]/Cereal[[#This Row],[CAP. SACOS]],0) -> 14 | J53: =Cereal[[#This Row],[N° BOLSAS]]-Cereal[[#This Row],[N° SACOS]]*Cereal[[#This Row],[CAP. SACOS]] -> 23 | K53: 46026 | L53: 46026 | M53: 46032 | N53: HOJUELAS PRECOCIDAS AZUCARADAS DE AVENA, CAÑIHUA, QUINUA, HARINA TOSTADA DE CEBADA, HARINA DESHIDRATADA MACA, HARINA INTEGRAL DE SOYA, ALBUMINA DE HUEVO FORTIFICADA CON VITAMINAS Y MINERALES
A54: PENDIENTE | B54: Barranquita | C54: Marzo | D54: 46073 | E54: 802 | F54: 1 | G54: =Cereal[[#This Row],[N° BOLSAS]]*Cereal[[#This Row],[KG BOLSA]] -> 802 | H54: 50 | I54: =ROUNDDOWN(Cereal[[#This Row],[N° BOLSAS]]/Cereal[[#This Row],[CAP. SACOS]],0) -> 16 | J54: =Cereal[[#This Row],[N° BOLSAS]]-Cereal[[#This Row],[N° SACOS]]*Cereal[[#This Row],[CAP. SACOS]] -> 2 | K54: 46063 | L54: 46063 | M54: 46063 | N54: HOJUELAS PRECOCIDAS AZUCARADAS DE AVENA, CAÑIHUA, QUINUA, HARINA TOSTADA DE CEBADA, HARINA DESHIDRATADA MACA, HARINA INTEGRAL DE SOYA, ALBUMINA DE HUEVO FORTIFICADA CON VITAMINAS Y MINERALES
A55: PENDIENTE | B55: Barranquita | C55: Abril | D55: 46073 | E55: 775 | F55: 1 | G55: =Cereal[[#This Row],[N° BOLSAS]]*Cereal[[#This Row],[KG BOLSA]] -> 775 | H55: 50 | I55: =ROUNDDOWN(Cereal[[#This Row],[N° BOLSAS]]/Cereal[[#This Row],[CAP. SACOS]],0) -> 15 | J55: =Cereal[[#This Row],[N° BOLSAS]]-Cereal[[#This Row],[N° SACOS]]*Cereal[[#This Row],[CAP. SACOS]] -> 25 | K55: 46063 | L55: 46063 | M55: 46063 | N55: HOJUELAS PRECOCIDAS AZUCARADAS DE AVENA, CAÑIHUA, QUINUA, HARINA TOSTADA DE CEBADA, HARINA DESHIDRATADA MACA, HARINA INTEGRAL DE SOYA, ALBUMINA DE HUEVO FORTIFICADA CON VITAMINAS Y MINERALES
A56: PENDIENTE | B56: Barranquita | C56: Mayo | D56: 46133 | E56: 802 | F56: 1 | G56: =Cereal[[#This Row],[N° BOLSAS]]*Cereal[[#This Row],[KG BOLSA]] -> 802 | H56: 50 | I56: =ROUNDDOWN(Cereal[[#This Row],[N° BOLSAS]]/Cereal[[#This Row],[CAP. SACOS]],0) -> 16 | J56: =Cereal[[#This Row],[N° BOLSAS]]-Cereal[[#This Row],[N° SACOS]]*Cereal[[#This Row],[CAP. SACOS]] -> 2 | K56: 46121 | L56: 46121 | M56: 46121 | N56: HOJUELAS PRECOCIDAS AZUCARADAS DE AVENA, CAÑIHUA, QUINUA, HARINA TOSTADA DE CEBADA, HARINA DESHIDRATADA MACA, HARINA INTEGRAL DE SOYA, ALBUMINA DE HUEVO FORTIFICADA CON VITAMINAS Y MINERALES
A57: PENDIENTE | B57: Barranquita | C57: Junio | D57: 46133 | E57: 775 | F57: 1 | G57: =Cereal[[#This Row],[N° BOLSAS]]*Cereal[[#This Row],[KG BOLSA]] -> 775 | H57: 50 | I57: =ROUNDDOWN(Cereal[[#This Row],[N° BOLSAS]]/Cereal[[#This Row],[CAP. SACOS]],0) -> 15 | J57: =Cereal[[#This Row],[N° BOLSAS]]-Cereal[[#This Row],[N° SACOS]]*Cereal[[#This Row],[CAP. SACOS]] -> 25 | K57: 46121 | L57: 46121 | M57: 46121 | N57: HOJUELAS PRECOCIDAS AZUCARADAS DE AVENA, CAÑIHUA, QUINUA, HARINA TOSTADA DE CEBADA, HARINA DESHIDRATADA MACA, HARINA INTEGRAL DE SOYA, ALBUMINA DE HUEVO FORTIFICADA CON VITAMINAS Y MINERALES
A58: PENDIENTE | B58: Barranquita | C58: Julio | D58: 46195 | E58: 802 | F58: 1 | G58: =Cereal[[#This Row],[N° BOLSAS]]*Cereal[[#This Row],[KG BOLSA]] -> 802 | H58: 50 | I58: =ROUNDDOWN(Cereal[[#This Row],[N° BOLSAS]]/Cereal[[#This Row],[CAP. SACOS]],0) -> 16 | J58: =Cereal[[#This Row],[N° BOLSAS]]-Cereal[[#This Row],[N° SACOS]]*Cereal[[#This Row],[CAP. SACOS]] -> 2 | K58: 46177 | L58: 46177 | M58: 46178 | N58: HOJUELAS PRECOCIDAS AZUCARADAS DE AVENA, CAÑIHUA, QUINUA, HARINA TOSTADA DE CEBADA, HARINA DESHIDRATADA MACA, HARINA INTEGRAL DE SOYA, ALBUMINA DE HUEVO FORTIFICADA CON VITAMINAS Y MINERALES
A59: PENDIENTE | B59: Barranquita | C59: Agosto | D59: 46195 | E59: 802 | F59: 1 | G59: =Cereal[[#This Row],[N° BOLSAS]]*Cereal[[#This Row],[KG BOLSA]] -> 802 | H59: 50 | I59: =ROUNDDOWN(Cereal[[#This Row],[N° BOLSAS]]/Cereal[[#This Row],[CAP. SACOS]],0) -> 16 | J59: =Cereal[[#This Row],[N° BOLSAS]]-Cereal[[#This Row],[N° SACOS]]*Cereal[[#This Row],[CAP. SACOS]] -> 2 | K59: 46177 | L59: 46177 | M59: 46178 | N59: HOJUELAS PRECOCIDAS AZUCARADAS DE AVENA, CAÑIHUA, QUINUA, HARINA TOSTADA DE CEBADA, HARINA DESHIDRATADA MACA, HARINA INTEGRAL DE SOYA, ALBUMINA DE HUEVO FORTIFICADA CON VITAMINAS Y MINERALES
A60: PENDIENTE | B60: Barranquita | C60: Setiembre | D60: 46253 | E60: 775 | F60: 1 | G60: =Cereal[[#This Row],[N° BOLSAS]]*Cereal[[#This Row],[KG BOLSA]] -> 775 | H60: 50 | I60: =ROUNDDOWN(Cereal[[#This Row],[N° BOLSAS]]/Cereal[[#This Row],[CAP. SACOS]],0) -> 15 | J60: =Cereal[[#This Row],[N° BOLSAS]]-Cereal[[#This Row],[N° SACOS]]*Cereal[[#This Row],[CAP. SACOS]] -> 25 | K60: 46234 | L60: 46234 | M60: 46234 | N60: HOJUELAS PRECOCIDAS AZUCARADAS DE AVENA, CAÑIHUA, QUINUA, HARINA TOSTADA DE CEBADA, HARINA DESHIDRATADA MACA, HARINA INTEGRAL DE SOYA, ALBUMINA DE HUEVO FORTIFICADA CON VITAMINAS Y MINERALES
A61: PENDIENTE | B61: Barranquita | C61: Octubre | D61: 46253 | E61: 802 | F61: 1 | G61: =Cereal[[#This Row],[N° BOLSAS]]*Cereal[[#This Row],[KG BOLSA]] -> 802 | H61: 50 | I61: =ROUNDDOWN(Cereal[[#This Row],[N° BOLSAS]]/Cereal[[#This Row],[CAP. SACOS]],0) -> 16 | J61: =Cereal[[#This Row],[N° BOLSAS]]-Cereal[[#This Row],[N° SACOS]]*Cereal[[#This Row],[CAP. SACOS]] -> 2 | K61: 46237 | L61: 46237 | M61: 46237 | N61: HOJUELAS PRECOCIDAS AZUCARADAS DE AVENA, CAÑIHUA, QUINUA, HARINA TOSTADA DE CEBADA, HARINA DESHIDRATADA MACA, HARINA INTEGRAL DE SOYA, ALBUMINA DE HUEVO FORTIFICADA CON VITAMINAS Y MINERALES
A62: PENDIENTE | B62: Barranquita | C62: Noviembre | D62: 46315 | E62: 778 | F62: 1 | G62: =Cereal[[#This Row],[N° BOLSAS]]*Cereal[[#This Row],[KG BOLSA]] -> 778 | H62: 50 | I62: =ROUNDDOWN(Cereal[[#This Row],[N° BOLSAS]]/Cereal[[#This Row],[CAP. SACOS]],0) -> 15 | J62: =Cereal[[#This Row],[N° BOLSAS]]-Cereal[[#This Row],[N° SACOS]]*Cereal[[#This Row],[CAP. SACOS]] -> 28 | N62: HOJUELAS PRECOCIDAS AZUCARADAS DE AVENA, CAÑIHUA, QUINUA, HARINA TOSTADA DE CEBADA, HARINA DESHIDRATADA MACA, HARINA INTEGRAL DE SOYA, ALBUMINA DE HUEVO FORTIFICADA CON VITAMINAS Y MINERALES
A63: PENDIENTE | B63: Barranquita | C63: Diciembre | D63: 46315 | E63: 804.5 | F63: 1 | G63: =Cereal[[#This Row],[N° BOLSAS]]*Cereal[[#This Row],[KG BOLSA]] -> 804.5 | H63: 50 | I63: =ROUNDDOWN(Cereal[[#This Row],[N° BOLSAS]]/Cereal[[#This Row],[CAP. SACOS]],0) -> 16 | J63: =Cereal[[#This Row],[N° BOLSAS]]-Cereal[[#This Row],[N° SACOS]]*Cereal[[#This Row],[CAP. SACOS]] -> 4.5 | N63: HOJUELAS PRECOCIDAS AZUCARADAS DE AVENA, CAÑIHUA, QUINUA, HARINA TOSTADA DE CEBADA, HARINA DESHIDRATADA MACA, HARINA INTEGRAL DE SOYA, ALBUMINA DE HUEVO FORTIFICADA CON VITAMINAS Y MINERALES
A64: PENDIENTE | B64: Buenaventura | C64: O.C. | D64: 46208 | E64: 5996 | F64: 1 | G64: =Cereal[[#This Row],[N° BOLSAS]]*Cereal[[#This Row],[KG BOLSA]] -> 5996 | H64: 50 | I64: =ROUNDDOWN(Cereal[[#This Row],[N° BOLSAS]]/Cereal[[#This Row],[CAP. SACOS]],0) -> 119 | J64: =Cereal[[#This Row],[N° BOLSAS]]-Cereal[[#This Row],[N° SACOS]]*Cereal[[#This Row],[CAP. SACOS]] -> 46 | K64: 46207 | L64: 46207 | M64: 46207 | N64: HOJUELA DE QUINUA, AVENA, KIWICHA PRECOCIDA, AZUCARADA, FORTIFICADA CON VITAMINAS Y MINERALES
A65: PENDIENTE | B65: Buenavista | C65: Enero / Febrero / Marzo | D65: 46055 | E65: 1350 | F65: 1 | G65: =Cereal[[#This Row],[N° BOLSAS]]*Cereal[[#This Row],[KG BOLSA]] -> 1350 | H65: 40 | I65: =ROUNDDOWN(Cereal[[#This Row],[N° BOLSAS]]/Cereal[[#This Row],[CAP. SACOS]],0) -> 33 | J65: =Cereal[[#This Row],[N° BOLSAS]]-Cereal[[#This Row],[N° SACOS]]*Cereal[[#This Row],[CAP. SACOS]] -> 30 | K65: 46079 | L65: 46079 | M65: 46079 | N65: HOJUELAS DE AVENA, QUINUA Y HARINA DE MAÍZ PRECOCIDAS ENRIQUECIDAS CON VITAMINAS Y MINERALES
A66: PENDIENTE | B66: Buenavista | C66: Abril / Mayo / Junio | D66: 46137 | E66: 1350 | F66: 1 | G66: =Cereal[[#This Row],[N° BOLSAS]]*Cereal[[#This Row],[KG BOLSA]] -> 1350 | H66: 40 | I66: =ROUNDDOWN(Cereal[[#This Row],[N° BOLSAS]]/Cereal[[#This Row],[CAP. SACOS]],0) -> 33 | J66: =Cereal[[#This Row],[N° BOLSAS]]-Cereal[[#This Row],[N° SACOS]]*Cereal[[#This Row],[CAP. SACOS]] -> 30 | K66: 46138 | L66: 46138 | M66: 46138 | N66: HOJUELAS DE AVENA, QUINUA Y HARINA DE MAÍZ PRECOCIDAS ENRIQUECIDAS CON VITAMINAS Y MINERALES
A67: PENDIENTE | B67: Buenavista | C67: Julio / Agosto / Septiembre | D67: 46203 | E67: 1350 | F67: 1 | G67: =Cereal[[#This Row],[N° BOLSAS]]*Cereal[[#This Row],[KG BOLSA]] -> 1350 | H67: 40 | I67: =ROUNDDOWN(Cereal[[#This Row],[N° BOLSAS]]/Cereal[[#This Row],[CAP. SACOS]],0) -> 33 | J67: =Cereal[[#This Row],[N° BOLSAS]]-Cereal[[#This Row],[N° SACOS]]*Cereal[[#This Row],[CAP. SACOS]] -> 30 | K67: 46220 | L67: 46220 | M67: 46220 | N67: HOJUELAS DE AVENA, QUINUA Y HARINA DE MAÍZ PRECOCIDAS ENRIQUECIDAS CON VITAMINAS Y MINERALES
A68: PENDIENTE | B68: Buenavista | C68: O.C. | D68: 46241 | E68: 450 | F68: 0.425 | G68: =Cereal[[#This Row],[N° BOLSAS]]*Cereal[[#This Row],[KG BOLSA]] -> 191.25 | H68: 80 | I68: =ROUNDDOWN(Cereal[[#This Row],[N° BOLSAS]]/Cereal[[#This Row],[CAP. SACOS]],0) -> 5 | J68: =Cereal[[#This Row],[N° BOLSAS]]-Cereal[[#This Row],[N° SACOS]]*Cereal[[#This Row],[CAP. SACOS]] -> 50 | K68: 46238 | L68: 46238 | M68: 46245 | N68: HOJUELAS DE AVENA, QUINUA Y HARINA DE MAÍZ PRECOCIDAS ENRIQUECIDAS CON VITAMINAS Y MINERALES
A69: PENDIENTE | B69: Buenavista | C69: Octubre / Noviembre / Diciembre | D69: 46295 | E69: 1350 | F69: 1 | G69: =Cereal[[#This Row],[N° BOLSAS]]*Cereal[[#This Row],[KG BOLSA]] -> 1350 | H69: 40 | I69: =ROUNDDOWN(Cereal[[#This Row],[N° BOLSAS]]/Cereal[[#This Row],[CAP. SACOS]],0) -> 33 | J69: =Cereal[[#This Row],[N° BOLSAS]]-Cereal[[#This Row],[N° SACOS]]*Cereal[[#This Row],[CAP. SACOS]] -> 30 | N69: HOJUELAS DE AVENA, QUINUA Y HARINA DE MAÍZ PRECOCIDAS ENRIQUECIDAS CON VITAMINAS Y MINERALES
A70: PENDIENTE | B70: Caceres | C70: Enero | D70: 46053 | E70: 3420 | F70: 0.5 | G70: =Cereal[[#This Row],[N° BOLSAS]]*Cereal[[#This Row],[KG BOLSA]] -> 1710 | H70: 80 | I70: =ROUNDDOWN(Cereal[[#This Row],[N° BOLSAS]]/Cereal[[#This Row],[CAP. SACOS]],0) -> 42 | J70: =Cereal[[#This Row],[N° BOLSAS]]-Cereal[[#This Row],[N° SACOS]]*Cereal[[#This Row],[CAP. SACOS]] -> 60 | K70: 46036 | L70: 46036 | M70: 46036 | N70: HOJUELAS PRECOCIDAS DE AVENA, QUINUA Y KIWICHA, HARINA DE MAIZ CHUFLA, FORTIFICADA CON VITAMINAS Y MINERALES
A71: PENDIENTE | B71: Caceres | C71: Marzo | D71: 46080 | E71: 1710 | F71: 0.5 | G71: =Cereal[[#This Row],[N° BOLSAS]]*Cereal[[#This Row],[KG BOLSA]] -> 855 | H71: 80 | I71: =ROUNDDOWN(Cereal[[#This Row],[N° BOLSAS]]/Cereal[[#This Row],[CAP. SACOS]],0) -> 21 | J71: =Cereal[[#This Row],[N° BOLSAS]]-Cereal[[#This Row],[N° SACOS]]*Cereal[[#This Row],[CAP. SACOS]] -> 30 | K71: 46091 | L71: 46091 | M71: 46092 | N71: HOJUELAS PRECOCIDAS DE AVENA, QUINUA Y KIWICHA, HARINA DE MAÍZ CHUFLA FORTIFICADA CON VITAMINAS Y MINERALES
A72: PENDIENTE | B72: Caceres | C72: Abril | D72: 46108 | E72: 1710 | F72: 0.5 | G72: =Cereal[[#This Row],[N° BOLSAS]]*Cereal[[#This Row],[KG BOLSA]] -> 855 | H72: 80 | I72: =ROUNDDOWN(Cereal[[#This Row],[N° BOLSAS]]/Cereal[[#This Row],[CAP. SACOS]],0) -> 21 | J72: =Cereal[[#This Row],[N° BOLSAS]]-Cereal[[#This Row],[N° SACOS]]*Cereal[[#This Row],[CAP. SACOS]] -> 30 | K72: 46091 | L72: 46091 | M72: 46092 | N72: HOJUELAS PRECOCIDAS DE AVENA, QUINUA Y KIWICHA, HARINA DE MAÍZ CHUFLA FORTIFICADA CON VITAMINAS Y MINERALES
A73: PENDIENTE | B73: Caceres | C73: Mayo | D73: 46139 | E73: 1710 | F73: 0.5 | G73: =Cereal[[#This Row],[N° BOLSAS]]*Cereal[[#This Row],[KG BOLSA]] -> 855 | H73: 80 | I73: =ROUNDDOWN(Cereal[[#This Row],[N° BOLSAS]]/Cereal[[#This Row],[CAP. SACOS]],0) -> 21 | J73: =Cereal[[#This Row],[N° BOLSAS]]-Cereal[[#This Row],[N° SACOS]]*Cereal[[#This Row],[CAP. SACOS]] -> 30 | K73: 46137 | L73: 46137 | M73: 46138 | N73: HOJUELAS PRECOCIDAS DE AVENA, QUINUA Y KIWICHA, HARINA DE MAÍZ CHUFLA FORTIFICADA CON VITAMINAS Y MINERALES
A74: PENDIENTE | B74: Caceres | C74: Junio | D74: 46139 | E74: 1710 | F74: 0.5 | G74: =Cereal[[#This Row],[N° BOLSAS]]*Cereal[[#This Row],[KG BOLSA]] -> 855 | H74: 80 | I74: =ROUNDDOWN(Cereal[[#This Row],[N° BOLSAS]]/Cereal[[#This Row],[CAP. SACOS]],0) -> 21 | J74: =Cereal[[#This Row],[N° BOLSAS]]-Cereal[[#This Row],[N° SACOS]]*Cereal[[#This Row],[CAP. SACOS]] -> 30 | K74: 46137 | L74: 46137 | M74: 46138 | N74: HOJUELAS PRECOCIDAS DE AVENA, QUINUA Y KIWICHA, HARINA DE MAÍZ CHUFLA FORTIFICADA CON VITAMINAS Y MINERALES
A75: PENDIENTE | B75: Caceres | C75: Julio | D75: 46200 | E75: 1710 | F75: 0.5 | G75: =Cereal[[#This Row],[N° BOLSAS]]*Cereal[[#This Row],[KG BOLSA]] -> 855 | H75: 80 | I75: =ROUNDDOWN(Cereal[[#This Row],[N° BOLSAS]]/Cereal[[#This Row],[CAP. SACOS]],0) -> 21 | J75: =Cereal[[#This Row],[N° BOLSAS]]-Cereal[[#This Row],[N° SACOS]]*Cereal[[#This Row],[CAP. SACOS]] -> 30 | K75: 46197 | L75: 46197 | M75: 46198 | N75: HOJUELAS PRECOCIDAS DE AVENA, QUINUA Y KIWICHA, HARINA DE MAÍZ CHUFLA FORTIFICADA CON VITAMINAS Y MINERALES
A76: PENDIENTE | B76: Caceres | C76: Agosto | D76: 46200 | E76: 1710 | F76: 0.5 | G76: =Cereal[[#This Row],[N° BOLSAS]]*Cereal[[#This Row],[KG BOLSA]] -> 855 | H76: 80 | I76: =ROUNDDOWN(Cereal[[#This Row],[N° BOLSAS]]/Cereal[[#This Row],[CAP. SACOS]],0) -> 21 | J76: =Cereal[[#This Row],[N° BOLSAS]]-Cereal[[#This Row],[N° SACOS]]*Cereal[[#This Row],[CAP. SACOS]] -> 30 | K76: 46197 | L76: 46197 | M76: 46198 | N76: HOJUELAS PRECOCIDAS DE AVENA, QUINUA Y KIWICHA, HARINA DE MAÍZ CHUFLA FORTIFICADA CON VITAMINAS Y MINERALES
A77: PENDIENTE | B77: Caceres | C77: O.C. | D77: 46230 | E77: 1025.29 | F77: 1 | G77: =Cereal[[#This Row],[N° BOLSAS]]*Cereal[[#This Row],[KG BOLSA]] -> 1025.29 | H77: 40 | I77: =ROUNDDOWN(Cereal[[#This Row],[N° BOLSAS]]/Cereal[[#This Row],[CAP. SACOS]],0) -> 25 | J77: =Cereal[[#This Row],[N° BOLSAS]]-Cereal[[#This Row],[N° SACOS]]*Cereal[[#This Row],[CAP. SACOS]] -> 25.29 | K77: 46233 | L77: 46233 | M77: 46233 | N77: HOJUELAS PRECOCIDAS DE AVENA, QUINUA Y KIWICHA, HARINA DE MAÍZ CHUFLA FORTIFICADA CON VITAMINAS Y MINERALES
A78: PENDIENTE | B78: Caceres | C78: Setiembre | D78: 46261 | E78: 1710 | F78: 0.5 | G78: =Cereal[[#This Row],[N° BOLSAS]]*Cereal[[#This Row],[KG BOLSA]] -> 855 | H78: 80 | I78: =ROUNDDOWN(Cereal[[#This Row],[N° BOLSAS]]/Cereal[[#This Row],[CAP. SACOS]],0) -> 21 | J78: =Cereal[[#This Row],[N° BOLSAS]]-Cereal[[#This Row],[N° SACOS]]*Cereal[[#This Row],[CAP. SACOS]] -> 30 | K78: 46247 | L78: 46247 | M78: 46266 | N78: HOJUELAS PRECOCIDAS DE AVENA, QUINUA Y KIWICHA, HARINA DE MAÍZ CHUFLA FORTIFICADA CON VITAMINAS Y MINERALES
A79: PENDIENTE | B79: Caceres | C79: Octubre | D79: 46261 | E79: 1710 | F79: 0.5 | G79: =Cereal[[#This Row],[N° BOLSAS]]*Cereal[[#This Row],[KG BOLSA]] -> 855 | H79: 80 | I79: =ROUNDDOWN(Cereal[[#This Row],[N° BOLSAS]]/Cereal[[#This Row],[CAP. SACOS]],0) -> 21 | J79: =Cereal[[#This Row],[N° BOLSAS]]-Cereal[[#This Row],[N° SACOS]]*Cereal[[#This Row],[CAP. SACOS]] -> 30 | K79: 46247 | L79: 46247 | M79: 46266 | N79: HOJUELAS PRECOCIDAS DE AVENA, QUINUA Y KIWICHA, HARINA DE MAÍZ CHUFLA FORTIFICADA CON VITAMINAS Y MINERALES
A80: PENDIENTE | B80: Caceres | C80: Noviembre | D80: 46322 | E80: 1710 | F80: 0.5 | G80: =Cereal[[#This Row],[N° BOLSAS]]*Cereal[[#This Row],[KG BOLSA]] -> 855 | H80: 80 | I80: =ROUNDDOWN(Cereal[[#This Row],[N° BOLSAS]]/Cereal[[#This Row],[CAP. SACOS]],0) -> 21 | J80: =Cereal[[#This Row],[N° BOLSAS]]-Cereal[[#This Row],[N° SACOS]]*Cereal[[#This Row],[CAP. SACOS]] -> 30 | N80: HOJUELAS PRECOCIDAS DE AVENA, QUINUA Y KIWICHA, HARINA DE MAÍZ CHUFLA FORTIFICADA CON VITAMINAS Y MINERALES
A81: PENDIENTE | B81: Caceres | C81: Diciembre | D81: 46322 | E81: 1710 | F81: 0.5 | G81: =Cereal[[#This Row],[N° BOLSAS]]*Cereal[[#This Row],[KG BOLSA]] -> 855 | H81: 80 | I81: =ROUNDDOWN(Cereal[[#This Row],[N° BOLSAS]]/Cereal[[#This Row],[CAP. SACOS]],0) -> 21 | J81: =Cereal[[#This Row],[N° BOLSAS]]-Cereal[[#This Row],[N° SACOS]]*Cereal[[#This Row],[CAP. SACOS]] -> 30 | N81: HOJUELAS PRECOCIDAS DE AVENA, QUINUA Y KIWICHA, HARINA DE MAÍZ CHUFLA FORTIFICADA CON VITAMINAS Y MINERALES
A82: CORDELAN | B82: Cachachi | C82: Enero | D82: 46022 | E82: 6500 | F82: 0.8 | G82: =Cereal[[#This Row],[N° BOLSAS]]*Cereal[[#This Row],[KG BOLSA]] -> 5200 | H82: 50 | I82: =ROUNDDOWN(Cereal[[#This Row],[N° BOLSAS]]/Cereal[[#This Row],[CAP. SACOS]],0) -> 130 | J82: =Cereal[[#This Row],[N° BOLSAS]]-Cereal[[#This Row],[N° SACOS]]*Cereal[[#This Row],[CAP. SACOS]] -> 0 | K82: 45995 | L82: 45995 | M82: 45995 | N82: MEZCLA PRECOCIDA DE AVENA, QUINUA, KIWICHA, SOYA Y MACA AZUCARADA FORTIFICADA CON VITAMINAS Y MINERALES
A83: CORDELAN | B83: Cachachi | C83: Febrero | D83: 46048 | E83: 6500 | F83: 0.8 | G83: =Cereal[[#This Row],[N° BOLSAS]]*Cereal[[#This Row],[KG BOLSA]] -> 5200 | H83: 50 | I83: =ROUNDDOWN(Cereal[[#This Row],[N° BOLSAS]]/Cereal[[#This Row],[CAP. SACOS]],0) -> 130 | J83: =Cereal[[#This Row],[N° BOLSAS]]-Cereal[[#This Row],[N° SACOS]]*Cereal[[#This Row],[CAP. SACOS]] -> 0 | K83: 46020 | L83: 46020 | M83: 46046 | N83: MEZCLA PRECOCIDA DE AVENA, QUINUA, KIWICHA, SOYA Y MACA AZUCARADA FORTIFICADA CON VITAMINAS Y MINERALES
A84: CORDELAN | B84: Cachachi | C84: Marzo | D84: 46077 | E84: 6500 | F84: 0.8 | G84: =Cereal[[#This Row],[N° BOLSAS]]*Cereal[[#This Row],[KG BOLSA]] -> 5200 | H84: 50 | I84: =ROUNDDOWN(Cereal[[#This Row],[N° BOLSAS]]/Cereal[[#This Row],[CAP. SACOS]],0) -> 130 | J84: =Cereal[[#This Row],[N° BOLSAS]]-Cereal[[#This Row],[N° SACOS]]*Cereal[[#This Row],[CAP. SACOS]] -> 0 | K84: 46075 | L84: 46075 | M84: 46075 | N84: MEZCLA PRECOCIDA DE AVENA, QUINUA, KIWICHA, SOYA Y MACA AZUCARADA FORTIFICADA CON VITAMINAS Y MINERALES
A85: CORDELAN | B85: Cachachi | C85: Abril | D85: 46105 | E85: 6500 | F85: 0.8 | G85: =Cereal[[#This Row],[N° BOLSAS]]*Cereal[[#This Row],[KG BOLSA]] -> 5200 | H85: 50 | I85: =ROUNDDOWN(Cereal[[#This Row],[N° BOLSAS]]/Cereal[[#This Row],[CAP. SACOS]],0) -> 130 | J85: =Cereal[[#This Row],[N° BOLSAS]]-Cereal[[#This Row],[N° SACOS]]*Cereal[[#This Row],[CAP. SACOS]] -> 0 | K85: 46104 | L85: 46104 | M85: 46107 | N85: MEZCLA PRECOCIDA DE AVENA, QUINUA, KIWICHA, SOYA Y MACA AZUCARADA FORTIFICADA CON VITAMINAS Y MINERALES
A86: CORDELAN | B86: Cachachi | C86: Mayo | D86: 46135 | E86: 6500 | F86: 0.8 | G86: =Cereal[[#This Row],[N° BOLSAS]]*Cereal[[#This Row],[KG BOLSA]] -> 5200 | H86: 50 | I86: =ROUNDDOWN(Cereal[[#This Row],[N° BOLSAS]]/Cereal[[#This Row],[CAP. SACOS]],0) -> 130 | J86: =Cereal[[#This Row],[N° BOLSAS]]-Cereal[[#This Row],[N° SACOS]]*Cereal[[#This Row],[CAP. SACOS]] -> 0 | K86: 46138 | L86: 46138 | M86: 46138 | N86: MEZCLA PRECOCIDA DE AVENA, QUINUA, KIWICHA, SOYA Y MACA AZUCARADA FORTIFICADA CON VITAMINAS Y MINERALES
A87: CORDELAN | B87: Cachachi | C87: Junio | D87: 46164 | E87: 6500 | F87: 0.8 | G87: =Cereal[[#This Row],[N° BOLSAS]]*Cereal[[#This Row],[KG BOLSA]] -> 5200 | H87: 50 | I87: =ROUNDDOWN(Cereal[[#This Row],[N° BOLSAS]]/Cereal[[#This Row],[CAP. SACOS]],0) -> 130 | J87: =Cereal[[#This Row],[N° BOLSAS]]-Cereal[[#This Row],[N° SACOS]]*Cereal[[#This Row],[CAP. SACOS]] -> 0 | K87: 46161 | L87: 46161 | M87: 46163 | N87: MEZCLA PRECOCIDA DE AVENA, QUINUA, KIWICHA, SOYA Y MACA AZUCARADA FORTIFICADA CON VITAMINAS Y MINERALES
A88: CORDELAN | B88: Cachachi | C88: Julio | D88: 46198 | E88: 6500 | F88: 0.8 | G88: =Cereal[[#This Row],[N° BOLSAS]]*Cereal[[#This Row],[KG BOLSA]] -> 5200 | H88: 50 | I88: =ROUNDDOWN(Cereal[[#This Row],[N° BOLSAS]]/Cereal[[#This Row],[CAP. SACOS]],0) -> 130 | J88: =Cereal[[#This Row],[N° BOLSAS]]-Cereal[[#This Row],[N° SACOS]]*Cereal[[#This Row],[CAP. SACOS]] -> 0 | K88: 46196 | L88: 46196 | M88: 46196 | N88: MEZCLA PRECOCIDA DE AVENA, QUINUA, KIWICHA, SOYA Y MACA AZUCARADA FORTIFICADA CON VITAMINAS Y MINERALES
A89: CORDELAN | B89: Cachachi | C89: Agosto | D89: 46227 | E89: 6500 | F89: 0.8 | G89: =Cereal[[#This Row],[N° BOLSAS]]*Cereal[[#This Row],[KG BOLSA]] -> 5200 | H89: 50 | I89: =ROUNDDOWN(Cereal[[#This Row],[N° BOLSAS]]/Cereal[[#This Row],[CAP. SACOS]],0) -> 130 | J89: =Cereal[[#This Row],[N° BOLSAS]]-Cereal[[#This Row],[N° SACOS]]*Cereal[[#This Row],[CAP. SACOS]] -> 0 | K89: 46230 | L89: 46230 | M89: 46230 | N89: MEZCLA PRECOCIDA DE AVENA, QUINUA, KIWICHA, SOYA Y MACA AZUCARADA FORTIFICADA CON VITAMINAS Y MINERALES
A90: CORDELAN | B90: Cachachi | C90: Setiembre | D90: 46259 | E90: 6500 | F90: 0.8 | G90: =Cereal[[#This Row],[N° BOLSAS]]*Cereal[[#This Row],[KG BOLSA]] -> 5200 | H90: 50 | I90: =ROUNDDOWN(Cereal[[#This Row],[N° BOLSAS]]/Cereal[[#This Row],[CAP. SACOS]],0) -> 130 | J90: =Cereal[[#This Row],[N° BOLSAS]]-Cereal[[#This Row],[N° SACOS]]*Cereal[[#This Row],[CAP. SACOS]] -> 0 | K90: 46241 | L90: 46241 | M90: 46255 | N90: MEZCLA PRECOCIDA DE AVENA, QUINUA, KIWICHA, SOYA Y MACA AZUCARADA FORTIFICADA CON VITAMINAS Y MINERALES
A91: CORDELAN | B91: Cachachi | C91: Octubre | D91: 46290 | E91: 6500 | F91: 0.8 | G91: =Cereal[[#This Row],[N° BOLSAS]]*Cereal[[#This Row],[KG BOLSA]] -> 5200 | H91: 50 | I91: =ROUNDDOWN(Cereal[[#This Row],[N° BOLSAS]]/Cereal[[#This Row],[CAP. SACOS]],0) -> 130 | J91: =Cereal[[#This Row],[N° BOLSAS]]-Cereal[[#This Row],[N° SACOS]]*Cereal[[#This Row],[CAP. SACOS]] -> 0 | K91: 46293 | L91: 46293 | M91: 46293 | N91: MEZCLA PRECOCIDA DE AVENA, QUINUA, KIWICHA, SOYA Y MACA AZUCARADA FORTIFICADA CON VITAMINAS Y MINERALES
A92: CORDELAN | B92: Cachachi | C92: Noviembre | D92: 46317 | E92: 6500 | F92: 0.8 | G92: =Cereal[[#This Row],[N° BOLSAS]]*Cereal[[#This Row],[KG BOLSA]] -> 5200 | H92: 50 | I92: =ROUNDDOWN(Cereal[[#This Row],[N° BOLSAS]]/Cereal[[#This Row],[CAP. SACOS]],0) -> 130 | J92: =Cereal[[#This Row],[N° BOLSAS]]-Cereal[[#This Row],[N° SACOS]]*Cereal[[#This Row],[CAP. SACOS]] -> 0 | N92: MEZCLA PRECOCIDA DE AVENA, QUINUA, KIWICHA, SOYA Y MACA AZUCARADA FORTIFICADA CON VITAMINAS Y MINERALES
A93: CORDELAN | B93: Cachachi | C93: Diciembre | D93: 46352 | E93: 6500 | F93: 0.8 | G93: =Cereal[[#This Row],[N° BOLSAS]]*Cereal[[#This Row],[KG BOLSA]] -> 5200 | H93: 50 | I93: =ROUNDDOWN(Cereal[[#This Row],[N° BOLSAS]]/Cereal[[#This Row],[CAP. SACOS]],0) -> 130 | J93: =Cereal[[#This Row],[N° BOLSAS]]-Cereal[[#This Row],[N° SACOS]]*Cereal[[#This Row],[CAP. SACOS]] -> 0 | N93: MEZCLA PRECOCIDA DE AVENA, QUINUA, KIWICHA, SOYA Y MACA AZUCARADA FORTIFICADA CON VITAMINAS Y MINERALES
A94: PENDIENTE | B94: Cajabamba | C94: Enero | D94: 46022 | E94: 1012.86 | F94: 1 | G94: =Cereal[[#This Row],[N° BOLSAS]]*Cereal[[#This Row],[KG BOLSA]] -> 1012.86 | H94: 40 | I94: =ROUNDDOWN(Cereal[[#This Row],[N° BOLSAS]]/Cereal[[#This Row],[CAP. SACOS]],0) -> 25 | J94: =Cereal[[#This Row],[N° BOLSAS]]-Cereal[[#This Row],[N° SACOS]]*Cereal[[#This Row],[CAP. SACOS]] -> 12.86 | K94: 46062 | L94: 46062 | M94: 46063 | N94: HOJUELAS DE KIWICHA, AVENA Y QUINUA, FORTIFICADAS CON VITAMINAS Y MINERALES – HOJUELAS PRECOCIDAS
A95: PENDIENTE | B95: Cajabamba | C95: Febrero | D95: 46022 | E95: 914.84 | F95: 1 | G95: =Cereal[[#This Row],[N° BOLSAS]]*Cereal[[#This Row],[KG BOLSA]] -> 914.84 | H95: 40 | I95: =ROUNDDOWN(Cereal[[#This Row],[N° BOLSAS]]/Cereal[[#This Row],[CAP. SACOS]],0) -> 22 | J95: =Cereal[[#This Row],[N° BOLSAS]]-Cereal[[#This Row],[N° SACOS]]*Cereal[[#This Row],[CAP. SACOS]] -> 34.84 | K95: 46062 | L95: 46062 | M95: 46063 | N95: HOJUELAS DE KIWICHA, AVENA Y QUINUA, FORTIFICADAS CON VITAMINAS Y MINERALES – HOJUELAS PRECOCIDAS
A96: PENDIENTE | B96: Cajabamba | C96: Marzo | D96: 46022 | E96: 1012.86 | F96: 1 | G96: =Cereal[[#This Row],[N° BOLSAS]]*Cereal[[#This Row],[KG BOLSA]] -> 1012.86 | H96: 40 | I96: =ROUNDDOWN(Cereal[[#This Row],[N° BOLSAS]]/Cereal[[#This Row],[CAP. SACOS]],0) -> 25 | J96: =Cereal[[#This Row],[N° BOLSAS]]-Cereal[[#This Row],[N° SACOS]]*Cereal[[#This Row],[CAP. SACOS]] -> 12.86 | K96: 46062 | L96: 46062 | M96: 46063 | N96: HOJUELAS DE KIWICHA, AVENA Y QUINUA, FORTIFICADAS CON VITAMINAS Y MINERALES – HOJUELAS PRECOCIDAS
A97: PENDIENTE | B97: Cajabamba | C97: Abril | D97: 46093 | E97: 980.18 | F97: 1 | G97: =Cereal[[#This Row],[N° BOLSAS]]*Cereal[[#This Row],[KG BOLSA]] -> 980.18 | H97: 40 | I97: =ROUNDDOWN(Cereal[[#This Row],[N° BOLSAS]]/Cereal[[#This Row],[CAP. SACOS]],0) -> 24 | J97: =Cereal[[#This Row],[N° BOLSAS]]-Cereal[[#This Row],[N° SACOS]]*Cereal[[#This Row],[CAP. SACOS]] -> 20.18 | K97: 46091 | L97: 46091 | M97: 46096 | N97: HOJUELAS DE KIWICHA, AVENA Y QUINUA, FORTIFICADAS CON VITAMINAS Y MINERALES – HOJUELAS PRECOCIDAS
A98: PENDIENTE | B98: Cajabamba | C98: Mayo | D98: 46093 | E98: 1012.86 | F98: 1 | G98: =Cereal[[#This Row],[N° BOLSAS]]*Cereal[[#This Row],[KG BOLSA]] -> 1012.86 | H98: 40 | I98: =ROUNDDOWN(Cereal[[#This Row],[N° BOLSAS]]/Cereal[[#This Row],[CAP. SACOS]],0) -> 25 | J98: =Cereal[[#This Row],[N° BOLSAS]]-Cereal[[#This Row],[N° SACOS]]*Cereal[[#This Row],[CAP. SACOS]] -> 12.86 | K98: 46091 | L98: 46091 | M98: 46096 | N98: HOJUELAS DE KIWICHA, AVENA Y QUINUA, FORTIFICADAS CON VITAMINAS Y MINERALES – HOJUELAS PRECOCIDAS
A99: PENDIENTE | B99: Cajabamba | C99: Junio | D99: 46093 | E99: 980.18 | F99: 1 | G99: =Cereal[[#This Row],[N° BOLSAS]]*Cereal[[#This Row],[KG BOLSA]] -> 980.18 | H99: 40 | I99: =ROUNDDOWN(Cereal[[#This Row],[N° BOLSAS]]/Cereal[[#This Row],[CAP. SACOS]],0) -> 24 | J99: =Cereal[[#This Row],[N° BOLSAS]]-Cereal[[#This Row],[N° SACOS]]*Cereal[[#This Row],[CAP. SACOS]] -> 20.18 | K99: 46091 | L99: 46091 | M99: 46096 | N99: HOJUELAS DE KIWICHA, AVENA Y QUINUA, FORTIFICADAS CON VITAMINAS Y MINERALES – HOJUELAS PRECOCIDAS
A100: PENDIENTE | B100: Cajabamba | C100: Julio | D100: 46188 | E100: 1012.86 | F100: 1 | G100: =Cereal[[#This Row],[N° BOLSAS]]*Cereal[[#This Row],[KG BOLSA]] -> 1012.86 | H100: 40 | I100: =ROUNDDOWN(Cereal[[#This Row],[N° BOLSAS]]/Cereal[[#This Row],[CAP. SACOS]],0) -> 25 | J100: =Cereal[[#This Row],[N° BOLSAS]]-Cereal[[#This Row],[N° SACOS]]*Cereal[[#This Row],[CAP. SACOS]] -> 12.86 | K100: 46170 | L100: 46170 | M100: 46184 | N100: HOJUELAS DE KIWICHA, AVENA Y QUINUA, FORTIFICADAS CON VITAMINAS Y MINERALES – HOJUELAS PRECOCIDAS
...

Sheet Leche
A1: EMPRESA | B1: MUNICIPALIDAD | C1: MES | D1: FECHA | E1: N° LATAS | F1: TOTAL CAJAS | G1: UNIDADES | H1: ENTREGA | I1: CONFIRMACIÓN
A2: PENDIENTE | B2: Agua Blanca | C2: Abril | D2: 46117 | E2: 640 | F2: =ROUNDDOWN(Leche[[#This Row],[N° LATAS]]/48,0) -> 13 | G2: =Leche[[#This Row],[N° LATAS]]-Leche[[#This Row],[TOTAL CAJAS]]*48 -> 16 | H2: 46119 | I2: Confirmado
A3: PENDIENTE | B3: Agua Blanca | C3: Enero | D3: 46117 | E3: 640 | F3: =ROUNDDOWN(Leche[[#This Row],[N° LATAS]]/48,0) -> 13 | G3: =Leche[[#This Row],[N° LATAS]]-Leche[[#This Row],[TOTAL CAJAS]]*48 -> 16 | H3: 46119 | I3: Confirmado
A4: PENDIENTE | B4: Agua Blanca | C4: Febrero | D4: 46117 | E4: 640 | F4: =ROUNDDOWN(Leche[[#This Row],[N° LATAS]]/48,0) -> 13 | G4: =Leche[[#This Row],[N° LATAS]]-Leche[[#This Row],[TOTAL CAJAS]]*48 -> 16 | H4: 46119 | I4: Confirmado
A5: PENDIENTE | B5: Agua Blanca | C5: Marzo | D5: 46117 | E5: 640 | F5: =ROUNDDOWN(Leche[[#This Row],[N° LATAS]]/48,0) -> 13 | G5: =Leche[[#This Row],[N° LATAS]]-Leche[[#This Row],[TOTAL CAJAS]]*48 -> 16 | H5: 46119 | I5: Confirmado
A6: PENDIENTE | B6: Agua Blanca | C6: Junio | D6: 46140 | E6: 640 | F6: =ROUNDDOWN(Leche[[#This Row],[N° LATAS]]/48,0) -> 13 | G6: =Leche[[#This Row],[N° LATAS]]-Leche[[#This Row],[TOTAL CAJAS]]*48 -> 16 | H6: 46147 | I6: Confirmado
A7: PENDIENTE | B7: Agua Blanca | C7: Mayo | D7: 46140 | E7: 640 | F7: =ROUNDDOWN(Leche[[#This Row],[N° LATAS]]/48,0) -> 13 | G7: =Leche[[#This Row],[N° LATAS]]-Leche[[#This Row],[TOTAL CAJAS]]*48 -> 16 | H7: 46147 | I7: Confirmado
A8: PENDIENTE | B8: Agua Blanca | C8: Agosto | D8: 46199 | E8: 640 | F8: =ROUNDDOWN(Leche[[#This Row],[N° LATAS]]/48,0) -> 13 | G8: =Leche[[#This Row],[N° LATAS]]-Leche[[#This Row],[TOTAL CAJAS]]*48 -> 16 | H8: 46202 | I8: Confirmado
A9: PENDIENTE | B9: Agua Blanca | C9: Julio | D9: 46199 | E9: 640 | F9: =ROUNDDOWN(Leche[[#This Row],[N° LATAS]]/48,0) -> 13 | G9: =Leche[[#This Row],[N° LATAS]]-Leche[[#This Row],[TOTAL CAJAS]]*48 -> 16 | H9: 46202 | I9: Confirmado
A10: PENDIENTE | B10: Agua Blanca | C10: Octubre | D10: 46262 | E10: 640 | F10: =ROUNDDOWN(Leche[[#This Row],[N° LATAS]]/48,0) -> 13 | G10: =Leche[[#This Row],[N° LATAS]]-Leche[[#This Row],[TOTAL CAJAS]]*48 -> 16 | H10: 46269 | I10: Confirmado
A11: PENDIENTE | B11: Agua Blanca | C11: Setiembre | D11: 46262 | E11: 640 | F11: =ROUNDDOWN(Leche[[#This Row],[N° LATAS]]/48,0) -> 13 | G11: =Leche[[#This Row],[N° LATAS]]-Leche[[#This Row],[TOTAL CAJAS]]*48 -> 16 | H11: 46269 | I11: Confirmado
A12: PENDIENTE | B12: Agua Blanca | C12: Diciembre | D12: 46322 | E12: 640 | F12: =ROUNDDOWN(Leche[[#This Row],[N° LATAS]]/48,0) -> 13 | G12: =Leche[[#This Row],[N° LATAS]]-Leche[[#This Row],[TOTAL CAJAS]]*48 -> 16
A13: PENDIENTE | B13: Agua Blanca | C13: Noviembre | D13: 46322 | E13: 640 | F13: =ROUNDDOWN(Leche[[#This Row],[N° LATAS]]/48,0) -> 13 | G13: =Leche[[#This Row],[N° LATAS]]-Leche[[#This Row],[TOTAL CAJAS]]*48 -> 16
A14: PENDIENTE | B14: Alto Biavo | C14: Marzo | D14: 46112 | E14: 1064 | F14: =ROUNDDOWN(Leche[[#This Row],[N° LATAS]]/48,0) -> 22 | G14: =Leche[[#This Row],[N° LATAS]]-Leche[[#This Row],[TOTAL CAJAS]]*48 -> 8 | H14: 46109 | I14: Confirmado
A15: PENDIENTE | B15: Alto Biavo | C15: Abril | D15: 46112 | E15: 1030 | F15: =ROUNDDOWN(Leche[[#This Row],[N° LATAS]]/48,0) -> 21 | G15: =Leche[[#This Row],[N° LATAS]]-Leche[[#This Row],[TOTAL CAJAS]]*48 -> 22 | H15: 46109 | I15: Confirmado
A16: PENDIENTE | B16: Alto Biavo | C16: Mayo | D16: 46127 | E16: 1065 | F16: =ROUNDDOWN(Leche[[#This Row],[N° LATAS]]/48,0) -> 22 | G16: =Leche[[#This Row],[N° LATAS]]-Leche[[#This Row],[TOTAL CAJAS]]*48 -> 9 | H16: 46147 | I16: Confirmado
A17: PENDIENTE | B17: Alto Biavo | C17: Junio | D17: 46127 | E17: 1031 | F17: =ROUNDDOWN(Leche[[#This Row],[N° LATAS]]/48,0) -> 21 | G17: =Leche[[#This Row],[N° LATAS]]-Leche[[#This Row],[TOTAL CAJAS]]*48 -> 23 | H17: 46147 | I17: Confirmado
A18: PENDIENTE | B18: Alto Biavo | C18: Julio | D18: 46188 | E18: 1065 | F18: =ROUNDDOWN(Leche[[#This Row],[N° LATAS]]/48,0) -> 22 | G18: =Leche[[#This Row],[N° LATAS]]-Leche[[#This Row],[TOTAL CAJAS]]*48 -> 9 | H18: 46178 | I18: Confirmado
A19: PENDIENTE | B19: Alto Biavo | C19: Agosto | D19: 46188 | E19: 1065 | F19: =ROUNDDOWN(Leche[[#This Row],[N° LATAS]]/48,0) -> 22 | G19: =Leche[[#This Row],[N° LATAS]]-Leche[[#This Row],[TOTAL CAJAS]]*48 -> 9 | H19: 46178 | I19: Confirmado
A20: PENDIENTE | B20: Alto Biavo | C20: O.C. | D20: 46223 | E20: 388 | F20: =ROUNDDOWN(Leche[[#This Row],[N° LATAS]]/48,0) -> 8 | G20: =Leche[[#This Row],[N° LATAS]]-Leche[[#This Row],[TOTAL CAJAS]]*48 -> 4 | H20: 46222 | I20: Confirmado
A21: PENDIENTE | B21: Alto Biavo | C21: Setiembre | D21: 46249 | E21: 1033 | F21: =ROUNDDOWN(Leche[[#This Row],[N° LATAS]]/48,0) -> 21 | G21: =Leche[[#This Row],[N° LATAS]]-Leche[[#This Row],[TOTAL CAJAS]]*48 -> 25 | H21: 46254 | I21: Confirmado
A22: PENDIENTE | B22: Alto Biavo | C22: Octubre | D22: 46249 | E22: 1068 | F22: =ROUNDDOWN(Leche[[#This Row],[N° LATAS]]/48,0) -> 22 | G22: =Leche[[#This Row],[N° LATAS]]-Leche[[#This Row],[TOTAL CAJAS]]*48 -> 12 | H22: 46254 | I22: Confirmado
A23: PENDIENTE | B23: Alto Biavo | C23: Noviembre | D23: 46310 | E23: 1033 | F23: =ROUNDDOWN(Leche[[#This Row],[N° LATAS]]/48,0) -> 21 | G23: =Leche[[#This Row],[N° LATAS]]-Leche[[#This Row],[TOTAL CAJAS]]*48 -> 25
A24: PENDIENTE | B24: Alto Biavo | C24: Diciembre | D24: 46310 | E24: 1068 | F24: =ROUNDDOWN(Leche[[#This Row],[N° LATAS]]/48,0) -> 22 | G24: =Leche[[#This Row],[N° LATAS]]-Leche[[#This Row],[TOTAL CAJAS]]*48 -> 12
A25: PENDIENTE | B25: Alto Biavo - 25 | C25: O.C. | D25: 46052 | E25: 2024 | F25: =ROUNDDOWN(Leche[[#This Row],[N° LATAS]]/48,0) -> 42 | G25: =Leche[[#This Row],[N° LATAS]]-Leche[[#This Row],[TOTAL CAJAS]]*48 -> 8 | H25: 46051 | I25: Confirmado
A26: PENDIENTE | B26: Alto Trujillo | C26: Abril | D26: 46112 | E26: 4680 | F26: =ROUNDDOWN(Leche[[#This Row],[N° LATAS]]/48,0) -> 97 | G26: =Leche[[#This Row],[N° LATAS]]-Leche[[#This Row],[TOTAL CAJAS]]*48 -> 24 | H26: 46101 | I26: Confirmado
A27: PENDIENTE | B27: Alto Trujillo | C27: Mayo | D27: 46142 | E27: 4680 | F27: =ROUNDDOWN(Leche[[#This Row],[N° LATAS]]/48,0) -> 97 | G27: =Leche[[#This Row],[N° LATAS]]-Leche[[#This Row],[TOTAL CAJAS]]*48 -> 24 | H27: 46139 | I27: Confirmado
A28: PENDIENTE | B28: Alto Trujillo | C28: Junio | D28: 46173 | E28: 4680 | F28: =ROUNDDOWN(Leche[[#This Row],[N° LATAS]]/48,0) -> 97 | G28: =Leche[[#This Row],[N° LATAS]]-Leche[[#This Row],[TOTAL CAJAS]]*48 -> 24 | H28: 46167 | I28: Confirmado
A29: PENDIENTE | B29: Alto Trujillo | C29: Julio | D29: 46203 | E29: 4680 | F29: =ROUNDDOWN(Leche[[#This Row],[N° LATAS]]/48,0) -> 97 | G29: =Leche[[#This Row],[N° LATAS]]-Leche[[#This Row],[TOTAL CAJAS]]*48 -> 24 | H29: 46198 | I29: Confirmado
A30: PENDIENTE | B30: Alto Trujillo | C30: Agosto | D30: 46234 | E30: 4680 | F30: =ROUNDDOWN(Leche[[#This Row],[N° LATAS]]/48,0) -> 97 | G30: =Leche[[#This Row],[N° LATAS]]-Leche[[#This Row],[TOTAL CAJAS]]*48 -> 24 | H30: 46225 | I30: Confirmado
A31: PENDIENTE | B31: Alto Trujillo | C31: O.C. | D31: 46265 | E31: 5829 | F31: =ROUNDDOWN(Leche[[#This Row],[N° LATAS]]/48,0) -> 121 | G31: =Leche[[#This Row],[N° LATAS]]-Leche[[#This Row],[TOTAL CAJAS]]*48 -> 21 | H31: 46244 | I31: Confirmado
A32: PENDIENTE | B32: Alto Trujillo | C32: Setiembre | D32: 46265 | E32: 4680 | F32: =ROUNDDOWN(Leche[[#This Row],[N° LATAS]]/48,0) -> 97 | G32: =Leche[[#This Row],[N° LATAS]]-Leche[[#This Row],[TOTAL CAJAS]]*48 -> 24 | H32: 46266 | I32: Confirmado
A33: PENDIENTE | B33: Alto Trujillo | C33: Octubre | D33: 46295 | E33: 4680 | F33: =ROUNDDOWN(Leche[[#This Row],[N° LATAS]]/48,0) -> 97 | G33: =Leche[[#This Row],[N° LATAS]]-Leche[[#This Row],[TOTAL CAJAS]]*48 -> 24 | H33: 46290 | I33: Confirmado
A34: PENDIENTE | B34: Alto Trujillo | C34: Noviembre | D34: 46326 | E34: 4680 | F34: =ROUNDDOWN(Leche[[#This Row],[N° LATAS]]/48,0) -> 97 | G34: =Leche[[#This Row],[N° LATAS]]-Leche[[#This Row],[TOTAL CAJAS]]*48 -> 24
A35: PENDIENTE | B35: Alto Trujillo | C35: Diciembre | D35: 46356 | E35: 4680 | F35: =ROUNDDOWN(Leche[[#This Row],[N° LATAS]]/48,0) -> 97 | G35: =Leche[[#This Row],[N° LATAS]]-Leche[[#This Row],[TOTAL CAJAS]]*48 -> 24
A36: PENDIENTE | B36: Alto Trujillo | C36: 46388 | D36: 46387 | E36: 4680 | F36: =ROUNDDOWN(Leche[[#This Row],[N° LATAS]]/48,0) -> 97 | G36: =Leche[[#This Row],[N° LATAS]]-Leche[[#This Row],[TOTAL CAJAS]]*48 -> 24
A37: PENDIENTE | B37: Alto Trujillo | C37: 46419 | D37: 46418 | E37: 4680 | F37: =ROUNDDOWN(Leche[[#This Row],[N° LATAS]]/48,0) -> 97 | G37: =Leche[[#This Row],[N° LATAS]]-Leche[[#This Row],[TOTAL CAJAS]]*48 -> 24
A38: PENDIENTE | B38: Alto Trujillo | C38: 46447 | D38: 46446 | E38: 4680 | F38: =ROUNDDOWN(Leche[[#This Row],[N° LATAS]]/48,0) -> 97 | G38: =Leche[[#This Row],[N° LATAS]]-Leche[[#This Row],[TOTAL CAJAS]]*48 -> 24
A39: PENDIENTE | B39: Angel Saavedra | C39: O.C. | D39: 46112 | E39: 1500 | F39: =ROUNDDOWN(Leche[[#This Row],[N° LATAS]]/48,0) -> 31 | G39: =Leche[[#This Row],[N° LATAS]]-Leche[[#This Row],[TOTAL CAJAS]]*48 -> 12 | H39: 46112 | I39: Confirmado
A40: PENDIENTE | B40: Angel Saavedra | C40: O.C. | D40: 46142 | E40: 1800 | F40: =ROUNDDOWN(Leche[[#This Row],[N° LATAS]]/48,0) -> 37 | G40: =Leche[[#This Row],[N° LATAS]]-Leche[[#This Row],[TOTAL CAJAS]]*48 -> 24 | H40: 46140 | I40: Confirmado
A41: PENDIENTE | B41: Angel Saavedra | C41: O.C. | D41: 46183 | E41: 720 | F41: =ROUNDDOWN(Leche[[#This Row],[N° LATAS]]/48,0) -> 15 | G41: =Leche[[#This Row],[N° LATAS]]-Leche[[#This Row],[TOTAL CAJAS]]*48 -> 0 | H41: 46183 | I41: Confirmado
A42: PENDIENTE | B42: Angel Saavedra | C42: O.C. | D42: 46209 | E42: 2064 | F42: =ROUNDDOWN(Leche[[#This Row],[N° LATAS]]/48,0) -> 43 | G42: =Leche[[#This Row],[N° LATAS]]-Leche[[#This Row],[TOTAL CAJAS]]*48 -> 0 | H42: 46209 | I42: Confirmado
A43: PENDIENTE | B43: Ascope | C43: Enero / Febrero / Marzo | D43: 46037 | E43: 2400 | F43: =ROUNDDOWN(Leche[[#This Row],[N° LATAS]]/48,0) -> 50 | G43: =Leche[[#This Row],[N° LATAS]]-Leche[[#This Row],[TOTAL CAJAS]]*48 -> 0 | H43: 46049 | I43: Confirmado
A44: PENDIENTE | B44: Ascope | C44: Abril / Mayo / Junio | D44: 46096 | E44: 2400 | F44: =ROUNDDOWN(Leche[[#This Row],[N° LATAS]]/48,0) -> 50 | G44: =Leche[[#This Row],[N° LATAS]]-Leche[[#This Row],[TOTAL CAJAS]]*48 -> 0 | H44: 46101 | I44: Confirmado
A45: PENDIENTE | B45: Ascope | C45: Julio / Agosto / Septiembre | D45: 46188 | E45: 2400 | F45: =ROUNDDOWN(Leche[[#This Row],[N° LATAS]]/48,0) -> 50 | G45: =Leche[[#This Row],[N° LATAS]]-Leche[[#This Row],[TOTAL CAJAS]]*48 -> 0 | H45: 46192 | I45: Confirmado
A46: PENDIENTE | B46: Ascope | C46: Octubre / Noviembre / Diciembre | D46: 46280 | E46: 2400 | F46: =ROUNDDOWN(Leche[[#This Row],[N° LATAS]]/48,0) -> 50 | G46: =Leche[[#This Row],[N° LATAS]]-Leche[[#This Row],[TOTAL CAJAS]]*48 -> 0 | H46: 46283 | I46: Confirmado
A47: PENDIENTE | B47: Asuncion - Chacas | C47: O.C. | D47: 46199 | E47: 765 | F47: =ROUNDDOWN(Leche[[#This Row],[N° LATAS]]/48,0) -> 15 | G47: =Leche[[#This Row],[N° LATAS]]-Leche[[#This Row],[TOTAL CAJAS]]*48 -> 45 | H47: 46198 | I47: Confirmado
A48: PENDIENTE | B48: Bagua | C48: O.C. | D48: 46081 | E48: 8580 | F48: =ROUNDDOWN(Leche[[#This Row],[N° LATAS]]/48,0) -> 178 | G48: =Leche[[#This Row],[N° LATAS]]-Leche[[#This Row],[TOTAL CAJAS]]*48 -> 36 | H48: 46077 | I48: Confirmado
A49: PENDIENTE | B49: Barranquita | C49: Enero | D49: 46022 | E49: 1279 | F49: =ROUNDDOWN(Leche[[#This Row],[N° LATAS]]/48,0) -> 26 | G49: =Leche[[#This Row],[N° LATAS]]-Leche[[#This Row],[TOTAL CAJAS]]*48 -> 31 | H49: 46032 | I49: Confirmado
A50: PENDIENTE | B50: Barranquita | C50: Febrero | D50: 46045 | E50: 1157 | F50: =ROUNDDOWN(Leche[[#This Row],[N° LATAS]]/48,0) -> 24 | G50: =Leche[[#This Row],[N° LATAS]]-Leche[[#This Row],[TOTAL CAJAS]]*48 -> 5 | H50: 46032 | I50: Confirmado
... A59: PENDIENTE | B59: Barranquita | C59: Octubre | D59: 46253 | E59: 1279 | F59: =ROUNDDOWN(Leche[[#This Row],[N° LATAS]]/48,0) -> 26 | G59: =Leche[[#This Row],[N° LATAS]]-Leche[[#This Row],[TOTAL CAJAS]]*48 -> 31 | H59: 46234 | I59: Confirmado
A60: PENDIENTE | B60: Barranquita | C60: Noviembre | D60: 46315 | E60: 1240 | F60: =ROUNDDOWN(Leche[[#This Row],[N° LATAS]]/48,0) -> 25 | G60: =Leche[[#This Row],[N° LATAS]]-Leche[[#This Row],[TOTAL CAJAS]]*48 -> 40
A61: PENDIENTE | B61: Barranquita | C61: Diciembre | D61: 46315 | E61: 1280 | F61: =ROUNDDOWN(Leche[[#This Row],[N° LATAS]]/48,0) -> 26 | G61: =Leche[[#This Row],[N° LATAS]]-Leche[[#This Row],[TOTAL CAJAS]]*48 -> 32
A62: PENDIENTE | B62: Buenaventura | C62: O.C. | D62: 46213 | E62: 7974 | F62: =ROUNDDOWN(Leche[[#This Row],[N° LATAS]]/48,0) -> 166 | G62: =Leche[[#This Row],[N° LATAS]]-Leche[[#This Row],[TOTAL CAJAS]]*48 -> 6 | H62: 46207 | I62: Confirmado
A63: PENDIENTE | B63: Buenaventura | C63: O.C. | D63: 46245 | E63: 552 | F63: =ROUNDDOWN(Leche[[#This Row],[N° LATAS]]/48,0) -> 11 | G63: =Leche[[#This Row],[N° LATAS]]-Leche[[#This Row],[TOTAL CAJAS]]*48 -> 24 | H63: 46246 | I63: Confirmado
A64: PENDIENTE | B64: Buenavista | C64: Enero / Febrero / Marzo | D64: 46055 | E64: 2700 | F64: =ROUNDDOWN(Leche[[#This Row],[N° LATAS]]/48,0) -> 56 | G64: =Leche[[#This Row],[N° LATAS]]-Leche[[#This Row],[TOTAL CAJAS]]*48 -> 12 | H64: 46079 | I64: Confirmado
A65: PENDIENTE | B65: Buenavista | C65: Abril / Mayo / Junio | D65: 46117 | E65: 2700 | F65: =ROUNDDOWN(Leche[[#This Row],[N° LATAS]]/48,0) -> 56 | G65: =Leche[[#This Row],[N° LATAS]]-Leche[[#This Row],[TOTAL CAJAS]]*48 -> 12 | H65: 46138 | I65: Confirmado
A66: PENDIENTE | B66: Buenavista | C66: Julio / Agosto / Septiembre | D66: 46203 | E66: 2700 | F66: =ROUNDDOWN(Leche[[#This Row],[N° LATAS]]/48,0) -> 56 | G66: =Leche[[#This Row],[N° LATAS]]-Leche[[#This Row],[TOTAL CAJAS]]*48 -> 12 | H66: 46220 | I66: Confirmado
A67: PENDIENTE | B67: Buenavista | C67: O.C. | D67: 46241 | E67: 1350 | F67: =ROUNDDOWN(Leche[[#This Row],[N° LATAS]]/48,0) -> 28 | G67: =Leche[[#This Row],[N° LATAS]]-Leche[[#This Row],[TOTAL CAJAS]]*48 -> 6 | H67: 46245 | I67: Confirmado
A68: PENDIENTE | B68: Buenavista | C68: Octubre / Noviembre / Diciembre | D68: 46300 | E68: 2700 | F68: =ROUNDDOWN(Leche[[#This Row],[N° LATAS]]/48,0) -> 56 | G68: =Leche[[#This Row],[N° LATAS]]-Leche[[#This Row],[TOTAL CAJAS]]*48 -> 12
A69: PENDIENTE | B69: Caceres | C69: Abril | D69: 46108 | E69: 1710 | F69: =ROUNDDOWN(Leche[[#This Row],[N° LATAS]]/48,0) -> 35 | G69: =Leche[[#This Row],[N° LATAS]]-Leche[[#This Row],[TOTAL CAJAS]]*48 -> 30 | H69: 46092 | I69: Confirmado
A70: PENDIENTE | B70: Caceres | C70: Marzo | D70: 46108 | E70: 1710 | F70: =ROUNDDOWN(Leche[[#This Row],[N° LATAS]]/48,0) -> 35 | G70: =Leche[[#This Row],[N° LATAS]]-Leche[[#This Row],[TOTAL CAJAS]]*48 -> 30 | H70: 46092 | I70: Confirmado
A71: PENDIENTE | B71: Caceres | C71: Mayo | D71: 46139 | E71: 1710 | F71: =ROUNDDOWN(Leche[[#This Row],[N° LATAS]]/48,0) -> 35 | G71: =Leche[[#This Row],[N° LATAS]]-Leche[[#This Row],[TOTAL CAJAS]]*48 -> 30 | H71: 46138 | I71: Confirmado
A72: PENDIENTE | B72: Caceres | C72: Junio | D72: 46139 | E72: 1710 | F72: =ROUNDDOWN(Leche[[#This Row],[N° LATAS]]/48,0) -> 35 | G72: =Leche[[#This Row],[N° LATAS]]-Leche[[#This Row],[TOTAL CAJAS]]*48 -> 30 | H72: 46138 | I72: Confirmado
A73: PENDIENTE | B73: Caceres | C73: Julio | D73: 46200 | E73: 1710 | F73: =ROUNDDOWN(Leche[[#This Row],[N° LATAS]]/48,0) -> 35 | G73: =Leche[[#This Row],[N° LATAS]]-Leche[[#This Row],[TOTAL CAJAS]]*48 -> 30 | H73: 46198 | I73: Confirmado
A74: PENDIENTE | B74: Caceres | C74: Agosto | D74: 46200 | E74: 1710 | F74: =ROUNDDOWN(Leche[[#This Row],[N° LATAS]]/48,0) -> 35 | G74: =Leche[[#This Row],[N° LATAS]]-Leche[[#This Row],[TOTAL CAJAS]]*48 -> 30 | H74: 46198 | I74: Confirmado
A75: PENDIENTE | B75: Caceres | C75: Setiembre | D75: 46261 | E75: 1710 | F75: =ROUNDDOWN(Leche[[#This Row],[N° LATAS]]/48,0) -> 35 | G75: =Leche[[#This Row],[N° LATAS]]-Leche[[#This Row],[TOTAL CAJAS]]*48 -> 30 | H75: 46266 | I75: Confirmado
A76: PENDIENTE | B76: Caceres | C76: Octubre | D76: 46261 | E76: 1710 | F76: =ROUNDDOWN(Leche[[#This Row],[N° LATAS]]/48,0) -> 35 | G76: =Leche[[#This Row],[N° LATAS]]-Leche[[#This Row],[TOTAL CAJAS]]*48 -> 30 | H76: 46266 | I76: Confirmado
A77: PENDIENTE | B77: Caceres | C77: Noviembre | D77: 46322 | E77: 1710 | F77: =ROUNDDOWN(Leche[[#This Row],[N° LATAS]]/48,0) -> 35 | G77: =Leche[[#This Row],[N° LATAS]]-Leche[[#This Row],[TOTAL CAJAS]]*48 -> 30
A78: PENDIENTE | B78: Caceres | C78: Diciembre | D78: 46322 | E78: 1710 | F78: =ROUNDDOWN(Leche[[#This Row],[N° LATAS]]/48,0) -> 35 | G78: =Leche[[#This Row],[N° LATAS]]-Leche[[#This Row],[TOTAL CAJAS]]*48 -> 30
A79: PENDIENTE | B79: Caceres - 25 | C79: Enero | D79: 46053 | E79: 3420 | F79: =ROUNDDOWN(Leche[[#This Row],[N° LATAS]]/48,0) -> 71 | G79: =Leche[[#This Row],[N° LATAS]]-Leche[[#This Row],[TOTAL CAJAS]]*48 -> 12 | H79: 46036 | I79: Confirmado
A80: CORDELAN | B80: Cachachi | C80: Enero | D80: 46022 | E80: 6500 | F80: =ROUNDDOWN(Leche[[#This Row],[N° LATAS]]/48,0) -> 135 | G80: =Leche[[#This Row],[N° LATAS]]-Leche[[#This Row],[TOTAL CAJAS]]*48 -> 20 | H80: 45995 | I80: Confirmado
A81: CORDELAN | B81: Cachachi | C81: Febrero | D81: 46048 | E81: 6500 | F81: =ROUNDDOWN(Leche[[#This Row],[N° LATAS]]/48,0) -> 135 | G81: =Leche[[#This Row],[N° LATAS]]-Leche[[#This Row],[TOTAL CAJAS]]*48 -> 20 | H81: 46046 | I81: Confirmado
A82: CORDELAN | B82: Cachachi | C82: Marzo | D82: 46077 | E82: 6500 | F82: =ROUNDDOWN(Leche[[#This Row],[N° LATAS]]/48,0) -> 135 | G82: =Leche[[#This Row],[N° LATAS]]-Leche[[#This Row],[TOTAL CAJAS]]*48 -> 20 | H82: 46075 | I82: Confirmado
A83: CORDELAN | B83: Cachachi | C83: Abril | D83: 46105 | E83: 6500 | F83: =ROUNDDOWN(Leche[[#This Row],[N° LATAS]]/48,0) -> 135 | G83: =Leche[[#This Row],[N° LATAS]]-Leche[[#This Row],[TOTAL CAJAS]]*48 -> 20 | H83: 46107 | I83: Confirmado
A84: CORDELAN | B84: Cachachi | C84: Mayo | D84: 46135 | E84: 6500 | F84: =ROUNDDOWN(Leche[[#This Row],[N° LATAS]]/48,0) -> 135 | G84: =Leche[[#This Row],[N° LATAS]]-Leche[[#This Row],[TOTAL CAJAS]]*48 -> 20 | H84: 46138 | I84: Confirmado
A85: CORDELAN | B85: Cachachi | C85: Junio | D85: 46164 | E85: 6500 | F85: =ROUNDDOWN(Leche[[#This Row],[N° LATAS]]/48,0) -> 135 | G85: =Leche[[#This Row],[N° LATAS]]-Leche[[#This Row],[TOTAL CAJAS]]*48 -> 20 | H85: 46163 | I85: Confirmado
A86: CORDELAN | B86: Cachachi | C86: Julio | D86: 46198 | E86: 6500 | F86: =ROUNDDOWN(Leche[[#This Row],[N° LATAS]]/48,0) -> 135 | G86: =Leche[[#This Row],[N° LATAS]]-Leche[[#This Row],[TOTAL CAJAS]]*48 -> 20 | H86: 46196 | I86: Confirmado
A87: CORDELAN | B87: Cachachi | C87: Agosto | D87: 46227 | E87: 6500 | F87: =ROUNDDOWN(Leche[[#This Row],[N° LATAS]]/48,0) -> 135 | G87: =Leche[[#This Row],[N° LATAS]]-Leche[[#This Row],[TOTAL CAJAS]]*48 -> 20 | H87: 46230 | I87: Confirmado
A88: CORDELAN | B88: Cachachi | C88: Setiembre | D88: 46259 | E88: 6500 | F88: =ROUNDDOWN(Leche[[#This Row],[N° LATAS]]/48,0) -> 135 | G88: =Leche[[#This Row],[N° LATAS]]-Leche[[#This Row],[TOTAL CAJAS]]*48 -> 20 | H88: 46255 | I88: Confirmado
A89: CORDELAN | B89: Cachachi | C89: Octubre | D89: 46290 | E89: 6500 | F89: =ROUNDDOWN(Leche[[#This Row],[N° LATAS]]/48,0) -> 135 | G89: =Leche[[#This Row],[N° LATAS]]-Leche[[#This Row],[TOTAL CAJAS]]*48 -> 20
A90: CORDELAN | B90: Cachachi | C90: Noviembre | D90: 46317 | E90: 6500 | F90: =ROUNDDOWN(Leche[[#This Row],[N° LATAS]]/48,0) -> 135 | G90: =Leche[[#This Row],[N° LATAS]]-Leche[[#This Row],[TOTAL CAJAS]]*48 -> 20
A91: CORDELAN | B91: Cachachi | C91: Diciembre | D91: 46352 | E91: 6500 | F91: =ROUNDDOWN(Leche[[#This Row],[N° LATAS]]/48,0) -> 135 | G91: =Leche[[#This Row],[N° LATAS]]-Leche[[#This Row],[TOTAL CAJAS]]*48 -> 20
A92: PENDIENTE | B92: Cajatambo | C92: Enero / Febrero / Marzo | D92: 46068 | E92: 1980 | F92: =ROUNDDOWN(Leche[[#This Row],[N° LATAS]]/48,0) -> 41 | G92: =Leche[[#This Row],[N° LATAS]]-Leche[[#This Row],[TOTAL CAJAS]]*48 -> 12 | H92: 46076 | I92: Confirmado
A93: PENDIENTE | B93: Cajatambo | C93: Abril | D93: 46097 | E93: 660 | F93: =ROUNDDOWN(Leche[[#This Row],[N° LATAS]]/48,0) -> 13 | G93: =Leche[[#This Row],[N° LATAS]]-Leche[[#This Row],[TOTAL CAJAS]]*48 -> 36 | H93: 46099 | I93: Confirmado
A94: PENDIENTE | B94: Cajatambo | C94: Junio | D94: 46097 | E94: 660 | F94: =ROUNDDOWN(Leche[[#This Row],[N° LATAS]]/48,0) -> 13 | G94: =Leche[[#This Row],[N° LATAS]]-Leche[[#This Row],[TOTAL CAJAS]]*48 -> 36 | H94: 46099 | I94: Confirmado
A95: PENDIENTE | B95: Cajatambo | C95: Mayo | D95: 46097 | E95: 660 | F95: =ROUNDDOWN(Leche[[#This Row],[N° LATAS]]/48,0) -> 13 | G95: =Leche[[#This Row],[N° LATAS]]-Leche[[#This Row],[TOTAL CAJAS]]*48 -> 36 | H95: 46099 | I95: Confirmado
A96: PENDIENTE | B96: Cajatambo | C96: Agosto | D96: 46188 | E96: 660 | F96: =ROUNDDOWN(Leche[[#This Row],[N° LATAS]]/48,0) -> 13 | G96: =Leche[[#This Row],[N° LATAS]]-Leche[[#This Row],[TOTAL CAJAS]]*48 -> 36 | H96: 46183 | I96: Confirmado
A97: PENDIENTE | B97: Cajatambo | C97: Julio | D97: 46188 | E97: 660 | F97: =ROUNDDOWN(Leche[[#This Row],[N° LATAS]]/48,0) -> 13 | G97: =Leche[[#This Row],[N° LATAS]]-Leche[[#This Row],[TOTAL CAJAS]]*48 -> 36 | H97: 46183 | I97: Confirmado
A98: PENDIENTE | B98: Cajatambo | C98: Setiembre | D98: 46188 | E98: 660 | F98: =ROUNDDOWN(Leche[[#This Row],[N° LATAS]]/48,0) -> 13 | G98: =Leche[[#This Row],[N° LATAS]]-Leche[[#This Row],[TOTAL CAJAS]]*48 -> 36 | H98: 46183 | I98: Confirmado
A99: PENDIENTE | B99: Cajatambo | C99: O.C. | D99: 46280 | E99: 840 | F99: =ROUNDDOWN(Leche[[#This Row],[N° LATAS]]/48,0) -> 17 | G99: =Leche[[#This Row],[N° LATAS]]-Leche[[#This Row],[TOTAL CAJAS]]*48 -> 24 | H99: 46279 | I99: Confirmado
A100: PENDIENTE | B100: Cajatambo | C100: Diciembre | D100: 46280 | E100: 660 | F100: =ROUNDDOWN(Leche[[#This Row],[N° LATAS]]/48,0) -> 13 | G100: =Leche[[#This Row],[N° LATAS]]-Leche[[#This Row],[TOTAL CAJAS]]*48 -> 36 | H100: 46279 | I100: Confirmado
A101: PENDIENTE | B101: Cajatambo | C101: Noviembre | D101: 46280 | E101: 660 | F101: =ROUNDDOWN(Leche[[#This Row],[N° LATAS]]/48,0) -> 13 | G101: =Leche[[#This Row],[N° LATAS]]-Leche[[#This Row],[TOTAL CAJAS]]*48 -> 36 | H101: 46279 | I101: Confirmado
A102: PENDIENTE | B102: Cajatambo | C102: Octubre | D102: 46280 | E102: 660 | F102: =ROUNDDOWN(Leche[[#This Row],[N° LATAS]]/48,0) -> 13 | G102: =Leche[[#This Row],[N° LATAS]]-Leche[[#This Row],[TOTAL CAJAS]]*48 -> 36 | H102: 46279 | I102: Confirmado
A103: MI FORTALEZA | B103: Carhuaz | C103: O.C. | D103: 46045 | E103: 10062 | F103: =ROUNDDOWN(Leche[[#This Row],[N° LATAS]]/48,0) -> 209 | G103: =Leche[[#This Row],[N° LATAS]]-Leche[[#This Row],[TOTAL CAJAS]]*48 -> 30 | H103: 46054 | I103: Confirmado
... A113: PENDIENTE | B113: Casa Grande | C113: Octubre | D113: 46270 | E113: 3381 | F113: =ROUNDDOWN(Leche[[#This Row],[N° LATAS]]/48,0) -> 70 | G113: =Leche[[#This Row],[N° LATAS]]-Leche[[#This Row],[TOTAL CAJAS]]*48 -> 21 | H113: 46294 | I113: Confirmado
A114: PENDIENTE | B114: Casa Grande | C114: Noviembre | D114: 46300 | E114: 3381 | F114: =ROUNDDOWN(Leche[[#This Row],[N° LATAS]]/48,0) -> 70 | G114: =Leche[[#This Row],[N° LATAS]]-Leche[[#This Row],[TOTAL CAJAS]]*48 -> 21
A115: PENDIENTE | B115: Casa Grande | C115: Diciembre | D115: 46331 | E115: 3381 | F115: =ROUNDDOWN(Leche[[#This Row],[N° LATAS]]/48,0) -> 70 | G115: =Leche[[#This Row],[N° LATAS]]-Leche[[#This Row],[TOTAL CAJAS]]*48 -> 21
A116: PENDIENTE | B116: Casma | C116: Enero / Febrero | D116: 46081 | E116: 10440 | F116: =ROUNDDOWN(Leche[[#This Row],[N° LATAS]]/48,0) -> 217 | G116: =Leche[[#This Row],[N° LATAS]]-Leche[[#This Row],[TOTAL CAJAS]]*48 -> 24 | H116: 46079 | I116: Confirmado
A117: PENDIENTE | B117: Casma | C117: Marzo | D117: 46357 | E117: 5220 | F117: =ROUNDDOWN(Leche[[#This Row],[N° LATAS]]/48,0) -> 108 | G117: =Leche[[#This Row],[N° LATAS]]-Leche[[#This Row],[TOTAL CAJAS]]*48 -> 36
...

Sheet Producción
A1: Empresa | B1: Municipalidad | C1: Mes | D1: Fecha | E1: Total (Kg) | F1: F. Prod | G1: {=TRANSPOSE(_xlfn.ANCHORARRAY(Almacen!B9))} -> Trigo | H1: Avena | I1: Quinua | J1: Soya | K1: Maiz pollo | L1: Maiz Chufla | M1: Maca | N1: Leche en Polvo | O1: Azucar | P1: Quinua Qaliwarma | Q1: Kiwicha | R1: Cocoa | S1: Sorbato | T1: S. Canela | U1: S. Leche | V1: S. Platano | W1: S. Vainilla | X1: S. Lucuma
A2: {=Cereal[[EMPRESA]:[FECHA]]} -> PENDIENTE | B2: Agua Blanca | C2: Enero | D2: 46081 | E2: {=Cereal[TOTAL (KG)]} -> 816.5952 | F2: {=Cereal[PRODUCCIÓN]} -> 46075 | G2: {=_xlfn._xlws.FILTER(Formulas!$C$2:$T$201, ISNUMBER(MATCH(Formulas!$B$2:$B$201, B2, 0)),0) * E2} -> 163.31904 | H2: 555.28474 | I2: 32.663808 | J2: 32.663808 | K2: 0 | L2: 0 | M2: 32.663808 | N2: 0 | O2: 0 | P2: 0 | Q2: 0 | R2: 0 | S2: 0 | T2: 0 | U2: 0 | V2: 0 | W2: 0 | X2: 0
A3: PENDIENTE | B3: Agua Blanca | C3: Febrero | D3: 46081 | E3: 816.5952 | F3: 46075 | G3: {=_xlfn._xlws.FILTER(Formulas!$C$2:$T$201, ISNUMBER(MATCH(Formulas!$B$2:$B$201, B3, 0)),0) * E3} -> 163.31904 | H3: 555.28474 | I3: 32.663808 | J3: 32.663808 | K3: 0 | L3: 0 | M3: 32.663808 | N3: 0 | O3: 0 | P3: 0 | Q3: 0 | R3: 0 | S3: 0 | T3: 0 | U3: 0 | V3: 0 | W3: 0 | X3: 0
A4: PENDIENTE | B4: Agua Blanca | C4: Marzo | D4: 46081 | E4: 816.5952 | F4: 46075 | G4: {=_xlfn._xlws.FILTER(Formulas!$C$2:$T$201, ISNUMBER(MATCH(Formulas!$B$2:$B$201, B4, 0)),0) * E4} -> 163.31904 | H4: 555.28474 | I4: 32.663808 | J4: 32.663808 | K4: 0 | L4: 0 | M4: 32.663808 | N4: 0 | O4: 0 | P4: 0 | Q4: 0 | R4: 0 | S4: 0 | T4: 0 | U4: 0 | V4: 0 | W4: 0 | X4: 0
A5: PENDIENTE | B5: Agua Blanca | C5: Abril | D5: 46081 | E5: 816.5952 | F5: 46075 | G5: {=_xlfn._xlws.FILTER(Formulas!$C$2:$T$201, ISNUMBER(MATCH(Formulas!$B$2:$B$201, B5, 0)),0) * E5} -> 163.31904 | H5: 555.28474 | I5: 32.663808 | J5: 32.663808 | K5: 0 | L5: 0 | M5: 32.663808 | N5: 0 | O5: 0 | P5: 0 | Q5: 0 | R5: 0 | S5: 0 | T5: 0 | U5: 0 | V5: 0 | W5: 0 | X5: 0
A6: PENDIENTE | B6: Agua Blanca | C6: Mayo | D6: 46140 | E6: 816.5952 | F6: 46147 | G6: {=_xlfn._xlws.FILTER(Formulas!$C$2:$T$201, ISNUMBER(MATCH(Formulas!$B$2:$B$201, B6, 0)),0) * E6} -> 163.31904 | H6: 555.28474 | I6: 32.663808 | J6: 32.663808 | K6: 0 | L6: 0 | M6: 32.663808 | N6: 0 | O6: 0 | P6: 0 | Q6: 0 | R6: 0 | S6: 0 | T6: 0 | U6: 0 | V6: 0 | W6: 0 | X6: 0
A7: PENDIENTE | B7: Agua Blanca | C7: Junio | D7: 46140 | E7: 816.5952 | F7: 46147 | G7: {=_xlfn._xlws.FILTER(Formulas!$C$2:$T$201, ISNUMBER(MATCH(Formulas!$B$2:$B$201, B7, 0)),0) * E7} -> 163.31904 | H7: 555.28474 | I7: 32.663808 | J7: 32.663808 | K7: 0 | L7: 0 | M7: 32.663808 | N7: 0 | O7: 0 | P7: 0 | Q7: 0 | R7: 0 | S7: 0 | T7: 0 | U7: 0 | V7: 0 | W7: 0 | X7: 0
A8: PENDIENTE | B8: Agua Blanca | C8: Julio | D8: 46199 | E8: 816.5952 | F8: 46202 | G8: {=_xlfn._xlws.FILTER(Formulas!$C$2:$T$201, ISNUMBER(MATCH(Formulas!$B$2:$B$201, B8, 0)),0) * E8} -> 163.31904 | H8: 555.28474 | I8: 32.663808 | J8: 32.663808 | K8: 0 | L8: 0 | M8: 32.663808 | N8: 0 | O8: 0 | P8: 0 | Q8: 0 | R8: 0 | S8: 0 | T8: 0 | U8: 0 | V8: 0 | W8: 0 | X8: 0
A9: PENDIENTE | B9: Agua Blanca | C9: Agosto | D9: 46199 | E9: 816.5952 | F9: 46202 | G9: {=_xlfn._xlws.FILTER(Formulas!$C$2:$T$201, ISNUMBER(MATCH(Formulas!$B$2:$B$201, B9, 0)),0) * E9} -> 163.31904 | H9: 555.28474 | I9: 32.663808 | J9: 32.663808 | K9: 0 | L9: 0 | M9: 32.663808 | N9: 0 | O9: 0 | P9: 0 | Q9: 0 | R9: 0 | S9: 0 | T9: 0 | U9: 0 | V9: 0 | W9: 0 | X9: 0
A10: PENDIENTE | B10: Agua Blanca | C10: Setiembre | D10: 46262 | E10: 816.5952 | F10: 46263 | G10: {=_xlfn._xlws.FILTER(Formulas!$C$2:$T$201, ISNUMBER(MATCH(Formulas!$B$2:$B$201, B10, 0)),0) * E10} -> 163.31904 | H10: 555.28474 | I10: 32.663808 | J10: 32.663808 | K10: 0 | L10: 0 | M10: 32.663808 | N10: 0 | O10: 0 | P10: 0 | Q10: 0 | R10: 0 | S10: 0 | T10: 0 | U10: 0 | V10: 0 | W10: 0 | X10: 0
A11: PENDIENTE | B11: Agua Blanca | C11: Octubre | D11: 46262 | E11: 816.5952 | F11: 46263 | G11: {=_xlfn._xlws.FILTER(Formulas!$C$2:$T$201, ISNUMBER(MATCH(Formulas!$B$2:$B$201, B11, 0)),0) * E11} -> 163.31904 | H11: 555.28474 | I11: 32.663808 | J11: 32.663808 | K11: 0 | L11: 0 | M11: 32.663808 | N11: 0 | O11: 0 | P11: 0 | Q11: 0 | R11: 0 | S11: 0 | T11: 0 | U11: 0 | V11: 0 | W11: 0 | X11: 0
A12: PENDIENTE | B12: Agua Blanca | C12: Noviembre | D12: 46322 | E12: 816.5952 | F12: 0 | G12: {=_xlfn._xlws.FILTER(Formulas!$C$2:$T$201, ISNUMBER(MATCH(Formulas!$B$2:$B$201, B12, 0)),0) * E12} -> 163.31904 | H12: 555.28474 | I12: 32.663808 | J12: 32.663808 | K12: 0 | L12: 0 | M12: 32.663808 | N12: 0 | O12: 0 | P12: 0 | Q12: 0 | R12: 0 | S12: 0 | T12: 0 | U12: 0 | V12: 0 | W12: 0 | X12: 0
A13: PENDIENTE | B13: Agua Blanca | C13: Diciembre | D13: 46322 | E13: 816.5952 | F13: 0 | G13: {=_xlfn._xlws.FILTER(Formulas!$C$2:$T$201, ISNUMBER(MATCH(Formulas!$B$2:$B$201, B13, 0)),0) * E13} -> 163.31904 | H13: 555.28474 | I13: 32.663808 | J13: 32.663808 | K13: 0 | L13: 0 | M13: 32.663808 | N13: 0 | O13: 0 | P13: 0 | Q13: 0 | R13: 0 | S13: 0 | T13: 0 | U13: 0 | V13: 0 | W13: 0 | X13: 0
A14: PENDIENTE | B14: Alto Biavo | C14: O.C. | D14: 46052 | E14: 1041 | F14: 46051 | G14: {=_xlfn._xlws.FILTER(Formulas!$C$2:$T$201, ISNUMBER(MATCH(Formulas!$B$2:$B$201, B14, 0)),0) * E14} -> 208.2 | H14: 333.12 | I14: 41.64 | J14: 0 | K14: 0 | L14: 0 | M14: 52.05 | N14: 0 | O14: 405.99 | P14: 0 | Q14: 0 | R14: 0 | S14: 0 | T14: 0 | U14: 0 | V14: 0 | W14: 0 | X14: 0
... A34: PENDIENTE | B34: Alto Trujillo | C34: Diciembre | D34: 46356 | E34: 2968.5552 | F34: 0 | G34: {=_xlfn._xlws.FILTER(Formulas!$C$2:$T$201, ISNUMBER(MATCH(Formulas!$B$2:$B$201, B34, 0)),0) * E34} -> 534.73974 | H34: 2225.9166 | I34: 207.89882 | J34: 0 | K34: 0 | L34: 0 | M34: 0 | N34: 0 | O34: 0 | P34: 0 | Q34: 0 | R34: 0 | S34: 0 | T34: 0 | U34: 0 | V34: 0 | W34: 0 | X34: 0
A35: PENDIENTE | B35: Alto Trujillo | C35: 46388 | D35: 46387 | E35: 2968.5552 | F35: 0 | G35: {=_xlfn._xlws.FILTER(Formulas!$C$2:$T$201, ISNUMBER(MATCH(Formulas!$B$2:$B$201, B35, 0)),0) * E35} -> 534.73974 | H35: 2225.9166 | I35: 207.89882 | J35: 0 | K35: 0 | L35: 0 | M35: 0 | N35: 0 | O35: 0 | P35: 0 | Q35: 0 | R35: 0 | S35: 0 | T35: 0 | U35: 0 | V35: 0 | W35: 0 | X35: 0
A36: PENDIENTE | B36: Alto Trujillo | C36: 46419 | D36: 46418 | E36: 2968.5552 | F36: 0 | G36: {=_xlfn._xlws.FILTER(Formulas!$C$2:$T$201, ISNUMBER(MATCH(Formulas!$B$2:$B$201, B36, 0)),0) * E36} -> 534.73974 | H36: 2225.9166 | I36: 207.89882 | J36: 0 | K36: 0 | L36: 0 | M36: 0 | N36: 0 | O36: 0 | P36: 0 | Q36: 0 | R36: 0 | S36: 0 | T36: 0 | U36: 0 | V36: 0 | W36: 0 | X36: 0
A37: PENDIENTE | B37: Alto Trujillo | C37: 46447 | D37: 46446 | E37: 2968.5552 | F37: 0 | G37: {=_xlfn._xlws.FILTER(Formulas!$C$2:$T$201, ISNUMBER(MATCH(Formulas!$B$2:$B$201, B37, 0)),0) * E37} -> 534.73974 | H37: 2225.9166 | I37: 207.89882 | J37: 0 | K37: 0 | L37: 0 | M37: 0 | N37: 0 | O37: 0 | P37: 0 | Q37: 0 | R37: 0 | S37: 0 | T37: 0 | U37: 0 | V37: 0 | W37: 0 | X37: 0
A38: PENDIENTE | B38: Ascope | C38: Enero / Febrero / Marzo | D38: 46037 | E38: 1867.2 | F38: 46039 | G38: {=_xlfn._xlws.FILTER(Formulas!$C$2:$T$201, ISNUMBER(MATCH(Formulas!$B$2:$B$201, B38, 0)),0) * E38} -> 279.88009 | H38: 708.69636 | I38: 74.96788 | J38: 74.96788 | K38: 0 | L38: 0 | M38: 74.96788 | N38: 0 | O38: 653.71991 | P38: 0 | Q38: 0 | R38: 0 | S38: 0 | T38: 0 | U38: 0 | V38: 0 | W38: 0 | X38: 0
A39: PENDIENTE | B39: Ascope | C39: Abril / Mayo / Junio | D39: 46096 | E39: 1867.2 | F39: 46101 | G39: {=_xlfn._xlws.FILTER(Formulas!$C$2:$T$201, ISNUMBER(MATCH(Formulas!$B$2:$B$201, B39, 0)),0) * E39} -> 279.88009 | H39: 708.69636 | I39: 74.96788 | J39: 74.96788 | K39: 0 | L39: 0 | M39: 74.96788 | N39: 0 | O39: 653.71991 | P39: 0 | Q39: 0 | R39: 0 | S39: 0 | T39: 0 | U39: 0 | V39: 0 | W39: 0 | X39: 0
A40: PENDIENTE | B40: Ascope | C40: Julio / Agosto / Septiembre | D40: 46188 | E40: 1867.2 | F40: 46192 | G40: {=_xlfn._xlws.FILTER(Formulas!$C$2:$T$201, ISNUMBER(MATCH(Formulas!$B$2:$B$201, B40, 0)),0) * E40} -> 279.88009 | H40: 708.69636 | I40: 74.96788 | J40: 74.96788 | K40: 0 | L40: 0 | M40: 74.96788 | N40: 0 | O40: 653.71991 | P40: 0 | Q40: 0 | R40: 0 | S40: 0 | T40: 0 | U40: 0 | V40: 0 | W40: 0 | X40: 0
A41: PENDIENTE | B41: Ascope | C41: Octubre / Noviembre / Diciembre | D41: 46280 | E41: 1867.2 | F41: 46281 | G41: {=_xlfn._xlws.FILTER(Formulas!$C$2:$T$201, ISNUMBER(MATCH(Formulas!$B$2:$B$201, B41, 0)),0) * E41} -> 279.88009 | H41: 708.69636 | I41: 74.96788 | J41: 74.96788 | K41: 0 | L41: 0 | M41: 74.96788 | N41: 0 | O41: 653.71991 | P41: 0 | Q41: 0 | R41: 0 | S41: 0 | T41: 0 | U41: 0 | V41: 0 | W41: 0 | X41: 0
A42: PENDIENTE | B42: Asuncion | C42: Enero / Febrero / Marzo / Abril | D42: 46097 | E42: 9390 | F42: 46096 | G42: {=_xlfn._xlws.FILTER(Formulas!$C$2:$T$201, ISNUMBER(MATCH(Formulas!$B$2:$B$201, B42, 0)),0) * E42} -> 1878 | H42: 6523.7904 | I42: 329.40321 | J42: 329.40321 | K42: 0 | L42: 0 | M42: 329.40321 | N42: 0 | O42: 0 | P42: 0 | Q42: 0 | R42: 0 | S42: 0 | T42: 0 | U42: 0 | V42: 0 | W42: 0 | X42: 0
A43: PENDIENTE | B43: Asuncion | C43: Mayo / Junio | D43: 46133 | E43: 4696.5 | F43: 46130 | G43: {=_xlfn._xlws.FILTER(Formulas!$C$2:$T$201, ISNUMBER(MATCH(Formulas!$B$2:$B$201, B43, 0)),0) * E43} -> 939.3 | H43: 3262.9373 | I43: 164.75422 | J43: 164.75422 | K43: 0 | L43: 0 | M43: 164.75422 | N43: 0 | O43: 0 | P43: 0 | Q43: 0 | R43: 0 | S43: 0 | T43: 0 | U43: 0 | V43: 0 | W43: 0 | X43: 0
A44: PENDIENTE | B44: Asuncion | C44: Julio / Agosto | D44: 46181 | E44: 4696.5 | F44: 46179 | G44: {=_xlfn._xlws.FILTER(Formulas!$C$2:$T$201, ISNUMBER(MATCH(Formulas!$B$2:$B$201, B44, 0)),0) * E44} -> 939.3 | H44: 3262.9373 | I44: 164.75422 | J44: 164.75422 | K44: 0 | L44: 0 | M44: 164.75422 | N44: 0 | O44: 0 | P44: 0 | Q44: 0 | R44: 0 | S44: 0 | T44: 0 | U44: 0 | V44: 0 | W44: 0 | X44: 0
A45: PENDIENTE | B45: Asuncion | C45: O.C. | D45: 46254 | E45: 3032.92 | F45: 46237 | G45: {=_xlfn._xlws.FILTER(Formulas!$C$2:$T$201, ISNUMBER(MATCH(Formulas!$B$2:$B$201, B45, 0)),0) * E45} -> 606.584 | H45: 2107.1496 | I45: 106.39548 | J45: 106.39548 | K45: 0 | L45: 0 | M45: 106.39548 | N45: 0 | O45: 0 | P45: 0 | Q45: 0 | R45: 0 | S45: 0 | T45: 0 | U45: 0 | V45: 0 | W45: 0 | X45: 0
A46: PENDIENTE | B46: Asuncion | C46: Septiembre / Octubre | D46: 46254 | E46: 4696.5 | F46: 46253 | G46: {=_xlfn._xlws.FILTER(Formulas!$C$2:$T$201, ISNUMBER(MATCH(Formulas!$B$2:$B$201, B46, 0)),0) * E46} -> 939.3 | H46: 3262.9373 | I46: 164.75422 | J46: 164.75422 | K46: 0 | L46: 0 | M46: 164.75422 | N46: 0 | O46: 0 | P46: 0 | Q46: 0 | R46: 0 | S46: 0 | T46: 0 | U46: 0 | V46: 0 | W46: 0 | X46: 0
A47: PENDIENTE | B47: Asuncion | C47: Noviembre / Diciembre | D47: 46322 | E47: 4696.5 | F47: 0 | G47: {=_xlfn._xlws.FILTER(Formulas!$C$2:$T$201, ISNUMBER(MATCH(Formulas!$B$2:$B$201, B47, 0)),0) * E47} -> 939.3 | H47: 3262.9373 | I47: 164.75422 | J47: 164.75422 | K47: 0 | L47: 0 | M47: 164.75422 | N47: 0 | O47: 0 | P47: 0 | Q47: 0 | R47: 0 | S47: 0 | T47: 0 | U47: 0 | V47: 0 | W47: 0 | X47: 0
A48: PENDIENTE | B48: Asuncion - Chacas | C48: Enero / Febrero / Marzo | D48: 46127 | E48: 1525.5 | F48: 46128 | G48: {=_xlfn._xlws.FILTER(Formulas!$C$2:$T$201, ISNUMBER(MATCH(Formulas!$B$2:$B$201, B48, 0)),0) * E48} -> 305.1 | H48: 1052.595 | I48: 91.53 | J48: 0 | K48: 0 | L48: 0 | M48: 76.275 | N48: 0 | O48: 0 | P48: 0 | Q48: 0 | R48: 0 | S48: 0 | T48: 0 | U48: 0 | V48: 0 | W48: 0 | X48: 0
A49: PENDIENTE | B49: Asuncion - Chacas | C49: Abril / Mayo / Junio | D49: 46127 | E49: 1525.5 | F49: 46128 | G49: {=_xlfn._xlws.FILTER(Formulas!$C$2:$T$201, ISNUMBER(MATCH(Formulas!$B$2:$B$201, B49, 0)),0) * E49} -> 305.1 | H49: 1052.595 | I49: 91.53 | J49: 0 | K49: 0 | L49: 0 | M49: 76.275 | N49: 0 | O49: 0 | P49: 0 | Q49: 0 | R49: 0 | S49: 0 | T49: 0 | U49: 0 | V49: 0 | W49: 0 | X49: 0
... A215: PENDIENTE | B215: Chiclayo1 | C215: Diciembre | D215: 46352 | E215: 8951.25 | F215: 0 | G215: {=_xlfn._xlws.FILTER(Formulas!$C$2:$T$201, ISNUMBER(MATCH(Formulas!$B$2:$B$201, B215, 0)),0) * E215} -> 2327.325 | H215: 5818.3125 | I215: 357.97001 | J215: 0 | K215: 0 | L215: 0 | M215: 447.5625 | N215: 0 | O215: 0 | P215: 0 | Q215: 0 | R215: 0 | S215: 0 | T215: 0 | U215: 0 | V215: 0 | W215: 0 | X215: 0
A216: PENDIENTE | B216: Chiclayo1 | C216: 46388 | D216: 46371 | E216: 8951.25 | F216: 0 | G216: {=_xlfn._xlws.FILTER(Formulas!$C$2:$T$201, ISNUMBER(MATCH(Formulas!$B$2:$B$201, B216, 0)),0) * E216} -> 2327.325 | H216: 5818.3125 | I216: 357.97001 | J216: 0 | K216: 0 | L216: 0 | M216: 447.5625 | N216: 0 | O216: 0 | P216: 0 | Q216: 0 | R216: 0 | S216: 0 | T216: 0 | U216: 0 | V216: 0 | W216: 0 | X216: 0
A217: PENDIENTE | B217: Chiclayo1 | C217: 46419 | D217: 46377 | E217: 8085 | F217: 0 | G217: {=_xlfn._xlws.FILTER(Formulas!$C$2:$T$201, ISNUMBER(MATCH(Formulas!$B$2:$B$201, B217, 0)),0) * E217} -> 2102.1 | H217: 5255.25 | I217: 323.32775 | J217: 0 | K217: 0 | L217: 0 | M217: 404.25 | N217: 0 | O217: 0 | P217: 0 | Q217: 0 | R217: 0 | S217: 0 | T217: 0 | U217: 0 | V217: 0 | W217: 0 | X217: 0
A218: PENDIENTE | B218: Chilete | C218: Enero | D218: 46053 | E218: 802.9992 | F218: 46034 | G218: {=_xlfn._xlws.FILTER(Formulas!$C$2:$T$201, ISNUMBER(MATCH(Formulas!$B$2:$B$201, B218, 0)),0) * E218} -> 160.53094 | H218: 546.35638 | I218: 32.037291 | J218: 32.037291 | K218: 0 | L218: 0 | M218: 32.037291 | N218: 0 | O218: 0 | P218: 0 | Q218: 0 | R218: 0 | S218: 0 | T218: 0 | U218: 0 | V218: 0 | W218: 0 | X218: 0
A219: PENDIENTE | B219: Chilete | C219: Febrero | D219: 46053 | E219: 725.2896 | F219: 46034 | G219: {=_xlfn._xlws.FILTER(Formulas!$C$2:$T$201, ISNUMBER(MATCH(Formulas!$B$2:$B$201, B219, 0)),0) * E219} -> 144.99569 | H219: 493.48319 | I219: 28.936908 | J219: 28.936908 | K219: 0 | L219: 0 | M219: 28.936908 | N219: 0 | O219: 0 | P219: 0 | Q219: 0 | R219: 0 | S219: 0 | T219: 0 | U219: 0 | V219: 0 | W219: 0 | X219: 0
A220: PENDIENTE | B220: Chilete | C220: Marzo | D220: 46053 | E220: 802.9992 | F220: 46034 | G220: {=_xlfn._xlws.FILTER(Formulas!$C$2:$T$201, ISNUMBER(MATCH(Formulas!$B$2:$B$201, B220, 0)),0) * E220} -> 160.53094 | H220: 546.35638 | I220: 32.037291 | J220: 32.037291 | K220: 0 | L220: 0 | M220: 32.037291 | N220: 0 | O220: 0 | P220: 0 | Q220: 0 | R220: 0 | S220: 0 | T220: 0 | U220: 0 | V220: 0 | W220: 0 | X220: 0
A221: PENDIENTE | B221: Chilete | C221: Abril | D221: 46111 | E221: 777.096 | F221: 46106 | G221: {=_xlfn._xlws.FILTER(Formulas!$C$2:$T$201, ISNUMBER(MATCH(Formulas!$B$2:$B$201, B221, 0)),0) * E221} -> 155.35253 | H221: 528.73198 | I221: 31.00383 | J221: 31.00383 | K221: 0 | L221: 0 | M221: 31.00383 | N221: 0 | O221: 0 | P221: 0 | Q221: 0 | R221: 0 | S221: 0 | T221: 0 | U221: 0 | V221: 0 | W221: 0 | X221: 0
A222: PENDIENTE | B222: Chilete | C222: Mayo | D222: 46111 | E222: 802.9992 | F222: 46106 | G222: {=_xlfn._xlws.FILTER(Formulas!$C$2:$T$201, ISNUMBER(MATCH(Formulas!$B$2:$B$201, B222, 0)),0) * E222} -> 160.53094 | H222: 546.35638 | I222: 32.037291 | J222: 32.037291 | K222: 0 | L222: 0 | M222: 32.037291 | N222: 0 | O222: 0 | P222: 0 | Q222: 0 | R222: 0 | S222: 0 | T222: 0 | U222: 0 | V222: 0 | W222: 0 | X222: 0
A223: PENDIENTE | B223: Chilete | C223: Junio | D223: 46111 | E223: 777.096 | F223: 46106 | G223: {=_xlfn._xlws.FILTER(Formulas!$C$2:$T$201, ISNUMBER(MATCH(Formulas!$B$2:$B$201, B223, 0)),0) * E223} -> 155.35253 | H223: 528.73198 | I223: 31.00383 | J223: 31.00383 | K223: 0 | L223: 0 | M223: 31.00383 | N223: 0 | O223: 0 | P223: 0 | Q223: 0 | R223: 0 | S223: 0 | T223: 0 | U223: 0 | V223: 0 | W223: 0 | X223: 0
A224: PENDIENTE | B224: Chilete | C224: Julio | D224: 46203 | E224: 802.9992 | F224: 46194 | G224: {=_xlfn._xlws.FILTER(Formulas!$C$2:$T$201, ISNUMBER(MATCH(Formulas!$B$2:$B$201, B224, 0)),0) * E224} -> 160.53094 | H224: 546.35638 | I224: 32.037291 | J224: 32.037291 | K224: 0 | L224: 0 | M224: 32.037291 | N224: 0 | O224: 0 | P224: 0 | Q224: 0 | R224: 0 | S224: 0 | T224: 0 | U224: 0 | V224: 0 | W224: 0 | X224: 0
A225: PENDIENTE | B225: Chilete | C225: Agosto | D225: 46203 | E225: 802.9992 | F225: 46194 | G225: {=_xlfn._xlws.FILTER(Formulas!$C$2:$T$201, ISNUMBER(MATCH(Formulas!$B$2:$B$201, B225, 0)),0) * E225} -> 160.53094 | H225: 546.35638 | I225: 32.037291 | J225: 32.037291 | K225: 0 | L225: 0 | M225: 32.037291 | N225: 0 | O225: 0 | P225: 0 | Q225: 0 | R225: 0 | S225: 0 | T225: 0 | U225: 0 | V225: 0 | W225: 0 | X225: 0
A226: PENDIENTE | B226: Chilete | C226: Setiembre | D226: 46203 | E226: 777.096 | F226: 46194 | G226: {=_xlfn._xlws.FILTER(Formulas!$C$2:$T$201, ISNUMBER(MATCH(Formulas!$B$2:$B$201, B226, 0)),0) * E226} -> 155.35253 | H226: 528.73198 | I226: 31.00383 | J226: 31.00383 | K226: 0 | L226: 0 | M226: 31.00383 | N226: 0 | O226: 0 | P226: 0 | Q226: 0 | R226: 0 | S226: 0 | T226: 0 | U226: 0 | V226: 0 | W226: 0 | X226: 0
A227: PENDIENTE | B227: Chilete | C227: O.C. | D227: 46289 | E227: 590.0976 | F227: 46288 | G227: {=_xlfn._xlws.FILTER(Formulas!$C$2:$T$201, ISNUMBER(MATCH(Formulas!$B$2:$B$201, B227, 0)),0) * E227} -> 117.96889 | H227: 401.49927 | I227: 23.543147 | J227: 23.543147 | K227: 0 | L227: 0 | M227: 23.543147 | N227: 0 | O227: 0 | P227: 0 | Q227: 0 | R227: 0 | S227: 0 | T227: 0 | U227: 0 | V227: 0 | W227: 0 | X227: 0
A228: PENDIENTE | B228: Chilete | C228: Octubre | D228: 46295 | E228: 802.9992 | F228: 46288 | G228: {=_xlfn._xlws.FILTER(Formulas!$C$2:$T$201, ISNUMBER(MATCH(Formulas!$B$2:$B$201, B228, 0)),0) * E228} -> 160.53094 | H228: 546.35638 | I228: 32.037291 | J228: 32.037291 | K228: 0 | L228: 0 | M228: 32.037291 | N228: 0 | O228: 0 | P228: 0 | Q228: 0 | R228: 0 | S228: 0 | T228: 0 | U228: 0 | V228: 0 | W228: 0 | X228: 0
A229: PENDIENTE | B229: Chilete | C229: Noviembre | D229: 46295 | E229: 777.096 | F229: 46288 | G229: {=_xlfn._xlws.FILTER(Formulas!$C$2:$T$201, ISNUMBER(MATCH(Formulas!$B$2:$B$201, B229, 0)),0) * E229} -> 155.35253 | H229: 528.73198 | I229: 31.00383 | J229: 31.00383 | K229: 0 | L229: 0 | M229: 31.00383 | N229: 0 | O229: 0 | P229: 0 | Q229: 0 | R229: 0 | S229: 0 | T229: 0 | U229: 0 | V229: 0 | W229: 0 | X229: 0
... A311: PENDIENTE | B311: Copallin | C311: Noviembre / Diciembre | D311: 46268 | E311: 1004.8 | F311: 0 | G311: {=_xlfn._xlws.FILTER(Formulas!$C$2:$T$201, ISNUMBER(MATCH(Formulas!$B$2:$B$201, B311, 0)),0) * E311} -> 117.97652 | H311: 404.9194 | I311: 49.99005 | J311: 49.99005 | K311: 0 | L311: 0 | M311: 0 | N311: 0 | O311: 381.92398 | P311: 0 | Q311: 0 | R311: 0 | S311: 0 | T311: 0 | U311: 0 | V311: 0 | W311: 0 | X311: 0
A312: PENDIENTE | B312: Coris | C312: O.C. | D312: 46050 | E312: 875 | F312: 46052 | G312: {=_xlfn._xlws.FILTER(Formulas!$C$2:$T$201, ISNUMBER(MATCH(Formulas!$B$2:$B$201, B312, 0)),0) * E312} -> 0
A313: PENDIENTE | B313: Coris | C313: O.C. | D313: 46203 | E313: 875 | F313: 46198 | G313: {=_xlfn._xlws.FILTER(Formulas!$C$2:$T$201, ISNUMBER(MATCH(Formulas!$B$2:$B$201, B313, 0)),0) * E313} -> 0
A314: PENDIENTE | B314: Coris | C314: O.C. | D314: 46295 | E314: 1312.5 | F314: 0 | G314: {=_xlfn._xlws.FILTER(Formulas!$C$2:$T$201, ISNUMBER(MATCH(Formulas!$B$2:$B$201, B314, 0)),0) * E314} -> 0
A315: PENDIENTE | B315: Cospan | C315: Enero | D315: 46022 | E315: 1846.7856 | F315: 46025 | G315: {=_xlfn._xlws.FILTER(Formulas!$C$2:$T$201, ISNUMBER(MATCH(Formulas!$B$2:$B$201, B315, 0)),0) * E315} -> 433.6946 | H315: 1200.4106 | I315: 64.670831 | J315: 74.004766 | K315: 0 | L315: 0 | M315: 74.004766 | N315: 0 | O315: 0 | P315: 0 | Q315: 0 | R315: 0 | S315: 0 | T315: 0 | U315: 0 | V315: 0 | W315: 0 | X315: 0
A316: PENDIENTE | B316: Cospan | C316: Febrero | D316: 46022 | E316: 1846.7856 | F316: 46025 | G316: {=_xlfn._xlws.FILTER(Formulas!$C$2:$T$201, ISNUMBER(MATCH(Formulas!$B$2:$B$201, B316, 0)),0) * E316} -> 433.6946 | H316: 1200.4106 | I316: 64.670831 | J316: 74.004766 | K316: 0 | L316: 0 | M316: 74.004766 | N316: 0 | O316: 0 | P316: 0 | Q316: 0 | R316: 0 | S316: 0 | T316: 0 | U316: 0 | V316: 0 | W316: 0 | X316: 0
A317: PENDIENTE | B317: Cospan | C317: Marzo | D317: 46022 | E317: 1846.7856 | F317: 46025 | G317: {=_xlfn._xlws.FILTER(Formulas!$C$2:$T$201, ISNUMBER(MATCH(Formulas!$B$2:$B$201, B317, 0)),0) * E317} -> 433.6946 | H317: 1200.4106 | I317: 64.670831 | J317: 74.004766 | K317: 0 | L317: 0 | M317: 74.004766 | N317: 0 | O317: 0 | P317: 0 | Q317: 0 | R317: 0 | S317: 0 | T317: 0 | U317: 0 | V317: 0 | W317: 0 | X317: 0
A318: PENDIENTE | B318: Cospan | C318: Abril | D318: 46134 | E318: 1846.7856 | F318: 46156 | G318: {=_xlfn._xlws.FILTER(Formulas!$C$2:$T$201, ISNUMBER(MATCH(Formulas!$B$2:$B$201, B318, 0)),0) * E318} -> 433.6946 | H318: 1200.4106 | I318: 64.670831 | J318: 74.004766 | K318: 0 | L318: 0 | M318: 74.004766 | N318: 0 | O318: 0 | P318: 0 | Q318: 0 | R318: 0 | S318: 0 | T318: 0 | U318: 0 | V318: 0 | W318: 0 | X318: 0
A319: PENDIENTE | B319: Cospan | C319: Mayo | D319: 46134 | E319: 1846.7856 | F319: 46156 | G319: {=_xlfn._xlws.FILTER(Formulas!$C$2:$T$201, ISNUMBER(MATCH(Formulas!$B$2:$B$201, B319, 0)),0) * E319} -> 433.6946 | H319: 1200.4106 | I319: 64.670831 | J319: 74.004766 | K319: 0 | L319: 0 | M319: 74.004766 | N319: 0 | O319: 0 | P319: 0 | Q319: 0 | R319: 0 | S319: 0 | T319: 0 | U319: 0 | V319: 0 | W319: 0 | X319: 0
A320: PENDIENTE | B320: Cospan | C320: Junio | D320: 46134 | E320: 1846.7856 | F320: 46156 | G320: {=_xlfn._xlws.FILTER(Formulas!$C$2:$T$201, ISNUMBER(MATCH(Formulas!$B$2:$B$201, B320, 0)),0) * E320} -> 433.6946 | H320: 1200.4106 | I320: 64.670831 | J320: 74.004766 | K320: 0 | L320: 0 | M320: 74.004766 | N320: 0 | O320: 0 | P320: 0 | Q320: 0 | R320: 0 | S320: 0 | T320: 0 | U320: 0 | V320: 0 | W320: 0 | X320: 0
A321: PENDIENTE | B321: Cospan | C321: O.C. | D321: 46258 | E321: 3224.9056 | F321: 46257 | G321: {=_xlfn._xlws.FILTER(Formulas!$C$2:$T$201, ISNUMBER(MATCH(Formulas!$B$2:$B$201, B321, 0)),0) * E321} -> 757.32891 | H321: 2096.1886 | I321: 112.92991 | J321: 129.22907 | K321: 0 | L321: 0 | M321: 129.22907 | N321: 0 | O321: 0 | P321: 0 | Q321: 0 | R321: 0 | S321: 0 | T321: 0 | U321: 0 | V321: 0 | W321: 0 | X321: 0
A322: PENDIENTE | B322: Cospan | C322: Julio | D322: 46258 | E322: 1846.7856 | F322: 46257 | G322: {=_xlfn._xlws.FILTER(Formulas!$C$2:$T$201, ISNUMBER(MATCH(Formulas!$B$2:$B$201, B322, 0)),0) * E322} -> 433.6946 | H322: 1200.4106 | I322: 64.670831 | J322: 74.004766 | K322: 0 | L322: 0 | M322: 74.004766 | N322: 0 | O322: 0 | P322: 0 | Q322: 0 | R322: 0 | S322: 0 | T322: 0 | U322: 0 | V322: 0 | W322: 0 | X322: 0
A323: PENDIENTE | B323: Cospan | C323: Agosto | D323: 46258 | E323: 1846.7856 | F323: 46257 | G323: {=_xlfn._xlws.FILTER(Formulas!$C$2:$T$201, ISNUMBER(MATCH(Formulas!$B$2:$B$201, B323, 0)),0) * E323} -> 433.6946 | H323: 1200.4106 | I323: 64.670831 | J323: 74.004766 | K323: 0 | L323: 0 | M323: 74.004766 | N323: 0 | O323: 0 | P323: 0 | Q323: 0 | R323: 0 | S323: 0 | T323: 0 | U323: 0 | V323: 0 | W323: 0 | X323: 0
A324: PENDIENTE | B324: Cospan | C324: Setiembre | D324: 46258 | E324: 1846.7856 | F324: 46257 | G324: {=_xlfn._xlws.FILTER(Formulas!$C$2:$T$201, ISNUMBER(MATCH(Formulas!$B$2:$B$201, B324, 0)),0) * E324} -> 433.6946 | H324: 1200.4106 | I324: 64.670831 | J324: 74.004766 | K324: 0 | L324: 0 | M324: 74.004766 | N324: 0 | O324: 0 | P324: 0 | Q324: 0 | R324: 0 | S324: 0 | T324: 0 | U324: 0 | V324: 0 | W324: 0 | X324: 0
A325: PENDIENTE | B325: Cospan | C325: Octubre | D325: 46349 | E325: 1846.7856 | F325: 0 | G325: {=_xlfn._xlws.FILTER(Formulas!$C$2:$T$201, ISNUMBER(MATCH(Formulas!$B$2:$B$201, B325, 0)),0) * E325} -> 433.6946 | H325: 1200.4106 | I325: 64.670831 | J325: 74.004766 | K325: 0 | L325: 0 | M325: 74.004766 | N325: 0 | O325: 0 | P325: 0 | Q325: 0 | R325: 0 | S325: 0 | T325: 0 | U325: 0 | V325: 0 | W325: 0 | X325: 0
A326: PENDIENTE | B326: Cospan | C326: Noviembre | D326: 46349 | E326: 1846.7856 | F326: 0 | G326: {=_xlfn._xlws.FILTER(Formulas!$C$2:$T$201, ISNUMBER(MATCH(Formulas!$B$2:$B$201, B326, 0)),0) * E326} -> 433.6946 | H326: 1200.4106 | I326: 64.670831 | J326: 74.004766 | K326: 0 | L326: 0 | M326: 74.004766 | N326: 0 | O326: 0 | P326: 0 | Q326: 0 | R326: 0 | S326: 0 | T326: 0 | U326: 0 | V326: 0 | W326: 0 | X326: 0
... A433: PENDIENTE | B433: Huarango | C433: Noviembre / Diciembre | D433: 46310 | E433: 5559.3 | F433: 0 | G433: {=_xlfn._xlws.FILTER(Formulas!$C$2:$T$201, ISNUMBER(MATCH(Formulas!$B$2:$B$201, B433, 0)),0) * E433} -> 1111.96 | H433: 4052.3542 | I433: 166.99399 | J433: 0 | K433: 0 | L433: 221.99201 | M433: 0 | N433: 0 | O433: 0 | P433: 0 | Q433: 0 | R433: 0 | S433: 0 | T433: 0 | U433: 0 | V433: 5.8766385 | W433: 0 | X433: 0
A434: PENDIENTE | B434: O.C. | C434: Noviembre / Diciembre | D434: 46286 | E434: 6.75 | F434: 0 | G434: {=_xlfn._xlws.FILTER(Formulas!$C$2:$T$201, ISNUMBER(MATCH(Formulas!$B$2:$B$201, B434, 0)),0) * E434} -> 0
A435: PENDIENTE | B435: Huaso | C435: Enero | D435: 46027 | E435: 1377.8424 | F435: 46020 | G435: {=_xlfn._xlws.FILTER(Formulas!$C$2:$T$201, ISNUMBER(MATCH(Formulas!$B$2:$B$201, B435, 0)),0) * E435} -> 147.98307 | H435: 581.93344 | I435: 54.99371 | J435: 54.99371 | K435: 0 | L435: 0 | M435: 54.99371 | N435: 0 | O435: 482.94476 | P435: 0 | Q435: 0 | R435: 0 | S435: 0 | T435: 0 | U435: 0 | V435: 0 | W435: 0 | X435: 0
A436: PENDIENTE | B436: Huaso | C436: Febrero | D436: 46042 | E436: 1377.8424 | F436: 46039 | G436: {=_xlfn._xlws.FILTER(Formulas!$C$2:$T$201, ISNUMBER(MATCH(Formulas!$B$2:$B$201, B436, 0)),0) * E436} -> 147.98307 | H436: 581.93344 | I436: 54.99371 | J436: 54.99371 | K436: 0 | L436: 0 | M436: 54.99371 | N436: 0 | O436: 482.94476 | P436: 0 | Q436: 0 | R436: 0 | S436: 0 | T436: 0 | U436: 0 | V436: 0 | W436: 0 | X436: 0
A437: PENDIENTE | B437: Huaso | C437: Marzo | D437: 46073 | E437: 1377.8424 | F437: 46069 | G437: {=_xlfn._xlws.FILTER(Formulas!$C$2:$T$201, ISNUMBER(MATCH(Formulas!$B$2:$B$201, B437, 0)),0) * E437} -> 147.98307 | H437: 581.93344 | I437: 54.99371 | J437: 54.99371 | K437: 0 | L437: 0 | M437: 54.99371 | N437: 0 | O437: 482.94476 | P437: 0 | Q437: 0 | R437: 0 | S437: 0 | T437: 0 | U437: 0 | V437: 0 | W437: 0 | X437: 0
A438: PENDIENTE | B438: Huaso | C438: Abril | D438: 46104 | E438: 1377.8424 | F438: 46100 | G438: {=_xlfn._xlws.FILTER(Formulas!$C$2:$T$201, ISNUMBER(MATCH(Formulas!$B$2:$B$201, B438, 0)),0) * E438} -> 147.98307 | H438: 581.93344 | I438: 54.99371 | J438: 54.99371 | K438: 0 | L438: 0 | M438: 54.99371 | N438: 0 | O438: 482.94476 | P438: 0 | Q438: 0 | R438: 0 | S438: 0 | T438: 0 | U438: 0 | V438: 0 | W438: 0 | X438: 0
A439: PENDIENTE | B439: Huaso | C439: Mayo | D439: 46134 | E439: 1377.8424 | F439: 46131 | G439: {=_xlfn._xlws.FILTER(Formulas!$C$2:$T$201, ISNUMBER(MATCH(Formulas!$B$2:$B$201, B439, 0)),0) * E439} -> 147.98307 | H439: 581.93344 | I439: 54.99371 | J439: 54.99371 | K439: 0 | L439: 0 | M439: 54.99371 | N439: 0 | O439: 482.94476 | P439: 0 | Q439: 0 | R439: 0 | S439: 0 | T439: 0 | U439: 0 | V439: 0 | W439: 0 | X439: 0
A440: PENDIENTE | B440: Huaso | C440: Junio | D440: 46163 | E440: 1377.8424 | F440: 46158 | G440: {=_xlfn._xlws.FILTER(Formulas!$C$2:$T$201, ISNUMBER(MATCH(Formulas!$B$2:$B$201, B440, 0)),0) * E440} -> 147.98307 | H440: 581.93344 | I440: 54.99371 | J440: 54.99371 | K440: 0 | L440: 0 | M440: 54.99371 | N440: 0 | O440: 482.94476 | P440: 0 | Q440: 0 | R440: 0 | S440: 0 | T440: 0 | U440: 0 | V440: 0 | W440: 0 | X440: 0
A441: PENDIENTE | B441: Huaso | C441: Julio | D441: 46195 | E441: 1377.8424 | F441: 46196 | G441: {=_xlfn._xlws.FILTER(Formulas!$C$2:$T$201, ISNUMBER(MATCH(Formulas!$B$2:$B$201, B441, 0)),0) * E441} -> 147.98307 | H441: 581.93344 | I441: 54.99371 | J441: 54.99371 | K441: 0 | L441: 0 | M441: 54.99371 | N441: 0 | O441: 482.94476 | P441: 0 | Q441: 0 | R441: 0 | S441: 0 | T441: 0 | U441: 0 | V441: 0 | W441: 0 | X441: 0
A442: PENDIENTE | B442: Huaso | C442: Extra | D442: 46224 | E442: 2771.8466 | F442: 46212 | G442: {=_xlfn._xlws.FILTER(Formulas!$C$2:$T$201, ISNUMBER(MATCH(Formulas!$B$2:$B$201, B442, 0)),0) * E442} -> 297.70196 | H442: 1170.6928 | I442: 110.63248 | J442: 110.63248 | K442: 0 | L442: 0 | M442: 110.63248 | N442: 0 | O442: 971.55436 | P442: 0 | Q442: 0 | R442: 0 | S442: 0 | T442: 0 | U442: 0 | V442: 0 | W442: 0 | X442: 0
A443: PENDIENTE | B443: Huaso | C443: Agosto | D443: 46224 | E443: 1377.8424 | F443: 46212 | G443: {=_xlfn._xlws.FILTER(Formulas!$C$2:$T$201, ISNUMBER(MATCH(Formulas!$B$2:$B$201, B443, 0)),0) * E443} -> 147.98307 | H443: 581.93344 | I443: 54.99371 | J443: 54.99371 | K443: 0 | L443: 0 | M443: 54.99371 | N443: 0 | O443: 482.94476 | P443: 0 | Q443: 0 | R443: 0 | S443: 0 | T443: 0 | U443: 0 | V443: 0 | W443: 0 | X443: 0
A444: PENDIENTE | B444: Huaso | C444: Setiembre | D444: 46255 | E444: 1377.8424 | F444: 46252 | G444: {=_xlfn._xlws.FILTER(Formulas!$C$2:$T$201, ISNUMBER(MATCH(Formulas!$B$2:$B$201, B444, 0)),0) * E444} -> 147.98307 | H444: 581.93344 | I444: 54.99371 | J444: 54.99371 | K444: 0 | L444: 0 | M444: 54.99371 | N444: 0 | O444: 482.94476 | P444: 0 | Q444: 0 | R444: 0 | S444: 0 | T444: 0 | U444: 0 | V444: 0 | W444: 0 | X444: 0
A445: PENDIENTE | B445: Huaso | C445: Octubre | D445: 46286 | E445: 1377.8424 | F445: 46286 | G445: {=_xlfn._xlws.FILTER(Formulas!$C$2:$T$201, ISNUMBER(MATCH(Formulas!$B$2:$B$201, B445, 0)),0) * E445} -> 147.98307 | H445: 581.93344 | I445: 54.99371 | J445: 54.99371 | K445: 0 | L445: 0 | M445: 54.99371 | N445: 0 | O445: 482.94476 | P445: 0 | Q445: 0 | R445: 0 | S445: 0 | T445: 0 | U445: 0 | V445: 0 | W445: 0 | X445: 0
A446: PENDIENTE | B446: Huaso | C446: Noviembre | D446: 46316 | E446: 1377.8424 | F446: 0 | G446: {=_xlfn._xlws.FILTER(Formulas!$C$2:$T$201, ISNUMBER(MATCH(Formulas!$B$2:$B$201, B446, 0)),0) * E446} -> 147.98307 | H446: 581.93344 | I446: 54.99371 | J446: 54.99371 | K446: 0 | L446: 0 | M446: 54.99371 | N446: 0 | O446: 482.94476 | P446: 0 | Q446: 0 | R446: 0 | S446: 0 | T446: 0 | U446: 0 | V446: 0 | W446: 0 | X446: 0
... A1195: PENDIENTE | B1195: Viru | C1195: Diciembre | D1195: 46350 | E1195: 3040 | F1195: 0 | G1195: {=_xlfn._xlws.FILTER(Formulas!$C$2:$T$201, ISNUMBER(MATCH(Formulas!$B$2:$B$201, B1195, 0)),0) * E1195} -> 608 | H1195: 2036.8 | I1195: 121.6 | J1195: 121.6 | K1195: 0 | L1195: 0 | M1195: 152 | N1195: 0 | O1195: 0 | P1195: 0 | Q1195: 0 | R1195: 0 | S1195: 0 | T1195: 0 | U1195: 0 | V1195: 0 | W1195: 0 | X1195: 0
A1196: PENDIENTE | B1196: Viru | C1196: 46388 | D1196: 46379 | E1196: 3040 | F1196: 0 | G1196: {=_xlfn._xlws.FILTER(Formulas!$C$2:$T$201, ISNUMBER(MATCH(Formulas!$B$2:$B$201, B1196, 0)),0) * E1196} -> 608 | H1196: 2036.8 | I1196: 121.6 | J1196: 121.6 | K1196: 0 | L1196: 0 | M1196: 152 | N1196: 0 | O1196: 0 | P1196: 0 | Q1196: 0 | R1196: 0 | S1196: 0 | T1196: 0 | U1196: 0 | V1196: 0 | W1196: 0 | X1196: 0
A1197: PENDIENTE | B1197: Yautan | C1197: Enero / Febrero / Marzo | D1197: 46055 | E1197: 2983.5 | F1197: 46084 | G1197: {=_xlfn._xlws.FILTER(Formulas!$C$2:$T$201, ISNUMBER(MATCH(Formulas!$B$2:$B$201, B1197, 0)),0) * E1197} -> 596.89997 | H1197: 2025.6605 | I1197: 89.98492 | J1197: 0 | K1197: 0 | L1197: 0 | M1197: 118.98006 | N1197: 149.97487 | O1197: 0 | P1197: 0 | Q1197: 0 | R1197: 0 | S1197: 0 | T1197: 0 | U1197: 2.9835 | V1197: 0 | W1197: 0 | X1197: 0
A1198: PENDIENTE | B1198: Yautan | C1198: Abril / Mayo / Junio | D1198: 46142 | E1198: 2983.5 | F1198: 46150 | G1198: {=_xlfn._xlws.FILTER(Formulas!$C$2:$T$201, ISNUMBER(MATCH(Formulas!$B$2:$B$201, B1198, 0)),0) * E1198} -> 596.89997 | H1198: 2025.6605 | I1198: 89.98492 | J1198: 0 | K1198: 0 | L1198: 0 | M1198: 118.98006 | N1198: 149.97487 | O1198: 0 | P1198: 0 | Q1198: 0 | R1198: 0 | S1198: 0 | T1198: 0 | U1198: 2.9835 | V1198: 0 | W1198: 0 | X1198: 0
A1199: PENDIENTE | B1199: Yautan | C1199: Julio / Agosto / Septiembre | D1199: 46203 | E1199: 2983.5 | F1199: 46237 | G1199: {=_xlfn._xlws.FILTER(Formulas!$C$2:$T$201, ISNUMBER(MATCH(Formulas!$B$2:$B$201, B1199, 0)),0) * E1199} -> 596.89997 | H1199: 2025.6605 | I1199: 89.98492 | J1199: 0 | K1199: 0 | L1199: 0 | M1199: 118.98006 | N1199: 149.97487 | O1199: 0 | P1199: 0 | Q1199: 0 | R1199: 0 | S1199: 0 | T1199: 0 | U1199: 2.9835 | V1199: 0 | W1199: 0 | X1199: 0
A1200: PENDIENTE | B1200: Yautan | C1200: Octubre / Noviembre / Diciembre | D1200: 46295 | E1200: 2983.5 | F1200: 0 | G1200: {=_xlfn._xlws.FILTER(Formulas!$C$2:$T$201, ISNUMBER(MATCH(Formulas!$B$2:$B$201, B1200, 0)),0) * E1200} -> 596.89997 | H1200: 2025.6605 | I1200: 89.98492 | J1200: 0 | K1200: 0 | L1200: 0 | M1200: 118.98006 | N1200: 149.97487 | O1200: 0 | P1200: 0 | Q1200: 0 | R1200: 0 | S1200: 0 | T1200: 0 | U1200: 2.9835 | V1200: 0 | W1200: 0 | X1200: 0
A1201: PENDIENTE | B1201: Yonan | C1201: Enero / Febrero | D1201: 46037 | E1201: 2129.6433 | F1201: 46034 | G1201: {=_xlfn._xlws.FILTER(Formulas!$C$2:$T$201, ISNUMBER(MATCH(Formulas!$B$2:$B$201, B1201, 0)),0) * E1201} -> 404.63222 | H1201: 1512.0467 | I1201: 85.185732 | J1201: 0 | K1201: 0 | L1201: 0 | M1201: 0 | N1201: 127.7786 | O1201: 0 | P1201: 0 | Q1201: 0 | R1201: 0 | S1201: 0 | T1201: 0 | U1201: 2.1296433 | V1201: 0 | W1201: 0 | X1201: 0
A1202: PENDIENTE | B1202: Yonan | C1202: Marzo / Abril | D1202: 46080 | E1202: 2129.6433 | F1202: 46083 | G1202: {=_xlfn._xlws.FILTER(Formulas!$C$2:$T$201, ISNUMBER(MATCH(Formulas!$B$2:$B$201, B1202, 0)),0) * E1202} -> 404.63222 | H1202: 1512.0467 | I1202: 85.185732 | J1202: 0 | K1202: 0 | L1202: 0 | M1202: 0 | N1202: 127.7786 | O1202: 0 | P1202: 0 | Q1202: 0 | R1202: 0 | S1202: 0 | T1202: 0 | U1202: 2.1296433 | V1202: 0 | W1202: 0 | X1202: 0
A1203: PENDIENTE | B1203: Yonan | C1203: Mayo / Junio | D1203: 46135 | E1203: 2129.6433 | F1203: 46135 | G1203: {=_xlfn._xlws.FILTER(Formulas!$C$2:$T$201, ISNUMBER(MATCH(Formulas!$B$2:$B$201, B1203, 0)),0) * E1203} -> 404.63222 | H1203: 1512.0467 | I1203: 85.185732 | J1203: 0 | K1203: 0 | L1203: 0 | M1203: 0 | N1203: 127.7786 | O1203: 0 | P1203: 0 | Q1203: 0 | R1203: 0 | S1203: 0 | T1203: 0 | U1203: 2.1296433 | V1203: 0 | W1203: 0 | X1203: 0
A1204: PENDIENTE | B1204: Yonan | C1204: Julio / Agosto | D1204: 46201 | E1204: 2129.6433 | F1204: 46195 | G1204: {=_xlfn._xlws.FILTER(Formulas!$C$2:$T$201, ISNUMBER(MATCH(Formulas!$B$2:$B$201, B1204, 0)),0) * E1204} -> 404.63222 | H1204: 1512.0467 | I1204: 85.185732 | J1204: 0 | K1204: 0 | L1204: 0 | M1204: 0 | N1204: 127.7786 | O1204: 0 | P1204: 0 | Q1204: 0 | R1204: 0 | S1204: 0 | T1204: 0 | U1204: 2.1296433 | V1204: 0 | W1204: 0 | X1204: 0
A1205: PENDIENTE | B1205: Yonan | C1205: O.C. | D1205: 46260 | E1205: 1103.9 | F1205: 46252 | G1205: {=_xlfn._xlws.FILTER(Formulas!$C$2:$T$201, ISNUMBER(MATCH(Formulas!$B$2:$B$201, B1205, 0)),0) * E1205} -> 209.741 | H1205: 783.769 | I1205: 44.156 | J1205: 0 | K1205: 0 | L1205: 0 | M1205: 0 | N1205: 66.234 | O1205: 0 | P1205: 0 | Q1205: 0 | R1205: 0 | S1205: 0 | T1205: 0 | U1205: 1.1039 | V1205: 0 | W1205: 0 | X1205: 0
A1206: PENDIENTE | B1206: Yonan | C1206: Septiembre / Octubre | D1206: 46260 | E1206: 2129.6433 | F1206: 46252 | G1206: {=_xlfn._xlws.FILTER(Formulas!$C$2:$T$201, ISNUMBER(MATCH(Formulas!$B$2:$B$201, B1206, 0)),0) * E1206} -> 404.63222 | H1206: 1512.0467 | I1206: 85.185732 | J1206: 0 | K1206: 0 | L1206: 0 | M1206: 0 | N1206: 127.7786 | O1206: 0 | P1206: 0 | Q1206: 0 | R1206: 0 | S1206: 0 | T1206: 0 | U1206: 2.1296433 | V1206: 0 | W1206: 0 | X1206: 0
A1207: PENDIENTE | B1207: Yonan | C1207: Noviembre / Diciembre | D1207: 46323 | E1207: 2129.6433 | F1207: 0 | G1207: {=_xlfn._xlws.FILTER(Formulas!$C$2:$T$201, ISNUMBER(MATCH(Formulas!$B$2:$B$201, B1207, 0)),0) * E1207} -> 404.63222 | H1207: 1512.0467 | I1207: 85.185732 | J1207: 0 | K1207: 0 | L1207: 0 | M1207: 0 | N1207: 127.7786 | O1207: 0 | P1207: 0 | Q1207: 0 | R1207: 0 | S1207: 0 | T1207: 0 | U1207: 2.1296433 | V1207: 0 | W1207: 0 | X1207: 0
A1208: PENDIENTE | B1208: Zapatero | C1208: Enero / Febrero | D1208: 46081 | E1208: 1770 | F1208: 46071 | G1208: {=_xlfn._xlws.FILTER(Formulas!$C$2:$T$201, ISNUMBER(MATCH(Formulas!$B$2:$B$201, B1208, 0)),0) * E1208} -> 265.73727 | H1208: 646.71773 | I1208: 61.689008 | J1208: 61.689008 | K1208: 0 | L1208: 0 | M1208: 61.689008 | N1208: 0 | O1208: 672.47798 | P1208: 0 | Q1208: 0 | R1208: 0 | S1208: 0 | T1208: 0 | U1208: 0 | V1208: 0 | W1208: 0 | X1208: 0
... A1216: PENDIENTE | B1216: Zapatero | C1216: O.C. | D1216: 46281 | E1216: 702 | F1216: 46276 | G1216: {=_xlfn._xlws.FILTER(Formulas!$C$2:$T$201, ISNUMBER(MATCH(Formulas!$B$2:$B$201, B1216, 0)),0) * E1216} -> 105.3941 | H1216: 256.49483 | I1216: 24.466488 | J1216: 24.466488 | K1216: 0 | L1216: 0 | M1216: 24.466488 | N1216: 0 | O1216: 266.7116 | P1216: 0 | Q1216: 0 | R1216: 0 | S1216: 0 | T1216: 0 | U1216: 0 | V1216: 0 | W1216: 0 | X1216: 0
A1217: PENDIENTE | B1217: Zapatero | C1217: Octubre | D1217: 46286 | E1217: 930 | F1217: 46271
A1218: PENDIENTE | B1218: Zapatero | C1218: Noviembre | D1218: 46315 | E1218: 901 | F1218: 0
A1219: PENDIENTE | B1219: Zapatero | C1219: Diciembre | D1219: 46346 | E1219: 930 | F1219: 0

Sheet Entradas y Salidas
A1: FECHA | B1: PRODUCTO | C1: PROVEEDOR | D1: CODIGO | E1: LOTE | F1: CANTIDAD | G1: UNIDAD MEDIDA | H1: NOTAS | K1: FECHA | L1: PRODUCTO | M1: PROVEEDOR | N1: CODIGO | O1: LOTE | P1: CANTIDAD | Q1: UNIDAD MEDIDA | R1: VEHICULO
A2: 45989 | B2: Azucar | D2: AZ | E2: 1 | F2: 6000 | G2: Kg | K2: 46020 | L2: Trigo | M2: INDURLAC | P2: 10000 | Q2: Kg
A3: 45991 | B3: Avena | C3: Syngular | D3: AV | E3: 1 | F3: 36000 | G3: Kg | K3: 46062 | L3: Trigo | P3: 3000 | Q3: Kg
A4: 45992 | B4: Avena | C4: Syngular | D4: AV | E4: 2 | F4: 30000 | G4: Kg | K4: 46086 | L4: Trigo | M4: INDURLAC | P4: 6000 | Q4: Kg
A5: 45992 | B5: Quinua | D5: Q | E5: 1 | F5: 6000 | G5: Kg | K5: 46101 | L5: Trigo | M5: INDURLAC | P5: 3000 | Q5: Kg
A6: 45996 | B6: Avena | C6: Syngular | D6: AV | E6: 3 | F6: 40000 | G6: Kg | K6: 46116 | L6: Trigo | M6: INDURLAC | P6: 5000 | Q6: Kg
A7: 45997 | B7: Leche en Polvo | D7: LP | E7: 1 | F7: 800 | G7: Kg | K7: 46119 | L7: Avena | P7: =79*25 -> 1975 | Q7: Kg
A8: 45997 | B8: Leche | F8: 453 | G8: x48 latas | K8: 46139 | L8: Trigo | M8: INDURLAC | P8: 9000 | Q8: Kg
A9: 46003 | B9: Trigo | D9: TG | E9: 1 | F9: 32000 | G9: Kg | K9: 46169 | L9: Soya | M9: Yonyan | P9: 3000 | Q9: Kg
A10: 46003 | B10: Quinua | D10: Q | E10: 2 | F10: 5400 | G10: Kg | K10: 46211 | L10: Trigo | P10: 8000 | Q10: Kg
A11: 46004 | B11: Avena | C11: Syngular | D11: AV | E11: 4 | F11: 40000 | G11: Kg | K11: 46223 | L11: Trigo | P11: 5000 | Q11: Kg
A12: 46007 | B12: Avena | C12: Syngular | D12: AV | E12: 5 | F12: 40000 | G12: Kg | K12: 46249 | L12: Avena | P12: 2000 | Q12: Kg
A13: 46007 | B13: S. Vainilla | D13: SV | E13: 1 | F13: 20 | G13: Kg | K13: 46252 | L13: Avena | P13: 3000 | Q13: Kg
A14: 46008 | B14: Avena | C14: Syngular | D14: AV | E14: 6 | F14: 40000 | G14: Kg | K14: 46255 | L14: Avena | P14: 6000 | Q14: Kg
A15: 46011 | B15: Leche | F15: 114 | G15: x48 latas | K15: 46280 | L15: Trigo | M15: INDURLAC | P15: 10000 | Q15: Kg
A16: 46376 | B16: Avena | D16: AV | E16: 7 | F16: 20000 | G16: Kg | H16: Otro Almacen
A17: 46024 | B17: Maca | D17: MC | E17: 1 | F17: 5000 | G17: Kg
A18: 46024 | B18: Kiwicha | D18: KW | E18: 1 | F18: 200 | G18: Kg
A19: 46024 | B19: Maiz pollo | D19: MZP | E19: 1 | F19: 440 | G19: Kg
A20: 46024 | B20: Maiz chufla | D20: MZC | E20: 1 | F20: 138 | G20: Kg
A21: 46025 | B21: Azucar | D21: AZ | E21: 2 | F21: 35000 | G21: Kg
A22: 46028 | B22: Soya | D22: SY | E22: 1 | F22: 5000 | G22: Kg
A23: 46028 | B23: Quinua | D23: Q | E23: 3 | F23: 2500 | G23: Kg | H23: 8.5 tn - 6 tn devolución
A24: 46028 | B24: S. Leche | D24: SL | E24: 1 | F24: 40 | G24: Kg
A25: 46030 | B25: Trigo | D25: TG | E25: 2 | F25: 25000 | G25: Kg
A26: 46030 | B26: Avena | D26: AV | E26: 8 | F26: 17000 | G26: Kg
A27: 46030 | B27: Leche | F27: 212 | G27: x48 latas
A28: 46030 | B28: Leche | F28: 572 | G28: x48 latas
A29: 46030 | B29: Maiz chufla | D29: MZC | E29: 2 | F29: 200 | G29: Kg
A30: 46030 | B30: Maiz Pollo | D30: MZP | E30: 2 | F30: 150 | G30: Kg
A31: 46030 | B31: Kiwicha | D31: KW | E31: 2 | F31: 300 | G31: Kg
A32: 46030 | B32: Leche en Polvo | D32: LP | E32: 2 | F32: 1200 | G32: Kg
A33: 46037 | B33: Leche | F33: 485 | G33: x48 latas
A34: 46039 | B34: Quinua Qaliwarma | D34: QQ | E34: 1 | F34: 350 | G34: Kg
A35: 46040 | B35: Cocoa | D35: CC | E35: 1 | F35: 200 | G35: Kg
A36: 46041 | B36: Leche | F36: 489 | G36: x48 latas
A37: 46041 | B37: Avena | D37: AV | E37: 9 | F37: 25000 | G37: Kg | H37: Singular
A38: 46041 | B38: Avena | D38: AV | E38: 9 | F38: 15000 | G38: Kg | H38: Agropel
A39: 46043 | B39: Leche | F39: 1000 | G39: x48 latas
A40: 46045 | B40: Maiz chufla | D40: MZC | E40: 3 | F40: =12*46 -> 552 | G40: Kg
A41: 46047 | B41: Trigo | D41: TG | E41: 3 | F41: 29000 | G41: Kg
A42: 46047 | B42: Quinua | D42: Q | E42: 4 | F42: 7900 | G42: Kg
A43: 46047 | B43: Maca | D43: MC | E43: 2 | F43: 5000 | G43: Kg
A44: 46047 | B44: Leche en Polvo | D44: LP | E44: 3 | F44: 1500 | G44: Kg
A45: 46049 | B45: Leche | F45: 136 | G45: x48 latas
A46: 46050 | B46: Avena | D46: AV | E46: 10 | F46: 40000 | G46: Kg
A47: 46051 | B47: Leche | F47: 362 | G47: x48 latas
A48: 46052 | B48: Leche | F48: 385 | G48: x48 latas
A49: 46052 | B49: Leche | F49: =340-67 -> 273 | G49: x48 latas
A50: 46057 | B50: Azucar | D50: AZ | E50: 3 | F50: 35000 | G50: Kg
A51: 46057 | B51: Quinua Qaliwarma | D51: QQ | E51: 2 | F51: 600 | G51: Kg
A52: 46057 | B52: Kiwicha | D52: KW | E52: 3 | F52: 450 | G52: Kg
A53: 46059 | B53: Leche | F53: 67 | G53: x48 latas
A54: 46058 | B54: Avena | D54: AV | E54: 11 | F54: 33325 | G54: Kg
A55: 46058 | B55: S. Platano | D55: SP | E55: 1 | F55: 20 | G55: Kg
A56: 46062 | B56: Kiwicha | D56: KW | E56: 4 | F56: 450 | G56: Kg
A57: 46063 | B57: Maiz pollo | D57: MZP | E57: 3 | F57: 850 | G57: Kg
A58: 46063 | B58: Leche | F58: 624 | G58: x48 latas | H58: CASARO
A59: 46065 | B59: Leche | F59: 929 | G59: x48 latas | H59: BURGOS
A60: 46066 | B60: Trigo | D60: TG | E60: 4 | F60: 23000 | G60: Kg
A61: 46066 | B61: Quinua | D61: Q | E61: 5 | F61: 5000 | G61: Kg
A62: 46066 | B62: Maca | D62: MC | E62: 3 | F62: 5000 | G62: Kg
A63: 46069 | B63: Leche | F63: 473 | G63: x48 latas | H63: CASARO
A64: 46070 | B64: Maiz chufla | D64: MZC | E64: 4 | F64: =11*46 -> 506 | G64: Kg
A65: 46072 | B65: Leche | F65: 116 | G65: x48 latas | H65: CASARO
A66: 46074 | B66: Leche | F66: 474 | G66: x48 latas
A67: 46076 | B67: Avena | D67: AV | E67: 12 | F67: 80000 | G67: Kg
A68: 46076 | B68: Azucar | D68: AZ | E68: 4 | F68: 6000 | G68: Kg
A69: 46079 | B69: Leche | F69: 432 | G69: x48 latas
A70: 46080 | B70: Kiwicha | D70: KW | E70: 5 | F70: 500 | G70: Kg
A71: 46080 | B71: Maiz chufla | D71: MZC | E71: 5 | F71: 500 | G71: Kg
A72: 46081 | B72: Maca | D72: MC | E72: 4 | F72: 6000 | G72: Kg
A73: 46081 | B73: Leche en Polvo | D73: LP | E73: 4 | F73: 2400 | G73: Kg
A74: 46081 | B74: Azucar | D74: AZ | E74: 5 | F74: 5000 | G74: Kg
A75: 46081 | B75: S. Leche | D75: SL | E75: 2 | F75: 40 | G75: Kg
A76: 46081 | B76: S. Platano | D76: SP | E76: 2 | F76: 20 | G76: Kg
A77: 46084 | B77: Trigo | D77: TG | E77: 5 | F77: 34000 | G77: Kg
A78: 46084 | B78: Quinua | D78: Q | E78: 6 | F78: 4000 | G78: Kg
A79: 46086 | B79: Maiz chufla | D79: MZC | E79: 6 | F79: =18*46 -> 828 | G79: Kg
A80: 46086 | B80: Azucar | D80: AZ | E80: 6 | F80: 5000 | G80: Kg
A81: 46086 | B81: Avena | D81: AV | E81: 13 | F81: 80000 | G81: Kg
A82: 46087 | B82: Leche | F82: 405 | G82: x48 latas
A83: 46090 | B83: Soya | D83: SY | E83: 2 | F83: 2950 | G83: Kg
A84: 46090 | B84: Leche | F84: 319 | G84: x48 latas
A85: 46093 | B85: Trigo | D85: TG | E85: 6 | F85: 26000 | G85: Kg
A86: 46093 | B86: Maca | D86: MC | E86: 5 | F86: 5000 | G86: Kg
A87: 46093 | B87: Quinua | D87: Q | E87: 7 | F87: 5000 | G87: Kg
A88: 46094 | B88: Avena | D88: AV | E88: 14 | F88: 40000 | G88: Kg
A89: 46098 | B89: Avena | D89: AV | E89: 15 | F89: 40000 | G89: Kg
A90: 46098 | B90: Azucar | D90: AZ | E90: 7 | F90: 2000 | G90: Kg
A91: 46098 | B91: Leche | F91: 400 | G91: x48 latas
A92: 46099 | B92: Leche | F92: 304 | G92: x48 latas
A93: 46099 | B93: Azucar | D93: AZ | E93: 8 | F93: 14000 | G93: Kg
A94: 46100 | B94: Avena | D94: AV | E94: 16 | F94: 25000 | G94: Kg
A95: 46103 | B95: Trigo | D95: TG | E95: 7 | F95: 10000 | G95: Kg
A96: 46103 | B96: Soya | D96: SY | E96: 3 | F96: 30000 | G96: Kg
A97: 46103 | B97: Quinua | D97: Q | E97: 8 | F97: 2000 | G97: Kg
A98: 46104 | B98: Leche | F98: 390 | G98: x48 latas
A99: 46105 | B99: Leche | F99: 589 | G99: x48 latas
A100: 46106 | B100: Leche | F100: 339 | G100: x48 latas
...

Sheet Almacen
C1: STOCK | F1: Proyección | G1: Saldo
B2: Leche Total | C2: Tarros total | D2: Cajas | E2: Unidades | J2: PRODUCTO ENVASADO EN ALMACEN
C3: =252*48 -SUMIF(Leche[CONFIRMACIÓN], "Confirmado", Leche[N° LATAS]) + SUMIF(Entradas[PRODUCTO],"Leche",Entradas[CANTIDAD])*48 - SUMIF(Salida[PRODUCTO],"Leche",Salida[CANTIDAD])*48 + 257*48 -> 112873.75 | D3: =ROUNDDOWN(C3/48,0) -> 2351 | E3: =C3-D3*48 -> 25.75 | F3: =Calculo!C36 -> 95451.95 | G3: =C3-F3 -> 17421.8 | J3: Empresa | K3: Cliente | L3: Mes | M3: Fecha | N3: N° Bolsas | O3: Kg Bolsa | P3: Total (Kg) | Q3: Cap. Sacos | R3: N° Sacos | S3: Unidades | T3: Producción | U3: Envasado
F4: =F3/48 -> 1988.5823 | G4: =G3/48 -> 362.95417 | J4: {=_xlfn._xlws.FILTER(Cereal[[EMPRESA]:[ENVASADO]], (Cereal[ENVASADO]<>"") * (Cereal[SALIDA]="") * (Cereal[ENVASADO] <= TODAY()))} -> CORDELAN | K4: Huayllabamba | L4: Octubre | M4: 46289 | N4: 620 | O4: 1.0565 | P4: 655.03 | Q4: 40 | R4: 15 | S4: 20 | T4: 46281 | U4: 46281
J5: CORDELAN | K5: Huayllabamba | L5: Noviembre | M5: 46289 | N5: 620 | O5: 1.0565 | P5: 655.03 | Q5: 40 | R5: 15 | S5: 20 | T5: 46281 | U5: 46281
J6: PENDIENTE | K6: Marcara1 | L6: Octubre / Noviembre / Diciembre | M6: 46295 | N6: 2340 | O6: 0.62064 | P6: 1452.2976 | Q6: 70 | R6: 33 | S6: 30 | T6: 46293 | U6: 46293
J7: GRAN INDUST. | K7: Qaliwarma Avena | L7: Yurimag | M7: 46295 | N7: 10960 | O7: 0.26 | P7: 2849.6 | Q7: 100 | R7: 109 | S7: 60 | T7: 46293 | U7: 46293
B8: Producto | C8: Total (kg) | D8: Saco (kg) | E8: N°Sacos | F8: Proyección | G8: Saldo | J8: PENDIENTE | K8: Taurija | L8: Octubre | M8: 46295 | N8: 450 | O8: 0.74464 | P8: 335.088 | Q8: 60 | R8: 7 | S8: 30 | T8: 46281 | U8: 46281
B9: {=TRANSPOSE(Formulas!C1:T1)} -> Trigo | C9: =12600+18396*1.11-SUMIF(Producción!F:F,"<>0",Producción!G:G)*1.11 + SUMIF(Entradas[PRODUCTO],B9,Entradas[CANTIDAD]) - SUMIF(Salida[PRODUCTO],B9,Salida[CANTIDAD]) -6600-400 -> 9105.6107 | D9: 50 | E9: =C9/D9 -> 182.11221 | F9: {=TRANSPOSE(Calculo!C17:T17)} -> 25637.13 | G9: =C9-F9 -> -16531.519 | H9: pedir 16 TN mas | J9: PENDIENTE | K9: Taurija | L9: Noviembre | M9: 46295 | N9: 450 | O9: 0.74464 | P9: 335.088 | Q9: 60 | R9: 7 | S9: 30 | T9: 46281 | U9: 46281
B10: Avena | C10: =47575+7625-SUMIF(Producción!$F:$F,"<>0",Producción!H:H) + SUMIF(Entradas[PRODUCTO],B10,Entradas[CANTIDAD])-106 - SUMIF(Salida[PRODUCTO],B10,Salida[CANTIDAD])-6800 -> -18997.667 | D10: 25 | E10: =C10/D10 -> -759.90668 | F10: 81633.024 | G10: =C10-F10 -> -100630.69 | H10: faltan llegar 55 | J10: PENDIENTE | K10: Taurija | L10: Diciembre | M10: 46295 | N10: 450 | O10: 0.74464 | P10: 335.088 | Q10: 60 | R10: 7 | S10: 30 | T10: 46281 | U10: 46281
B11: Quinua | C11: =2500-SUMIF(Producción!$F:$F,"<>0",Producción!I:I) + SUMIF(Entradas[PRODUCTO],B11,Entradas[CANTIDAD]) +1600 -> 6466.7704 | D11: 50 | E11: =C11/D11 -> 129.33541 | F11: 2995.9986 | G11: =C11-F11 -> 3470.7718 | J11: FACOIMPEC | K11: Urpay | L11: Octubre / Noviembre / Diciembre | M11: 46288 | N11: 1316.13 | O11: 1 | P11: 1316.13 | Q11: 40 | R11: 32 | S11: 36.13 | T11: 46282 | U11: 46282
B12: Soya | C12: =10200-SUMIF(Producción!$F:$F,"<>0",Producción!J:J)*1.07 + SUMIF(Entradas[PRODUCTO],B12,Entradas[CANTIDAD])- SUMIF(Salida[PRODUCTO],B12,Salida[CANTIDAD])-3788+1129 -> 20410.387 | D12: 50 | E12: =C12/D12 -> 408.20774 | F12: 3574.8408 | G12: =C12-F12 -> 16835.546
B13: Maiz pollo | C13: =66*1.03-SUMIF(Producción!$F:$F,"<>0",Producción!K:K)*1.03 + SUMIF(Entradas[PRODUCTO],B13,Entradas[CANTIDAD])+60 -> 6.6985 | F13: 0 | G13: =C13-F13 -> 6.6985
A14: (chiclayano) | B14: Maiz Chufla | C14: =127+1.03*201-SUMIF(Producción!$F:$F,"<>0",Producción!L:L)*1.03 + SUMIF(Entradas[PRODUCTO],B14,Entradas[CANTIDAD])+400 -> 235.33182 | F14: 1333.2221 | G14: =C14-F14 -> -1097.8903
B15: Maca | C15: =3750-SUMIF(Producción!$F:$F,"<>0",Producción!M:M) + SUMIF(Entradas[PRODUCTO],B15,Entradas[CANTIDAD])+170 -500 -> 8483.8113 | D15: 50 | E15: =C15/D15 -> 169.67623 | F15: 2353.7846 | G15: =C15-F15 -> 6130.0267
B16: Leche en Polvo | C16: =397-SUMIF(Producción!$F:$F,"<>0",Producción!N:N) + SUMIF(Entradas[PRODUCTO],B16,Entradas[CANTIDAD])+160 -> 168.9075 | D16: 25 | E16: =C16/D16 -> 6.7563001 | F16: 481.34054 | G16: =C16-F16 -> -312.43304
B17: Azucar | C17: =7750-SUMIF(Producción!$F:$F,"<>0",Producción!O:O) + SUMIF(Entradas[PRODUCTO],B17,Entradas[CANTIDAD])-2100 -> 3443.943 | D17: 50 | E17: =C17/D17 -> 68.878859 | F17: 5803.6548 | G17: =C17-F17 -> -2359.7118
B18: Quinua Qaliwarma | C18: =0-SUMIF(Producción!$F:$F,"<>0",Producción!P:P) + SUMIF(Entradas[PRODUCTO],B18,Entradas[CANTIDAD])-148-55 -> 311.2288 | F18: 233.376 | G18: =C18-F18 -> 77.8528
B19: Kiwicha | C19: =78-SUMIF(Producción!$F:$F,"<>0",Producción!Q:Q) + SUMIF(Entradas[PRODUCTO],B19,Entradas[CANTIDAD])+183 -> -189.00686 | F19: 600.70114 | G19: =C19-F19 -> -789.70801
B20: Cocoa | C20: =0-SUMIF(Producción!$F:$F,"<>0",Producción!R:R) + SUMIF(Entradas[PRODUCTO],B20,Entradas[CANTIDAD])+1.53+1.55 -> -67.766575 | F20: 0 | G20: =C20-F20 -> -67.766575
B21: Sorbato | C21: =0-SUMIF(Producción!$F:$F,"<>0",Producción!S:S) + SUMIF(Entradas[PRODUCTO],B21,Entradas[CANTIDAD]) -> 0 | F21: 0 | G21: =C21-F21 -> 0
B22: S. Canela | C22: =19-SUMIF(Producción!$F:$F,"<>0",Producción!T:T) + SUMIF(Entradas[PRODUCTO],B22,Entradas[CANTIDAD]) -> 6.8187 | F22: 0 | G22: =C22-F22 -> 6.8187
B23: S. Leche | C23: =13-SUMIF(Producción!$F:$F,"<>0",Producción!U:U) + SUMIF(Entradas[PRODUCTO],B23,Entradas[CANTIDAD])+10 -> 10.971498 | F23: 9.40756 | G23: =C23-F23 -> 1.563938
B24: S. Platano | C24: =14-SUMIF(Producción!$F:$F,"<>0",Producción!V:V) + SUMIF(Entradas[PRODUCTO],B24,Entradas[CANTIDAD])-2+10 -> 36.540608 | F24: 38.191871 | G24: =C24-F24 -> -1.651263
B25: S. Vainilla | C25: =0-SUMIF(Producción!$F:$F,"<>0",Producción!W:W) + SUMIF(Entradas[PRODUCTO],B25,Entradas[CANTIDAD]) -> 16.056957 | F25: 0 | G25: =C25-F25 -> 16.056957
B26: S. Lucuma | C26: =22-SUMIF(Producción!$F:$F,"<>0",Producción!X:X) + SUMIF(Entradas[PRODUCTO],B26,Entradas[CANTIDAD])-5.64+5.48 -> 11.715566 | F26: 0 | G26: =C26-F26 -> 11.715566
B29: STOCK SACOS | C29: =(700-SUMIF(Cereal[PRODUCCIÓN],"<>",Cereal[N° SACOS]) -COUNTIF(Cereal[PRODUCCIÓN], "<>") +25858) + SUMIF(Entradas[PRODUCTO],"Sacos",Entradas[CANTIDAD])*0.965 +2700 -> -1806
B30: Proyección | C30: =Calculo!U17*1.035 -> 3385.485
B31: Saldo | C31: =C29-C30 -> -5191.485

Sheet Calculo
B2: PROYECCIÓN 2026
B3: Producto | C3: {=TRANSPOSE(_xlfn.ANCHORARRAY(Almacen!B9))} -> Trigo | D3: Avena | E3: Quinua | F3: Soya | G3: Maiz pollo | H3: Maiz Chufla | I3: Maca | J3: Leche en Polvo | K3: Azucar | L3: Quinua Qaliwarma | M3: Kiwicha | N3: Cocoa | O3: Sorbato | P3: S. Canela | Q3: S. Leche | R3: S. Platano | S3: S. Vainilla | T3: S. Lucuma | U3: Sacos
A4: FALSE | B4: Adelanto | C4: =SUMIFS(Producción!G:G, Producción!$D:$D, ">=" & DATE(2025,12,1), Producción!$D:$D, "<=" & DATE(2025,12,31), Producción!$F:$F, 0) -> 0 | D4: =SUMIFS(Producción!H:H, Producción!$D:$D, ">=" & DATE(2025,12,1), Producción!$D:$D, "<=" & DATE(2025,12,31), Producción!$F:$F, 0) -> 0 | E4: =SUMIFS(Producción!I:I, Producción!$D:$D, ">=" & DATE(2025,12,1), Producción!$D:$D, "<=" & DATE(2025,12,31), Producción!$F:$F, 0) -> 0 | F4: =SUMIFS(Producción!J:J, Producción!$D:$D, ">=" & DATE(2025,12,1), Producción!$D:$D, "<=" & DATE(2025,12,31), Producción!$F:$F, 0) -> 0 | G4: =SUMIFS(Producción!K:K, Producción!$D:$D, ">=" & DATE(2025,12,1), Producción!$D:$D, "<=" & DATE(2025,12,31), Producción!$F:$F, 0) -> 0 | H4: =SUMIFS(Producción!L:L, Producción!$D:$D, ">=" & DATE(2025,12,1), Producción!$D:$D, "<=" & DATE(2025,12,31), Producción!$F:$F, 0) -> 0 | I4: =SUMIFS(Producción!M:M, Producción!$D:$D, ">=" & DATE(2025,12,1), Producción!$D:$D, "<=" & DATE(2025,12,31), Producción!$F:$F, 0) -> 0 | J4: =SUMIFS(Producción!N:N, Producción!$D:$D, ">=" & DATE(2025,12,1), Producción!$D:$D, "<=" & DATE(2025,12,31), Producción!$F:$F, 0) -> 0 | K4: =SUMIFS(Producción!O:O, Producción!$D:$D, ">=" & DATE(2025,12,1), Producción!$D:$D, "<=" & DATE(2025,12,31), Producción!$F:$F, 0) -> 0 | L4: =SUMIFS(Producción!P:P, Producción!$D:$D, ">=" & DATE(2025,12,1), Producción!$D:$D, "<=" & DATE(2025,12,31), Producción!$F:$F, 0) -> 0 | M4: =SUMIFS(Producción!Q:Q, Producción!$D:$D, ">=" & DATE(2025,12,1), Producción!$D:$D, "<=" & DATE(2025,12,31), Producción!$F:$F, 0) -> 0 | N4: =SUMIFS(Producción!R:R, Producción!$D:$D, ">=" & DATE(2025,12,1), Producción!$D:$D, "<=" & DATE(2025,12,31), Producción!$F:$F, 0) -> 0 | O4: =SUMIFS(Producción!S:S, Producción!$D:$D, ">=" & DATE(2025,12,1), Producción!$D:$D, "<=" & DATE(2025,12,31), Producción!$F:$F, 0) -> 0 | P4: =SUMIFS(Producción!T:T, Producción!$D:$D, ">=" & DATE(2025,12,1), Producción!$D:$D, "<=" & DATE(2025,12,31), Producción!$F:$F, 0) -> 0 | Q4: =SUMIFS(Producción!U:U, Producción!$D:$D, ">=" & DATE(2025,12,1), Producción!$D:$D, "<=" & DATE(2025,12,31), Producción!$F:$F, 0) -> 0 | R4: =SUMIFS(Producción!V:V, Producción!$D:$D, ">=" & DATE(2025,12,1), Producción!$D:$D, "<=" & DATE(2025,12,31), Producción!$F:$F, 0) -> 0 | S4: =SUMIFS(Producción!W:W, Producción!$D:$D, ">=" & DATE(2025,12,1), Producción!$D:$D, "<=" & DATE(2025,12,31), Producción!$F:$F, 0) -> 0 | T4: =SUMIFS(Producción!X:X, Producción!$D:$D, ">=" & DATE(2025,12,1), Producción!$D:$D, "<=" & DATE(2025,12,31), Producción!$F:$F, 0) -> 0 | U4: 0
A5: TRUE | B5: Enero | C5: =SUMIFS(Producción!G:G, Producción!$D:$D, ">=" & DATE(2026,1,1), Producción!$D:$D, "<=" & DATE(2026,1,31), Producción!$F:$F, 0) -> 0 | D5: =SUMIFS(Producción!H:H, Producción!$D:$D, ">=" & DATE(2026,1,1), Producción!$D:$D, "<=" & DATE(2026,1,31), Producción!$F:$F, 0) -> 0 | E5: =SUMIFS(Producción!I:I, Producción!$D:$D, ">=" & DATE(2026,1,1), Producción!$D:$D, "<=" & DATE(2026,1,31), Producción!$F:$F, 0) -> 0 | F5: =SUMIFS(Producción!J:J, Producción!$D:$D, ">=" & DATE(2026,1,1), Producción!$D:$D, "<=" & DATE(2026,1,31), Producción!$F:$F, 0) -> 0 | G5: =SUMIFS(Producción!K:K, Producción!$D:$D, ">=" & DATE(2026,1,1), Producción!$D:$D, "<=" & DATE(2026,1,31), Producción!$F:$F, 0) -> 0 | H5: =SUMIFS(Producción!L:L, Producción!$D:$D, ">=" & DATE(2026,1,1), Producción!$D:$D, "<=" & DATE(2026,1,31), Producción!$F:$F, 0) -> 0 | I5: =SUMIFS(Producción!M:M, Producción!$D:$D, ">=" & DATE(2026,1,1), Producción!$D:$D, "<=" & DATE(2026,1,31), Producción!$F:$F, 0) -> 0 | J5: =SUMIFS(Producción!N:N, Producción!$D:$D, ">=" & DATE(2026,1,1), Producción!$D:$D, "<=" & DATE(2026,1,31), Producción!$F:$F, 0) -> 0 | K5: =SUMIFS(Producción!O:O, Producción!$D:$D, ">=" & DATE(2026,1,1), Producción!$D:$D, "<=" & DATE(2026,1,31), Producción!$F:$F, 0) -> 0 | L5: =SUMIFS(Producción!P:P, Producción!$D:$D, ">=" & DATE(2026,1,1), Producción!$D:$D, "<=" & DATE(2026,1,31), Producción!$F:$F, 0) -> 0 | M5: =SUMIFS(Producción!Q:Q, Producción!$D:$D, ">=" & DATE(2026,1,1), Producción!$D:$D, "<=" & DATE(2026,1,31), Producción!$F:$F, 0) -> 0 | N5: =SUMIFS(Producción!R:R, Producción!$D:$D, ">=" & DATE(2026,1,1), Producción!$D:$D, "<=" & DATE(2026,1,31), Producción!$F:$F, 0) -> 0 | O5: =SUMIFS(Producción!S:S, Producción!$D:$D, ">=" & DATE(2026,1,1), Producción!$D:$D, "<=" & DATE(2026,1,31), Producción!$F:$F, 0) -> 0 | P5: =SUMIFS(Producción!T:T, Producción!$D:$D, ">=" & DATE(2026,1,1), Producción!$D:$D, "<=" & DATE(2026,1,31), Producción!$F:$F, 0) -> 0 | Q5: =SUMIFS(Producción!U:U, Producción!$D:$D, ">=" & DATE(2026,1,1), Producción!$D:$D, "<=" & DATE(2026,1,31), Producción!$F:$F, 0) -> 0 | R5: =SUMIFS(Producción!V:V, Producción!$D:$D, ">=" & DATE(2026,1,1), Producción!$D:$D, "<=" & DATE(2026,1,31), Producción!$F:$F, 0) -> 0 | S5: =SUMIFS(Producción!W:W, Producción!$D:$D, ">=" & DATE(2026,1,1), Producción!$D:$D, "<=" & DATE(2026,1,31), Producción!$F:$F, 0) -> 0 | T5: =SUMIFS(Producción!X:X, Producción!$D:$D, ">=" & DATE(2026,1,1), Producción!$D:$D, "<=" & DATE(2026,1,31), Producción!$F:$F, 0) -> 0 | U5: 0
A6: TRUE | B6: Febrero | C6: =SUMIFS(Producción!G:G, Producción!$D:$D, ">=" & DATE(2026,2,1), Producción!$D:$D, "<=" & DATE(2026,2,28), Producción!$F:$F, 0) -> 0 | D6: =SUMIFS(Producción!H:H, Producción!$D:$D, ">=" & DATE(2026,2,1), Producción!$D:$D, "<=" & DATE(2026,2,28), Producción!$F:$F, 0) -> 0 | E6: =SUMIFS(Producción!I:I, Producción!$D:$D, ">=" & DATE(2026,2,1), Producción!$D:$D, "<=" & DATE(2026,2,28), Producción!$F:$F, 0) -> 0 | F6: =SUMIFS(Producción!J:J, Producción!$D:$D, ">=" & DATE(2026,2,1), Producción!$D:$D, "<=" & DATE(2026,2,28), Producción!$F:$F, 0) -> 0 | G6: =SUMIFS(Producción!K:K, Producción!$D:$D, ">=" & DATE(2026,2,1), Producción!$D:$D, "<=" & DATE(2026,2,28), Producción!$F:$F, 0) -> 0 | H6: =SUMIFS(Producción!L:L, Producción!$D:$D, ">=" & DATE(2026,2,1), Producción!$D:$D, "<=" & DATE(2026,2,28), Producción!$F:$F, 0) -> 0 | I6: =SUMIFS(Producción!M:M, Producción!$D:$D, ">=" & DATE(2026,2,1), Producción!$D:$D, "<=" & DATE(2026,2,28), Producción!$F:$F, 0) -> 0 | J6: =SUMIFS(Producción!N:N, Producción!$D:$D, ">=" & DATE(2026,2,1), Producción!$D:$D, "<=" & DATE(2026,2,28), Producción!$F:$F, 0) -> 0 | K6: =SUMIFS(Producción!O:O, Producción!$D:$D, ">=" & DATE(2026,2,1), Producción!$D:$D, "<=" & DATE(2026,2,28), Producción!$F:$F, 0) -> 0 | L6: =SUMIFS(Producción!P:P, Producción!$D:$D, ">=" & DATE(2026,2,1), Producción!$D:$D, "<=" & DATE(2026,2,28), Producción!$F:$F, 0) -> 0 | M6: =SUMIFS(Producción!Q:Q, Producción!$D:$D, ">=" & DATE(2026,2,1), Producción!$D:$D, "<=" & DATE(2026,2,28), Producción!$F:$F, 0) -> 0 | N6: =SUMIFS(Producción!R:R, Producción!$D:$D, ">=" & DATE(2026,2,1), Producción!$D:$D, "<=" & DATE(2026,2,28), Producción!$F:$F, 0) -> 0 | O6: =SUMIFS(Producción!S:S, Producción!$D:$D, ">=" & DATE(2026,2,1), Producción!$D:$D, "<=" & DATE(2026,2,28), Producción!$F:$F, 0) -> 0 | P6: =SUMIFS(Producción!T:T, Producción!$D:$D, ">=" & DATE(2026,2,1), Producción!$D:$D, "<=" & DATE(2026,2,28), Producción!$F:$F, 0) -> 0 | Q6: =SUMIFS(Producción!U:U, Producción!$D:$D, ">=" & DATE(2026,2,1), Producción!$D:$D, "<=" & DATE(2026,2,28), Producción!$F:$F, 0) -> 0 | R6: =SUMIFS(Producción!V:V, Producción!$D:$D, ">=" & DATE(2026,2,1), Producción!$D:$D, "<=" & DATE(2026,2,28), Producción!$F:$F, 0) -> 0 | S6: =SUMIFS(Producción!W:W, Producción!$D:$D, ">=" & DATE(2026,2,1), Producción!$D:$D, "<=" & DATE(2026,2,28), Producción!$F:$F, 0) -> 0 | T6: =SUMIFS(Producción!X:X, Producción!$D:$D, ">=" & DATE(2026,2,1), Producción!$D:$D, "<=" & DATE(2026,2,28), Producción!$F:$F, 0) -> 0 | U6: 0
A7: TRUE | B7: Marzo | C7: =SUMIFS(Producción!G:G, Producción!$D:$D, ">=" & DATE(2026,3,1), Producción!$D:$D, "<=" & DATE(2026,3,31), Producción!$F:$F, 0) -> 0 | D7: =SUMIFS(Producción!H:H, Producción!$D:$D, ">=" & DATE(2026,3,1), Producción!$D:$D, "<=" & DATE(2026,3,31), Producción!$F:$F, 0) -> 0 | E7: =SUMIFS(Producción!I:I, Producción!$D:$D, ">=" & DATE(2026,3,1), Producción!$D:$D, "<=" & DATE(2026,3,31), Producción!$F:$F, 0) -> 0 | F7: =SUMIFS(Producción!J:J, Producción!$D:$D, ">=" & DATE(2026,3,1), Producción!$D:$D, "<=" & DATE(2026,3,31), Producción!$F:$F, 0) -> 0 | G7: =SUMIFS(Producción!K:K, Producción!$D:$D, ">=" & DATE(2026,3,1), Producción!$D:$D, "<=" & DATE(2026,3,31), Producción!$F:$F, 0) -> 0 | H7: =SUMIFS(Producción!L:L, Producción!$D:$D, ">=" & DATE(2026,3,1), Producción!$D:$D, "<=" & DATE(2026,3,31), Producción!$F:$F, 0) -> 0 | I7: =SUMIFS(Producción!M:M, Producción!$D:$D, ">=" & DATE(2026,3,1), Producción!$D:$D, "<=" & DATE(2026,3,31), Producción!$F:$F, 0) -> 0 | J7: =SUMIFS(Producción!N:N, Producción!$D:$D, ">=" & DATE(2026,3,1), Producción!$D:$D, "<=" & DATE(2026,3,31), Producción!$F:$F, 0) -> 0 | K7: =SUMIFS(Producción!O:O, Producción!$D:$D, ">=" & DATE(2026,3,1), Producción!$D:$D, "<=" & DATE(2026,3,31), Producción!$F:$F, 0) -> 0 | L7: =SUMIFS(Producción!P:P, Producción!$D:$D, ">=" & DATE(2026,3,1), Producción!$D:$D, "<=" & DATE(2026,3,31), Producción!$F:$F, 0) -> 0 | M7: =SUMIFS(Producción!Q:Q, Producción!$D:$D, ">=" & DATE(2026,3,1), Producción!$D:$D, "<=" & DATE(2026,3,31), Producción!$F:$F, 0) -> 0 | N7: =SUMIFS(Producción!R:R, Producción!$D:$D, ">=" & DATE(2026,3,1), Producción!$D:$D, "<=" & DATE(2026,3,31), Producción!$F:$F, 0) -> 0 | O7: =SUMIFS(Producción!S:S, Producción!$D:$D, ">=" & DATE(2026,3,1), Producción!$D:$D, "<=" & DATE(2026,3,31), Producción!$F:$F, 0) -> 0 | P7: =SUMIFS(Producción!T:T, Producción!$D:$D, ">=" & DATE(2026,3,1), Producción!$D:$D, "<=" & DATE(2026,3,31), Producción!$F:$F, 0) -> 0 | Q7: =SUMIFS(Producción!U:U, Producción!$D:$D, ">=" & DATE(2026,3,1), Producción!$D:$D, "<=" & DATE(2026,3,31), Producción!$F:$F, 0) -> 0 | R7: =SUMIFS(Producción!V:V, Producción!$D:$D, ">=" & DATE(2026,3,1), Producción!$D:$D, "<=" & DATE(2026,3,31), Producción!$F:$F, 0) -> 0 | S7: =SUMIFS(Producción!W:W, Producción!$D:$D, ">=" & DATE(2026,3,1), Producción!$D:$D, "<=" & DATE(2026,3,31), Producción!$F:$F, 0) -> 0 | T7: =SUMIFS(Producción!X:X, Producción!$D:$D, ">=" & DATE(2026,3,1), Producción!$D:$D, "<=" & DATE(2026,3,31), Producción!$F:$F, 0) -> 0 | U7: =SUMIFS(Cereal[N° SACOS], Cereal[PRODUCCIÓN], "", Cereal[FECHA], ">=01/03/2026", Cereal[FECHA], "<=31/03/2026") + COUNTIFS(Cereal[PRODUCCIÓN], "", Cereal[FECHA], ">=01/03/2026", Cereal[FECHA], "<=31/03/2026") -> 0
A8: TRUE | B8: Abril | C8: =SUMIFS(Producción!G:G, Producción!$D:$D, ">=" & DATE(2026,4,1), Producción!$D:$D, "<=" & DATE(2026,4,30), Producción!$F:$F, 0) -> 0 | D8: =SUMIFS(Producción!H:H, Producción!$D:$D, ">=" & DATE(2026,4,1), Producción!$D:$D, "<=" & DATE(2026,4,30), Producción!$F:$F, 0) -> 0 | E8: =SUMIFS(Producción!I:I, Producción!$D:$D, ">=" & DATE(2026,4,1), Producción!$D:$D, "<=" & DATE(2026,4,30), Producción!$F:$F, 0) -> 0 | F8: =SUMIFS(Producción!J:J, Producción!$D:$D, ">=" & DATE(2026,4,1), Producción!$D:$D, "<=" & DATE(2026,4,30), Producción!$F:$F, 0) -> 0 | G8: =SUMIFS(Producción!K:K, Producción!$D:$D, ">=" & DATE(2026,4,1), Producción!$D:$D, "<=" & DATE(2026,4,30), Producción!$F:$F, 0) -> 0 | H8: =SUMIFS(Producción!L:L, Producción!$D:$D, ">=" & DATE(2026,4,1), Producción!$D:$D, "<=" & DATE(2026,4,30), Producción!$F:$F, 0) -> 0 | I8: =SUMIFS(Producción!M:M, Producción!$D:$D, ">=" & DATE(2026,4,1), Producción!$D:$D, "<=" & DATE(2026,4,30), Producción!$F:$F, 0) -> 0 | J8: =SUMIFS(Producción!N:N, Producción!$D:$D, ">=" & DATE(2026,4,1), Producción!$D:$D, "<=" & DATE(2026,4,30), Producción!$F:$F, 0) -> 0 | K8: =SUMIFS(Producción!O:O, Producción!$D:$D, ">=" & DATE(2026,4,1), Producción!$D:$D, "<=" & DATE(2026,4,30), Producción!$F:$F, 0) -> 0 | L8: =SUMIFS(Producción!P:P, Producción!$D:$D, ">=" & DATE(2026,4,1), Producción!$D:$D, "<=" & DATE(2026,4,30), Producción!$F:$F, 0) -> 0 | M8: =SUMIFS(Producción!Q:Q, Producción!$D:$D, ">=" & DATE(2026,4,1), Producción!$D:$D, "<=" & DATE(2026,4,30), Producción!$F:$F, 0) -> 0 | N8: =SUMIFS(Producción!R:R, Producción!$D:$D, ">=" & DATE(2026,4,1), Producción!$D:$D, "<=" & DATE(2026,4,30), Producción!$F:$F, 0) -> 0 | O8: =SUMIFS(Producción!S:S, Producción!$D:$D, ">=" & DATE(2026,4,1), Producción!$D:$D, "<=" & DATE(2026,4,30), Producción!$F:$F, 0) -> 0 | P8: =SUMIFS(Producción!T:T, Producción!$D:$D, ">=" & DATE(2026,4,1), Producción!$D:$D, "<=" & DATE(2026,4,30), Producción!$F:$F, 0) -> 0 | Q8: =SUMIFS(Producción!U:U, Producción!$D:$D, ">=" & DATE(2026,4,1), Producción!$D:$D, "<=" & DATE(2026,4,30), Producción!$F:$F, 0) -> 0 | R8: =SUMIFS(Producción!V:V, Producción!$D:$D, ">=" & DATE(2026,4,1), Producción!$D:$D, "<=" & DATE(2026,4,30), Producción!$F:$F, 0) -> 0 | S8: =SUMIFS(Producción!W:W, Producción!$D:$D, ">=" & DATE(2026,4,1), Producción!$D:$D, "<=" & DATE(2026,4,30), Producción!$F:$F, 0) -> 0 | T8: =SUMIFS(Producción!X:X, Producción!$D:$D, ">=" & DATE(2026,4,1), Producción!$D:$D, "<=" & DATE(2026,4,30), Producción!$F:$F, 0) -> 0 | U8: =SUMIFS(Cereal[N° SACOS], Cereal[PRODUCCIÓN], "", Cereal[FECHA], ">=01/04/2026", Cereal[FECHA], "<=30/04/2026") + COUNTIFS(Cereal[PRODUCCIÓN], "", Cereal[FECHA], ">=01/04/2026", Cereal[FECHA], "<=30/04/2026") -> 0
A9: TRUE | B9: Mayo | C9: =SUMIFS(Producción!G:G, Producción!$D:$D, ">=" & DATE(2026,5,1), Producción!$D:$D, "<=" & DATE(2026,5,31), Producción!$F:$F, 0) -> 0 | D9: =SUMIFS(Producción!H:H, Producción!$D:$D, ">=" & DATE(2026,5,1), Producción!$D:$D, "<=" & DATE(2026,5,31), Producción!$F:$F, 0) -> 0 | E9: =SUMIFS(Producción!I:I, Producción!$D:$D, ">=" & DATE(2026,5,1), Producción!$D:$D, "<=" & DATE(2026,5,31), Producción!$F:$F, 0) -> 0 | F9: =SUMIFS(Producción!J:J, Producción!$D:$D, ">=" & DATE(2026,5,1), Producción!$D:$D, "<=" & DATE(2026,5,31), Producción!$F:$F, 0) -> 0 | G9: =SUMIFS(Producción!K:K, Producción!$D:$D, ">=" & DATE(2026,5,1), Producción!$D:$D, "<=" & DATE(2026,5,31), Producción!$F:$F, 0) -> 0 | H9: =SUMIFS(Producción!L:L, Producción!$D:$D, ">=" & DATE(2026,5,1), Producción!$D:$D, "<=" & DATE(2026,5,31), Producción!$F:$F, 0) -> 0 | I9: =SUMIFS(Producción!M:M, Producción!$D:$D, ">=" & DATE(2026,5,1), Producción!$D:$D, "<=" & DATE(2026,5,31), Producción!$F:$F, 0) -> 0 | J9: =SUMIFS(Producción!N:N, Producción!$D:$D, ">=" & DATE(2026,5,1), Producción!$D:$D, "<=" & DATE(2026,5,31), Producción!$F:$F, 0) -> 0 | K9: =SUMIFS(Producción!O:O, Producción!$D:$D, ">=" & DATE(2026,5,1), Producción!$D:$D, "<=" & DATE(2026,5,31), Producción!$F:$F, 0) -> 0 | L9: =SUMIFS(Producción!P:P, Producción!$D:$D, ">=" & DATE(2026,5,1), Producción!$D:$D, "<=" & DATE(2026,5,31), Producción!$F:$F, 0) -> 0 | M9: =SUMIFS(Producción!Q:Q, Producción!$D:$D, ">=" & DATE(2026,5,1), Producción!$D:$D, "<=" & DATE(2026,5,31), Producción!$F:$F, 0) -> 0 | N9: =SUMIFS(Producción!R:R, Producción!$D:$D, ">=" & DATE(2026,5,1), Producción!$D:$D, "<=" & DATE(2026,5,31), Producción!$F:$F, 0) -> 0 | O9: =SUMIFS(Producción!S:S, Producción!$D:$D, ">=" & DATE(2026,5,1), Producción!$D:$D, "<=" & DATE(2026,5,31), Producción!$F:$F, 0) -> 0 | P9: =SUMIFS(Producción!T:T, Producción!$D:$D, ">=" & DATE(2026,5,1), Producción!$D:$D, "<=" & DATE(2026,5,31), Producción!$F:$F, 0) -> 0 | Q9: =SUMIFS(Producción!U:U, Producción!$D:$D, ">=" & DATE(2026,5,1), Producción!$D:$D, "<=" & DATE(2026,5,31), Producción!$F:$F, 0) -> 0 | R9: =SUMIFS(Producción!V:V, Producción!$D:$D, ">=" & DATE(2026,5,1), Producción!$D:$D, "<=" & DATE(2026,5,31), Producción!$F:$F, 0) -> 0 | S9: =SUMIFS(Producción!W:W, Producción!$D:$D, ">=" & DATE(2026,5,1), Producción!$D:$D, "<=" & DATE(2026,5,31), Producción!$F:$F, 0) -> 0 | T9: =SUMIFS(Producción!X:X, Producción!$D:$D, ">=" & DATE(2026,5,1), Producción!$D:$D, "<=" & DATE(2026,5,31), Producción!$F:$F, 0) -> 0 | U9: =SUMIFS(Cereal[N° SACOS], Cereal[PRODUCCIÓN], "", Cereal[FECHA], ">=01/05/2026", Cereal[FECHA], "<=31/05/2026") + COUNTIFS(Cereal[PRODUCCIÓN], "", Cereal[FECHA], ">=01/05/2026", Cereal[FECHA], "<=31/05/2026") -> 0
A10: TRUE | B10: Junio | C10: =SUMIFS(Producción!G:G, Producción!$D:$D, ">=" & DATE(2026,6,1), Producción!$D:$D, "<=" & DATE(2026,6,30), Producción!$F:$F, 0) -> 0 | D10: =SUMIFS(Producción!H:H, Producción!$D:$D, ">=" & DATE(2026,6,1), Producción!$D:$D, "<=" & DATE(2026,6,30), Producción!$F:$F, 0) -> 0 | E10: =SUMIFS(Producción!I:I, Producción!$D:$D, ">=" & DATE(2026,6,1), Producción!$D:$D, "<=" & DATE(2026,6,30), Producción!$F:$F, 0) -> 0 | F10: =SUMIFS(Producción!J:J, Producción!$D:$D, ">=" & DATE(2026,6,1), Producción!$D:$D, "<=" & DATE(2026,6,30), Producción!$F:$F, 0) -> 0 | G10: =SUMIFS(Producción!K:K, Producción!$D:$D, ">=" & DATE(2026,6,1), Producción!$D:$D, "<=" & DATE(2026,6,30), Producción!$F:$F, 0) -> 0 | H10: =SUMIFS(Producción!L:L, Producción!$D:$D, ">=" & DATE(2026,6,1), Producción!$D:$D, "<=" & DATE(2026,6,30), Producción!$F:$F, 0) -> 0 | I10: =SUMIFS(Producción!M:M, Producción!$D:$D, ">=" & DATE(2026,6,1), Producción!$D:$D, "<=" & DATE(2026,6,30), Producción!$F:$F, 0) -> 0 | J10: =SUMIFS(Producción!N:N, Producción!$D:$D, ">=" & DATE(2026,6,1), Producción!$D:$D, "<=" & DATE(2026,6,30), Producción!$F:$F, 0) -> 0 | K10: =SUMIFS(Producción!O:O, Producción!$D:$D, ">=" & DATE(2026,6,1), Producción!$D:$D, "<=" & DATE(2026,6,30), Producción!$F:$F, 0) -> 0 | L10: =SUMIFS(Producción!P:P, Producción!$D:$D, ">=" & DATE(2026,6,1), Producción!$D:$D, "<=" & DATE(2026,6,30), Producción!$F:$F, 0) -> 0 | M10: =SUMIFS(Producción!Q:Q, Producción!$D:$D, ">=" & DATE(2026,6,1), Producción!$D:$D, "<=" & DATE(2026,6,30), Producción!$F:$F, 0) -> 0 | N10: =SUMIFS(Producción!R:R, Producción!$D:$D, ">=" & DATE(2026,6,1), Producción!$D:$D, "<=" & DATE(2026,6,30), Producción!$F:$F, 0) -> 0 | O10: =SUMIFS(Producción!S:S, Producción!$D:$D, ">=" & DATE(2026,6,1), Producción!$D:$D, "<=" & DATE(2026,6,30), Producción!$F:$F, 0) -> 0 | P10: =SUMIFS(Producción!T:T, Producción!$D:$D, ">=" & DATE(2026,6,1), Producción!$D:$D, "<=" & DATE(2026,6,30), Producción!$F:$F, 0) -> 0 | Q10: =SUMIFS(Producción!U:U, Producción!$D:$D, ">=" & DATE(2026,6,1), Producción!$D:$D, "<=" & DATE(2026,6,30), Producción!$F:$F, 0) -> 0 | R10: =SUMIFS(Producción!V:V, Producción!$D:$D, ">=" & DATE(2026,6,1), Producción!$D:$D, "<=" & DATE(2026,6,30), Producción!$F:$F, 0) -> 0 | S10: =SUMIFS(Producción!W:W, Producción!$D:$D, ">=" & DATE(2026,6,1), Producción!$D:$D, "<=" & DATE(2026,6,30), Producción!$F:$F, 0) -> 0 | T10: =SUMIFS(Producción!X:X, Producción!$D:$D, ">=" & DATE(2026,6,1), Producción!$D:$D, "<=" & DATE(2026,6,30), Producción!$F:$F, 0) -> 0 | U10: =SUMIFS(Cereal[N° SACOS], Cereal[PRODUCCIÓN], "", Cereal[FECHA], ">="&DATE(2026,6,1), Cereal[FECHA], "<="&DATE(2026,6,30)) + COUNTIFS(Cereal[PRODUCCIÓN], "", Cereal[FECHA], ">="&DATE(2026,6,1), Cereal[FECHA], "<="&DATE(2026,6,30)) -> 0
A11: TRUE | B11: Julio | C11: =SUMIFS(Producción!G:G, Producción!$D:$D, ">=" & DATE(2026,7,1), Producción!$D:$D, "<=" & DATE(2026,7,31), Producción!$F:$F, 0) -> 0 | D11: =SUMIFS(Producción!H:H, Producción!$D:$D, ">=" & DATE(2026,7,1), Producción!$D:$D, "<=" & DATE(2026,7,31), Producción!$F:$F, 0) -> 0 | E11: =SUMIFS(Producción!I:I, Producción!$D:$D, ">=" & DATE(2026,7,1), Producción!$D:$D, "<=" & DATE(2026,7,31), Producción!$F:$F, 0) -> 0 | F11: =SUMIFS(Producción!J:J, Producción!$D:$D, ">=" & DATE(2026,7,1), Producción!$D:$D, "<=" & DATE(2026,7,31), Producción!$F:$F, 0) -> 0 | G11: =SUMIFS(Producción!K:K, Producción!$D:$D, ">=" & DATE(2026,7,1), Producción!$D:$D, "<=" & DATE(2026,7,31), Producción!$F:$F, 0) -> 0 | H11: =SUMIFS(Producción!L:L, Producción!$D:$D, ">=" & DATE(2026,7,1), Producción!$D:$D, "<=" & DATE(2026,7,31), Producción!$F:$F, 0) -> 0 | I11: =SUMIFS(Producción!M:M, Producción!$D:$D, ">=" & DATE(2026,7,1), Producción!$D:$D, "<=" & DATE(2026,7,31), Producción!$F:$F, 0) -> 0 | J11: =SUMIFS(Producción!N:N, Producción!$D:$D, ">=" & DATE(2026,7,1), Producción!$D:$D, "<=" & DATE(2026,7,31), Producción!$F:$F, 0) -> 0 | K11: =SUMIFS(Producción!O:O, Producción!$D:$D, ">=" & DATE(2026,7,1), Producción!$D:$D, "<=" & DATE(2026,7,31), Producción!$F:$F, 0) -> 0 | L11: =SUMIFS(Producción!P:P, Producción!$D:$D, ">=" & DATE(2026,7,1), Producción!$D:$D, "<=" & DATE(2026,7,31), Producción!$F:$F, 0) -> 0 | M11: =SUMIFS(Producción!Q:Q, Producción!$D:$D, ">=" & DATE(2026,7,1), Producción!$D:$D, "<=" & DATE(2026,7,31), Producción!$F:$F, 0) -> 0 | N11: =SUMIFS(Producción!R:R, Producción!$D:$D, ">=" & DATE(2026,7,1), Producción!$D:$D, "<=" & DATE(2026,7,31), Producción!$F:$F, 0) -> 0 | O11: =SUMIFS(Producción!S:S, Producción!$D:$D, ">=" & DATE(2026,7,1), Producción!$D:$D, "<=" & DATE(2026,7,31), Producción!$F:$F, 0) -> 0 | P11: =SUMIFS(Producción!T:T, Producción!$D:$D, ">=" & DATE(2026,7,1), Producción!$D:$D, "<=" & DATE(2026,7,31), Producción!$F:$F, 0) -> 0 | Q11: =SUMIFS(Producción!U:U, Producción!$D:$D, ">=" & DATE(2026,7,1), Producción!$D:$D, "<=" & DATE(2026,7,31), Producción!$F:$F, 0) -> 0 | R11: =SUMIFS(Producción!V:V, Producción!$D:$D, ">=" & DATE(2026,7,1), Producción!$D:$D, "<=" & DATE(2026,7,31), Producción!$F:$F, 0) -> 0 | S11: =SUMIFS(Producción!W:W, Producción!$D:$D, ">=" & DATE(2026,7,1), Producción!$D:$D, "<=" & DATE(2026,7,31), Producción!$F:$F, 0) -> 0 | T11: =SUMIFS(Producción!X:X, Producción!$D:$D, ">=" & DATE(2026,7,1), Producción!$D:$D, "<=" & DATE(2026,7,31), Producción!$F:$F, 0) -> 0 | U11: =SUMIFS(Cereal[N° SACOS], Cereal[PRODUCCIÓN], "", Cereal[FECHA], ">="&DATE(2026,7,1), Cereal[FECHA], "<="&DATE(2026,7,31)) + COUNTIFS(Cereal[PRODUCCIÓN], "", Cereal[FECHA], ">="&DATE(2026,7,1), Cereal[FECHA], "<="&DATE(2026,7,31)) -> 0
A12: TRUE | B12: Agosto | C12: =SUMIFS(Producción!G:G, Producción!$D:$D, ">=" & DATE(2026,8,1), Producción!$D:$D, "<=" & DATE(2026,8,31), Producción!$F:$F, 0) -> 1270.9508 | D12: =SUMIFS(Producción!H:H, Producción!$D:$D, ">=" & DATE(2026,8,1), Producción!$D:$D, "<=" & DATE(2026,8,31), Producción!$F:$F, 0) -> 3311.6509 | E12: =SUMIFS(Producción!I:I, Producción!$D:$D, ">=" & DATE(2026,8,1), Producción!$D:$D, "<=" & DATE(2026,8,31), Producción!$F:$F, 0) -> 119.55144 | F12: =SUMIFS(Producción!J:J, Producción!$D:$D, ">=" & DATE(2026,8,1), Producción!$D:$D, "<=" & DATE(2026,8,31), Producción!$F:$F, 0) -> 98.285589 | G12: =SUMIFS(Producción!K:K, Producción!$D:$D, ">=" & DATE(2026,8,1), Producción!$D:$D, "<=" & DATE(2026,8,31), Producción!$F:$F, 0) -> 0 | H12: =SUMIFS(Producción!L:L, Producción!$D:$D, ">=" & DATE(2026,8,1), Producción!$D:$D, "<=" & DATE(2026,8,31), Producción!$F:$F, 0) -> 0 | I12: =SUMIFS(Producción!M:M, Producción!$D:$D, ">=" & DATE(2026,8,1), Producción!$D:$D, "<=" & DATE(2026,8,31), Producción!$F:$F, 0) -> 252.841 | J12: =SUMIFS(Producción!N:N, Producción!$D:$D, ">=" & DATE(2026,8,1), Producción!$D:$D, "<=" & DATE(2026,8,31), Producción!$F:$F, 0) -> 0 | K12: =SUMIFS(Producción!O:O, Producción!$D:$D, ">=" & DATE(2026,8,1), Producción!$D:$D, "<=" & DATE(2026,8,31), Producción!$F:$F, 0) -> 1871.2064 | L12: =SUMIFS(Producción!P:P, Producción!$D:$D, ">=" & DATE(2026,8,1), Producción!$D:$D, "<=" & DATE(2026,8,31), Producción!$F:$F, 0) -> 0 | M12: =SUMIFS(Producción!Q:Q, Producción!$D:$D, ">=" & DATE(2026,8,1), Producción!$D:$D, "<=" & DATE(2026,8,31), Producción!$F:$F, 0) -> 0 | N12: =SUMIFS(Producción!R:R, Producción!$D:$D, ">=" & DATE(2026,8,1), Producción!$D:$D, "<=" & DATE(2026,8,31), Producción!$F:$F, 0) -> 0 | O12: =SUMIFS(Producción!S:S, Producción!$D:$D, ">=" & DATE(2026,8,1), Producción!$D:$D, "<=" & DATE(2026,8,31), Producción!$F:$F, 0) -> 0 | P12: =SUMIFS(Producción!T:T, Producción!$D:$D, ">=" & DATE(2026,8,1), Producción!$D:$D, "<=" & DATE(2026,8,31), Producción!$F:$F, 0) -> 0 | Q12: =SUMIFS(Producción!U:U, Producción!$D:$D, ">=" & DATE(2026,8,1), Producción!$D:$D, "<=" & DATE(2026,8,31), Producción!$F:$F, 0) -> 0 | R12: =SUMIFS(Producción!V:V, Producción!$D:$D, ">=" & DATE(2026,8,1), Producción!$D:$D, "<=" & DATE(2026,8,31), Producción!$F:$F, 0) -> 5.4003071 | S12: =SUMIFS(Producción!W:W, Producción!$D:$D, ">=" & DATE(2026,8,1), Producción!$D:$D, "<=" & DATE(2026,8,31), Producción!$F:$F, 0) -> 0 | T12: =SUMIFS(Producción!X:X, Producción!$D:$D, ">=" & DATE(2026,8,1), Producción!$D:$D, "<=" & DATE(2026,8,31), Producción!$F:$F, 0) -> 0 | U12: =SUMIFS(Cereal[N° SACOS], Cereal[PRODUCCIÓN], "", Cereal[FECHA], ">=01/08/2026", Cereal[FECHA], "<=31/08/2026") + COUNTIFS(Cereal[PRODUCCIÓN], "", Cereal[FECHA], ">=01/08/2026", Cereal[FECHA], "<=31/08/2026") -> 249
A13: TRUE | B13: Setiembre | C13: =SUMIFS(Producción!G:G, Producción!$D:$D, ">=" & DATE(2026,9,1), Producción!$D:$D, "<=" & DATE(2026,9,30), Producción!$F:$F, 0) -> 21825.563 | D13: =SUMIFS(Producción!H:H, Producción!$D:$D, ">=" & DATE(2026,9,1), Producción!$D:$D, "<=" & DATE(2026,9,30), Producción!$F:$F, 0) -> 78321.373 | E13: =SUMIFS(Producción!I:I, Producción!$D:$D, ">=" & DATE(2026,9,1), Producción!$D:$D, "<=" & DATE(2026,9,30), Producción!$F:$F, 0) -> 2876.4472 | F13: =SUMIFS(Producción!J:J, Producción!$D:$D, ">=" & DATE(2026,9,1), Producción!$D:$D, "<=" & DATE(2026,9,30), Producción!$F:$F, 0) -> 3242.6871 | G13: =SUMIFS(Producción!K:K, Producción!$D:$D, ">=" & DATE(2026,9,1), Producción!$D:$D, "<=" & DATE(2026,9,30), Producción!$F:$F, 0) -> 0 | H13: =SUMIFS(Producción!L:L, Producción!$D:$D, ">=" & DATE(2026,9,1), Producción!$D:$D, "<=" & DATE(2026,9,30), Producción!$F:$F, 0) -> 1294.3904 | I13: =SUMIFS(Producción!M:M, Producción!$D:$D, ">=" & DATE(2026,9,1), Producción!$D:$D, "<=" & DATE(2026,9,30), Producción!$F:$F, 0) -> 2100.9436 | J13: =SUMIFS(Producción!N:N, Producción!$D:$D, ">=" & DATE(2026,9,1), Producción!$D:$D, "<=" & DATE(2026,9,30), Producción!$F:$F, 0) -> 481.34054 | K13: =SUMIFS(Producción!O:O, Producción!$D:$D, ">=" & DATE(2026,9,1), Producción!$D:$D, "<=" & DATE(2026,9,30), Producción!$F:$F, 0) -> 3932.4484 | L13: =SUMIFS(Producción!P:P, Producción!$D:$D, ">=" & DATE(2026,9,1), Producción!$D:$D, "<=" & DATE(2026,9,30), Producción!$F:$F, 0) -> 233.376 | M13: =SUMIFS(Producción!Q:Q, Producción!$D:$D, ">=" & DATE(2026,9,1), Producción!$D:$D, "<=" & DATE(2026,9,30), Producción!$F:$F, 0) -> 600.70114 | N13: =SUMIFS(Producción!R:R, Producción!$D:$D, ">=" & DATE(2026,9,1), Producción!$D:$D, "<=" & DATE(2026,9,30), Producción!$F:$F, 0) -> 0 | O13: =SUMIFS(Producción!S:S, Producción!$D:$D, ">=" & DATE(2026,9,1), Producción!$D:$D, "<=" & DATE(2026,9,30), Producción!$F:$F, 0) -> 0 | P13: =SUMIFS(Producción!T:T, Producción!$D:$D, ">=" & DATE(2026,9,1), Producción!$D:$D, "<=" & DATE(2026,9,30), Producción!$F:$F, 0) -> 0 | Q13: =SUMIFS(Producción!U:U, Producción!$D:$D, ">=" & DATE(2026,9,1), Producción!$D:$D, "<=" & DATE(2026,9,30), Producción!$F:$F, 0) -> 9.40756 | R13: =SUMIFS(Producción!V:V, Producción!$D:$D, ">=" & DATE(2026,9,1), Producción!$D:$D, "<=" & DATE(2026,9,30), Producción!$F:$F, 0) -> 32.791564 | S13: =SUMIFS(Producción!W:W, Producción!$D:$D, ">=" & DATE(2026,9,1), Producción!$D:$D, "<=" & DATE(2026,9,30), Producción!$F:$F, 0) -> 0 | T13: =SUMIFS(Producción!X:X, Producción!$D:$D, ">=" & DATE(2026,9,1), Producción!$D:$D, "<=" & DATE(2026,9,30), Producción!$F:$F, 0) -> 0 | U13: =SUMIFS(Cereal[N° SACOS], Cereal[PRODUCCIÓN], "", Cereal[FECHA], ">="&DATE(2026,9,1), Cereal[FECHA], "<="&DATE(2026,9,30)) + COUNTIFS(Cereal[PRODUCCIÓN], "", Cereal[FECHA], ">="&DATE(2026,9,1), Cereal[FECHA], "<="&DATE(2026,9,30)) -> 3022
A14: FALSE | B14: Octubre | C14: =SUMIFS(Producción!G:G, Producción!$D:$D, ">=" & DATE(2026,10,1), Producción!$D:$D, "<=" & DATE(2026,10,31), Producción!$F:$F, 0) -> 35154.822 | D14: =SUMIFS(Producción!H:H, Producción!$D:$D, ">=" & DATE(2026,10,1), Producción!$D:$D, "<=" & DATE(2026,10,31), Producción!$F:$F, 0) -> 113897.2 | E14: =SUMIFS(Producción!I:I, Producción!$D:$D, ">=" & DATE(2026,10,1), Producción!$D:$D, "<=" & DATE(2026,10,31), Producción!$F:$F, 0) -> 7620.9614 | F14: =SUMIFS(Producción!J:J, Producción!$D:$D, ">=" & DATE(2026,10,1), Producción!$D:$D, "<=" & DATE(2026,10,31), Producción!$F:$F, 0) -> 4391.6414 | G14: =SUMIFS(Producción!K:K, Producción!$D:$D, ">=" & DATE(2026,10,1), Producción!$D:$D, "<=" & DATE(2026,10,31), Producción!$F:$F, 0) -> 0 | H14: =SUMIFS(Producción!L:L, Producción!$D:$D, ">=" & DATE(2026,10,1), Producción!$D:$D, "<=" & DATE(2026,10,31), Producción!$F:$F, 0) -> 1524.7561 | I14: =SUMIFS(Producción!M:M, Producción!$D:$D, ">=" & DATE(2026,10,1), Producción!$D:$D, "<=" & DATE(2026,10,31), Producción!$F:$F, 0) -> 4764.3201 | J14: =SUMIFS(Producción!N:N, Producción!$D:$D, ">=" & DATE(2026,10,1), Producción!$D:$D, "<=" & DATE(2026,10,31), Producción!$F:$F, 0) -> 913.39486 | K14: =SUMIFS(Producción!O:O, Producción!$D:$D, ">=" & DATE(2026,10,1), Producción!$D:$D, "<=" & DATE(2026,10,31), Producción!$F:$F, 0) -> 22105.054 | L14: =SUMIFS(Producción!P:P, Producción!$D:$D, ">=" & DATE(2026,10,1), Producción!$D:$D, "<=" & DATE(2026,10,31), Producción!$F:$F, 0) -> 0 | M14: =SUMIFS(Producción!Q:Q, Producción!$D:$D, ">=" & DATE(2026,10,1), Producción!$D:$D, "<=" & DATE(2026,10,31), Producción!$F:$F, 0) -> 301.63426 | N14: =SUMIFS(Producción!R:R, Producción!$D:$D, ">=" & DATE(2026,10,1), Producción!$D:$D, "<=" & DATE(2026,10,31), Producción!$F:$F, 0) -> 0 | O14: =SUMIFS(Producción!S:S, Producción!$D:$D, ">=" & DATE(2026,10,1), Producción!$D:$D, "<=" & DATE(2026,10,31), Producción!$F:$F, 0) -> 0 | P14: =SUMIFS(Producción!T:T, Producción!$D:$D, ">=" & DATE(2026,10,1), Producción!$D:$D, "<=" & DATE(2026,10,31), Producción!$F:$F, 0) -> 5.616 | Q14: =SUMIFS(Producción!U:U, Producción!$D:$D, ">=" & DATE(2026,10,1), Producción!$D:$D, "<=" & DATE(2026,10,31), Producción!$F:$F, 0) -> 14.362548 | R14: =SUMIFS(Producción!V:V, Producción!$D:$D, ">=" & DATE(2026,10,1), Producción!$D:$D, "<=" & DATE(2026,10,31), Producción!$F:$F, 0) -> 20.55111 | S14: =SUMIFS(Producción!W:W, Producción!$D:$D, ">=" & DATE(2026,10,1), Producción!$D:$D, "<=" & DATE(2026,10,31), Producción!$F:$F, 0) -> 2.3943043 | T14: =SUMIFS(Producción!X:X, Producción!$D:$D, ">=" & DATE(2026,10,1), Producción!$D:$D, "<=" & DATE(2026,10,31), Producción!$F:$F, 0) -> 5.498736 | U14: =SUMIFS(Cereal[N° SACOS], Cereal[PRODUCCIÓN], "", Cereal[FECHA], ">="&DATE(2026,10,1), Cereal[FECHA], "<="&DATE(2026,10,31)) + COUNTIFS(Cereal[PRODUCCIÓN], "", Cereal[FECHA], ">="&DATE(2026,10,1), Cereal[FECHA], "<="&DATE(2026,10,31)) -> 4713
A15: FALSE | B15: Noviembre | C15: =SUMIFS(Producción!G:G, Producción!$D:$D, ">=" & DATE(2026,11,1), Producción!$D:$D, "<=" & DATE(2026,11,30), Producción!$F:$F, 0) -> 27025.576 | D15: =SUMIFS(Producción!H:H, Producción!$D:$D, ">=" & DATE(2026,11,1), Producción!$D:$D, "<=" & DATE(2026,11,30), Producción!$F:$F, 0) -> 81292.76 | E15: =SUMIFS(Producción!I:I, Producción!$D:$D, ">=" & DATE(2026,11,1), Producción!$D:$D, "<=" & DATE(2026,11,30), Producción!$F:$F, 0) -> 5078.7033 | F15: =SUMIFS(Producción!J:J, Producción!$D:$D, ">=" & DATE(2026,11,1), Producción!$D:$D, "<=" & DATE(2026,11,30), Producción!$F:$F, 0) -> 2848.7677 | G15: =SUMIFS(Producción!K:K, Producción!$D:$D, ">=" & DATE(2026,11,1), Producción!$D:$D, "<=" & DATE(2026,11,30), Producción!$F:$F, 0) -> 0 | H15: =SUMIFS(Producción!L:L, Producción!$D:$D, ">=" & DATE(2026,11,1), Producción!$D:$D, "<=" & DATE(2026,11,30), Producción!$F:$F, 0) -> 1501.3847 | I15: =SUMIFS(Producción!M:M, Producción!$D:$D, ">=" & DATE(2026,11,1), Producción!$D:$D, "<=" & DATE(2026,11,30), Producción!$F:$F, 0) -> 3687.1244 | J15: =SUMIFS(Producción!N:N, Producción!$D:$D, ">=" & DATE(2026,11,1), Producción!$D:$D, "<=" & DATE(2026,11,30), Producción!$F:$F, 0) -> 545.80502 | K15: =SUMIFS(Producción!O:O, Producción!$D:$D, ">=" & DATE(2026,11,1), Producción!$D:$D, "<=" & DATE(2026,11,30), Producción!$F:$F, 0) -> 15729.328 | L15: =SUMIFS(Producción!P:P, Producción!$D:$D, ">=" & DATE(2026,11,1), Producción!$D:$D, "<=" & DATE(2026,11,30), Producción!$F:$F, 0) -> 0 | M15: =SUMIFS(Producción!Q:Q, Producción!$D:$D, ">=" & DATE(2026,11,1), Producción!$D:$D, "<=" & DATE(2026,11,30), Producción!$F:$F, 0) -> 305.05168 | N15: =SUMIFS(Producción!R:R, Producción!$D:$D, ">=" & DATE(2026,11,1), Producción!$D:$D, "<=" & DATE(2026,11,30), Producción!$F:$F, 0) -> 0 | O15: =SUMIFS(Producción!S:S, Producción!$D:$D, ">=" & DATE(2026,11,1), Producción!$D:$D, "<=" & DATE(2026,11,30), Producción!$F:$F, 0) -> 0 | P15: =SUMIFS(Producción!T:T, Producción!$D:$D, ">=" & DATE(2026,11,1), Producción!$D:$D, "<=" & DATE(2026,11,30), Producción!$F:$F, 0) -> 0 | Q15: =SUMIFS(Producción!U:U, Producción!$D:$D, ">=" & DATE(2026,11,1), Producción!$D:$D, "<=" & DATE(2026,11,30), Producción!$F:$F, 0) -> 8.2691044 | R15: =SUMIFS(Producción!V:V, Producción!$D:$D, ">=" & DATE(2026,11,1), Producción!$D:$D, "<=" & DATE(2026,11,30), Producción!$F:$F, 0) -> 20.035302 | S15: =SUMIFS(Producción!W:W, Producción!$D:$D, ">=" & DATE(2026,11,1), Producción!$D:$D, "<=" & DATE(2026,11,30), Producción!$F:$F, 0) -> 2.395744 | T15: =SUMIFS(Producción!X:X, Producción!$D:$D, ">=" & DATE(2026,11,1), Producción!$D:$D, "<=" & DATE(2026,11,30), Producción!$F:$F, 0) -> 0 | U15: =SUMIFS(Cereal[N° SACOS], Cereal[PRODUCCIÓN], "", Cereal[FECHA], ">="&DATE(2026,11,1), Cereal[FECHA], "<="&DATE(2026,11,30)) + COUNTIFS(Cereal[PRODUCCIÓN], "", Cereal[FECHA], ">="&DATE(2026,11,1), Cereal[FECHA], "<="&DATE(2026,11,30)) -> 3541
A16: FALSE | B16: Diciembre | C16: =SUMIFS(Producción!G:G, Producción!$D:$D, ">=" & DATE(2026,12,1), Producción!$D:$D, "<=" & DATE(2026,12,31), Producción!$F:$F, 0) -> 5861.0122 | D16: =SUMIFS(Producción!H:H, Producción!$D:$D, ">=" & DATE(2026,12,1), Producción!$D:$D, "<=" & DATE(2026,12,31), Producción!$F:$F, 0) -> 16098.876 | E16: =SUMIFS(Producción!I:I, Producción!$D:$D, ">=" & DATE(2026,12,1), Producción!$D:$D, "<=" & DATE(2026,12,31), Producción!$F:$F, 0) -> 1078.2609 | F16: =SUMIFS(Producción!J:J, Producción!$D:$D, ">=" & DATE(2026,12,1), Producción!$D:$D, "<=" & DATE(2026,12,31), Producción!$F:$F, 0) -> 189.06436 | G16: =SUMIFS(Producción!K:K, Producción!$D:$D, ">=" & DATE(2026,12,1), Producción!$D:$D, "<=" & DATE(2026,12,31), Producción!$F:$F, 0) -> 0 | H16: =SUMIFS(Producción!L:L, Producción!$D:$D, ">=" & DATE(2026,12,1), Producción!$D:$D, "<=" & DATE(2026,12,31), Producción!$F:$F, 0) -> 0 | I16: =SUMIFS(Producción!M:M, Producción!$D:$D, ">=" & DATE(2026,12,1), Producción!$D:$D, "<=" & DATE(2026,12,31), Producción!$F:$F, 0) -> 1071.2769 | J16: =SUMIFS(Producción!N:N, Producción!$D:$D, ">=" & DATE(2026,12,1), Producción!$D:$D, "<=" & DATE(2026,12,31), Producción!$F:$F, 0) -> 0 | K16: =SUMIFS(Producción!O:O, Producción!$D:$D, ">=" & DATE(2026,12,1), Producción!$D:$D, "<=" & DATE(2026,12,31), Producción!$F:$F, 0) -> 675.64309 | L16: =SUMIFS(Producción!P:P, Producción!$D:$D, ">=" & DATE(2026,12,1), Producción!$D:$D, "<=" & DATE(2026,12,31), Producción!$F:$F, 0) -> 0 | M16: =SUMIFS(Producción!Q:Q, Producción!$D:$D, ">=" & DATE(2026,12,1), Producción!$D:$D, "<=" & DATE(2026,12,31), Producción!$F:$F, 0) -> 0 | N16: =SUMIFS(Producción!R:R, Producción!$D:$D, ">=" & DATE(2026,12,1), Producción!$D:$D, "<=" & DATE(2026,12,31), Producción!$F:$F, 0) -> 0 | O16: =SUMIFS(Producción!S:S, Producción!$D:$D, ">=" & DATE(2026,12,1), Producción!$D:$D, "<=" & DATE(2026,12,31), Producción!$F:$F, 0) -> 0 | P16: =SUMIFS(Producción!T:T, Producción!$D:$D, ">=" & DATE(2026,12,1), Producción!$D:$D, "<=" & DATE(2026,12,31), Producción!$F:$F, 0) -> 0 | Q16: =SUMIFS(Producción!U:U, Producción!$D:$D, ">=" & DATE(2026,12,1), Producción!$D:$D, "<=" & DATE(2026,12,31), Producción!$F:$F, 0) -> 0 | R16: =SUMIFS(Producción!V:V, Producción!$D:$D, ">=" & DATE(2026,12,1), Producción!$D:$D, "<=" & DATE(2026,12,31), Producción!$F:$F, 0) -> 0 | S16: =SUMIFS(Producción!W:W, Producción!$D:$D, ">=" & DATE(2026,12,1), Producción!$D:$D, "<=" & DATE(2026,12,31), Producción!$F:$F, 0) -> 0 | T16: =SUMIFS(Producción!X:X, Producción!$D:$D, ">=" & DATE(2026,12,1), Producción!$D:$D, "<=" & DATE(2026,12,31), Producción!$F:$F, 0) -> 0 | U16: =SUMIFS(Cereal[N° SACOS], Cereal[PRODUCCIÓN], "", Cereal[FECHA], ">="&DATE(2026,12,1), Cereal[FECHA], "<="&DATE(2026,12,31)) + COUNTIFS(Cereal[PRODUCCIÓN], "", Cereal[FECHA], ">="&DATE(2026,12,1), Cereal[FECHA], "<="&DATE(2026,12,31)) -> 629
B17: PROYECCIÓN | C17: =($A4*C4+$A5*C5+$A6*C6+$A7*C7+$A8*C8+$A9*C9+$A10*C10+$A11*C11+$A12*C12+$A13*C13+$A14*C14+$A15*C15+$A16*C16)*1.11 -> 25637.13 | D17: =$A4*D4+$A5*D5+$A6*D6+$A7*D7+$A8*D8+$A9*D9+$A10*D10+$A11*D11+$A12*D12+$A13*D13+$A14*D14+$A15*D15+$A16*D16 -> 81633.024 | E17: =$A4*E4+$A5*E5+$A6*E6+$A7*E7+$A8*E8+$A9*E9+$A10*E10+$A11*E11+$A12*E12+$A13*E13+$A14*E14+$A15*E15+$A16*E16 -> 2995.9986 | F17: =($A4*F4+$A5*F5+$A6*F6+$A7*F7+$A8*F8+$A9*F9+$A10*F10+$A11*F11+$A12*F12+$A13*F13+$A14*F14+$A15*F15+$A16*F16)*1.07 -> 3574.8408 | G17: =($A4*G4+$A5*G5+$A6*G6+$A7*G7+$A8*G8+$A9*G9+$A10*G10+$A11*G11+$A12*G12+$A13*G13+$A14*G14+$A15*G15+$A16*G16)*1.03 -> 0 | H17: =($A4*H4+$A5*H5+$A6*H6+$A7*H7+$A8*H8+$A9*H9+$A10*H10+$A11*H11+$A12*H12+$A13*H13+$A14*H14+$A15*H15+$A16*H16)*1.03 -> 1333.2221 | I17: =$A4*I4+$A5*I5+$A6*I6+$A7*I7+$A8*I8+$A9*I9+$A10*I10+$A11*I11+$A12*I12+$A13*I13+$A14*I14+$A15*I15+$A16*I16 -> 2353.7846 | J17: =$A4*J4+$A5*J5+$A6*J6+$A7*J7+$A8*J8+$A9*J9+$A10*J10+$A11*J11+$A12*J12+$A13*J13+$A14*J14+$A15*J15+$A16*J16 -> 481.34054 | K17: =$A4*K4+$A5*K5+$A6*K6+$A7*K7+$A8*K8+$A9*K9+$A10*K10+$A11*K11+$A12*K12+$A13*K13+$A14*K14+$A15*K15+$A16*K16 -> 5803.6548 | L17: =$A4*L4+$A5*L5+$A6*L6+$A7*L7+$A8*L8+$A9*L9+$A10*L10+$A11*L11+$A12*L12+$A13*L13+$A14*L14+$A15*L15+$A16*L16 -> 233.376 | M17: =$A4*M4+$A5*M5+$A6*M6+$A7*M7+$A8*M8+$A9*M9+$A10*M10+$A11*M11+$A12*M12+$A13*M13+$A14*M14+$A15*M15+$A16*M16 -> 600.70114 | N17: =$A4*N4+$A5*N5+$A6*N6+$A7*N7+$A8*N8+$A9*N9+$A10*N10+$A11*N11+$A12*N12+$A13*N13+$A14*N14+$A15*N15+$A16*N16 -> 0 | O17: =$A4*O4+$A5*O5+$A6*O6+$A7*O7+$A8*O8+$A9*O9+$A10*O10+$A11*O11+$A12*O12+$A13*O13+$A14*O14+$A15*O15+$A16*O16 -> 0 | P17: =$A4*P4+$A5*P5+$A6*P6+$A7*P7+$A8*P8+$A9*P9+$A10*P10+$A11*P11+$A12*P12+$A13*P13+$A14*P14+$A15*P15+$A16*P16 -> 0 | ... U17: =$A4*U4+$A5*U5+$A6*U6+$A7*U7+$A8*U8+$A9*U9+$A10*U10+$A11*U11+$A12*U12+$A13*U13+$A14*U14+$A15*U15+$A16*U16 -> 3271
B21: PROYECCIÓN 2026 | L21: PRODUCTO | M21: Cospan
B22: Mes | C22: Tarros | D22: Caja | E22: Unidad
A23: FALSE | B23: Adelanto | C23: =SUMIFS(Leche[N° LATAS], Leche[FECHA], ">=" & DATE(2025,12,1), Leche[FECHA], "<=" & DATE(2025,12,31), Leche[CONFIRMACIÓN], "") -> 0 | D23: =ROUNDDOWN(C23/48,0) -> 0 | E23: =C23-D23*48 -> 0 | L23: Total a producir en kg | N23: 400
A24: TRUE | B24: Enero | C24: =SUMIFS(Leche[N° LATAS], Leche[FECHA], ">=" & DATE(2026,1,1), Leche[FECHA], "<=" & DATE(2026,1,31), Leche[CONFIRMACIÓN], "") -> 0 | D24: =ROUNDDOWN(C24/48,0) -> 0 | E24: =C24-D24*48 -> 0 | L24: {=TRANSPOSE(_xlfn._xlws.FILTER(Formulas!C$1:T$1, _xlfn._xlws.FILTER(Formulas!C2:T201, Formulas!B2:B201=M21)>0))} -> Trigo | M24: {=TRANSPOSE(_xlfn._xlws.FILTER(_xlfn._xlws.FILTER(Formulas!C2:T201, Formulas!B2:B201=M21), _xlfn._xlws.FILTER(Formulas!C2:T201, Formulas!B2:B201=M21)>0))} -> 0.23483755 | N24: =$N$23*M24 -> 93.935018
A25: TRUE | B25: Febrero | C25: =SUMIFS(Leche[N° LATAS], Leche[FECHA], ">=" & DATE(2026,2,1), Leche[FECHA], "<=" & DATE(2026,2,28), Leche[CONFIRMACIÓN], "") -> 0 | D25: =ROUNDDOWN(C25/48,0) -> 0 | E25: =C25-D25*48 -> 0 | L25: Avena | M25: 0.65 | N25: =$N$23*M25 -> 260
A26: TRUE | B26: Marzo | C26: =SUMIFS(Leche[N° LATAS], Leche[FECHA], ">=" & DATE(2026,3,1), Leche[FECHA], "<=" & DATE(2026,3,31), Leche[CONFIRMACIÓN], "") -> 0 | D26: =ROUNDDOWN(C26/48,0) -> 0 | E26: =C26-D26*48 -> 0 | L26: Quinua | M26: 0.035018051 | N26: =$N$23*M26 -> 14.00722
A27: TRUE | B27: Abril | C27: =SUMIFS(Leche[N° LATAS], Leche[FECHA], ">=" & DATE(2026,4,1), Leche[FECHA], "<=" & DATE(2026,4,30), Leche[CONFIRMACIÓN], "") -> 0 | D27: =ROUNDDOWN(C27/48,0) -> 0 | E27: =C27-D27*48 -> 0 | L27: Soya | M27: 0.040072202 | N27: =$N$23*M27 -> 16.028881
A28: TRUE | B28: Mayo | C28: =SUMIFS(Leche[N° LATAS], Leche[FECHA], ">=" & DATE(2026,5,1), Leche[FECHA], "<=" & DATE(2026,5,31), Leche[CONFIRMACIÓN], "") -> 0 | D28: =ROUNDDOWN(C28/48,0) -> 0 | E28: =C28-D28*48 -> 0 | L28: Maca | M28: 0.040072202 | N28: =$N$23*M28 -> 16.028881
A29: TRUE | B29: Junio | C29: =SUMIFS(Leche[N° LATAS], Leche[FECHA], ">=" & DATE(2026,6,1), Leche[FECHA], "<=" & DATE(2026,6,30), Leche[CONFIRMACIÓN], "") -> 0 | D29: =ROUNDDOWN(C29/48,0) -> 0 | E29: =C29-D29*48 -> 0 | N29: =$N$23*M29 -> 0
A30: TRUE | B30: Julio | C30: =SUMIFS(Leche[N° LATAS], Leche[FECHA], ">=" & DATE(2026,7,1), Leche[FECHA], "<=" & DATE(2026,7,31), Leche[CONFIRMACIÓN], "") -> 0 | D30: =ROUNDDOWN(C30/48,0) -> 0 | E30: =C30-D30*48 -> 0 | N30: =$N$23*M30 -> 0
A31: TRUE | B31: Agosto | C31: =SUMIFS(Leche[N° LATAS], Leche[FECHA], ">=" & DATE(2026,8,1), Leche[FECHA], "<=" & DATE(2026,8,31), Leche[CONFIRMACIÓN], "") -> 2190 | D31: =ROUNDDOWN(C31/48,0) -> 45 | E31: =C31-D31*48 -> 30 | N31: =$N$23*M31 -> 0
A32: TRUE | B32: Setiembre | C32: =SUMIFS(Leche[N° LATAS], Leche[FECHA], ">=" & DATE(2026,9,1), Leche[FECHA], "<=" & DATE(2026,9,30), Leche[CONFIRMACIÓN], "") -> 93261.95 | D32: =ROUNDDOWN(C32/48,0) -> 1942 | E32: =C32-D32*48 -> 45.95
A33: FALSE | B33: Octubre | C33: =SUMIFS(Leche[N° LATAS], Leche[FECHA], ">=" & DATE(2026,10,1), Leche[FECHA], "<=" & DATE(2026,10,31), Leche[CONFIRMACIÓN], "") -> 151506 | D33: =ROUNDDOWN(C33/48,0) -> 3156 | E33: =C33-D33*48 -> 18
A34: FALSE | B34: Noviembre | C34: =SUMIFS(Leche[N° LATAS], Leche[FECHA], ">=" & DATE(2026,11,1), Leche[FECHA], "<=" & DATE(2026,11,30), Leche[CONFIRMACIÓN], "") -> 91197.95 | D34: =ROUNDDOWN(C34/48,0) -> 1899 | E34: =C34-D34*48 -> 45.95
A35: FALSE | B35: Diciembre | C35: =SUMIFS(Leche[N° LATAS], Leche[FECHA], ">=" & DATE(2026,12,1), Leche[FECHA], "<=" & DATE(2026,12,31), Leche[CONFIRMACIÓN], "") -> 59938 | D35: =ROUNDDOWN(C35/48,0) -> 1248 | E35: =C35-D35*48 -> 34
B36: PROYECCIÓN | C36: =A23*C23+A24*C24+A25*C25+A26*C26+A27*C27+A28*C28+A29*C29+A30*C30+A31*C31+A32*C32+A33*C33+A34*C34+A35*C35 -> 95451.95 | D36: =ROUNDDOWN(C36/48,0) -> 1988 | E36: =C36-D36*48 -> 27.95

Sheet Formulas
B1: CLIENTE | C1: Trigo | D1: Avena | E1: Quinua | F1: Soya | G1: Maiz pollo | H1: Maiz Chufla | I1: Maca | J1: Leche en Polvo | K1: Azucar | L1: Quinua Qaliwarma | M1: Kiwicha | N1: Cocoa | O1: Sorbato | P1: S. Canela | Q1: S. Leche | R1: S. Platano | S1: S. Vainilla | T1: S. Lucuma
B2: Agua Blanca | C2: =490/2450 -> 0.2 | D2: =1666/2450 -> 0.68 | E2: =98/2450 -> 0.04 | F2: =98/2450 -> 0.04 | I2: =98/2450 -> 0.04
B3: Alto Biavo | C3: =80/400 -> 0.2 | D3: =128/400 -> 0.32 | E3: =16/400 -> 0.04 | I3: =20/400 -> 0.05 | K3: =156/400 -> 0.39
B4: Alto Trujillo | C4: =535/2970 -> 0.18013468 | D4: =2227/2970 -> 0.74983165 | E4: =208/2970 -> 0.07003367
B5: Ascope | C5: =280/1868 -> 0.14989293 | D5: =709/1868 -> 0.37955032 | E5: =75/1868 -> 0.040149893 | F5: =75/1868 -> 0.040149893 | I5: =75/1868 -> 0.040149893 | K5: =654/1868 -> 0.35010707
B6: Asuncion | C6: =1870/9350 -> 0.2 | D6: =6496/9350 -> 0.69475936 | E6: =328/9350 -> 0.035080214 | F6: =328/9350 -> 0.035080214 | I6: =328/9350 -> 0.035080214
B7: Asuncion - Chacas | C7: =80/400 -> 0.2 | D7: =276/400 -> 0.69 | E7: =24/400 -> 0.06 | I7: =20/400 -> 0.05
B8: Barranquita | C8: =144/802 -> 0.17955112 | D8: =269/802 -> 0.33541147 | E8: =28/802 -> 0.034912718 | F8: =28/802 -> 0.034912718 | I8: =28/802 -> 0.034912718 | K8: =305/802 -> 0.38029925
B9: Buenaventura | C9: =75/400 -> 0.1875 | D9: =169/400 -> 0.4225 | E9: =16/400 -> 0.04 | K9: =140/400 -> 0.35
B10: Buenavista | C10: =270/1350 -> 0.2 | D10: =958/1350 -> 0.70962963 | E10: =68/1350 -> 0.05037037 | H10: =54/1350 -> 0.04
B11: Caceres | C11: =684/3420 -> 0.2 | D11: =2462/3420 -> 0.71988304 | E11: =137/3420 -> 0.04005848 | H11: =137/3420 -> 0.04005848
B12: Cachachi | C12: 0.1435 | D12: 0.42 | E12: 0.03 | F12: 0.0283 | I12: 0.0283 | K12: 0.35
B13: Cajabamba | C13: =757/2914 -> 0.25978037 | D13: =1953/2914 -> 0.67021277 | E13: =204/2914 -> 0.070006863
B14: Cajabamba Leche | C14: =2184/9494 -> 0.23004003 | D14: =6370/9494 -> 0.67095007 | F14: =380/9494 -> 0.040025279 | J14: =550/9494 -> 0.057931325 | Q14: 0.001
B15: Cajamarca Rur | C15: =16773/64510 -> 0.2600062 | D15: =39351/64510 -> 0.60999845 | E15: =3226/64510 -> 0.050007751 | H15: =2580/64510 -> 0.039993799 | I15: =2580/64510 -> 0.039993799
B16: Cajamarca Urb | C16: =2235/8930 -> 0.25027996 | D16: =5089/8930 -> 0.56987682 | E16: =535/8930 -> 0.059910414 | F16: =357/8930 -> 0.039977604 | H16: =357/8930 -> 0.039977604 | I16: =357/8930 -> 0.039977604
B17: Cajamarca Urb - 2025 | C17: =4394/16900 -> 0.26 | D17: =10731/16900 -> 0.63497041 | E17: =1014/16900 -> 0.06 | H17: =761/16900 -> 0.045029586
B18: Cajatambo | C18: =80/400 -> 0.2 | D18: =276/400 -> 0.69 | E18: =24/400 -> 0.06 | I18: =20/400 -> 0.05
B19: Camporredondo | C19: =376/400 -> 0.94 | E19: =24/400 -> 0.06
B20: Carabamba | C20: =289/1607 -> 0.17983821 | D20: =1037/1607 -> 0.6453018 | E20: =64/1607 -> 0.039825762 | F20: =64/1607 -> 0.039825762 | I20: =64/1607 -> 0.039825762 | J20: =89/1607 -> 0.055382701 | Q20: 0.001
B21: Carabamba1 | C21: =60/400 -> 0.15 | D21: =170/400 -> 0.425 | E21: =16/400 -> 0.04 | F21: =16/400 -> 0.04 | I21: =16/400 -> 0.04 | J21: =22/400 -> 0.055 | K21: =100/400 -> 0.25 | Q21: 0.001
B22: Carhuaz | C22: =318/1590 -> 0.2 | D22: =1080/1590 -> 0.67924528 | E22: =96/1590 -> 0.060377358 | F22: =96/1590 -> 0.060377358
B23: Casa Grande | C23: 0.1904 | D23: 0.75 | E23: 0.0596
B24: Catilluc | C24: =401/2867 -> 0.13986746 | D24: =1204/2867 -> 0.41995117 | E24: =172/2867 -> 0.059993024 | F24: =115/2867 -> 0.040111615 | I24: =115/2867 -> 0.040111615 | K24: =860/2867 -> 0.29996512
B25: Chao | C25: 0.2148 | D25: 0.6757 | E25: 0.0299 | F25: 0.0398 | I25: 0.0398
B26: Chetilla | C26: =460/4385 -> 0.10490308 | D26: =1821/4385 -> 0.41527936 | E26: =263/4385 -> 0.059977195 | F26: =175/4385 -> 0.03990878 | K26: =1666/4385 -> 0.37993158
B27: Chiclayo | C27: =8592/30685 -> 0.28000652 | D27: =18411/30685 -> 0.6 | E27: =1841/30685 -> 0.059996741 | I27: =1841/30685 -> 0.059996741
B28: Chiclayo1 | C28: 0.26 | D28: 0.65 | E28: =358/8952 -> 0.039991063 | I28: 0.05
B29: Chilete | C29: =466/2331 -> 0.1999142 | D29: =1586/2331 -> 0.68039468 | E29: =93/2331 -> 0.03989704 | F29: =93/2331 -> 0.03989704 | I29: =93/2331 -> 0.03989704
B30: Chiliquin | C30: =95/476 -> 0.19957983 | D30: =331/476 -> 0.69537815 | E30: =26/476 -> 0.054621849 | I30: =24/476 -> 0.050420168
B31: Chimban | C31: =80/400 -> 0.2 | D31: =274/400 -> 0.685 | E31: =14/400 -> 0.035 | F31: =16/400 -> 0.04 | I31: =16/400 -> 0.04
B32: Chocope | C32: 0.15 | D32: 0.73 | E32: 0.04 | F32: 0.04 | I32: 0.04
B33: Chongoyape | C33: =189/1673 -> 0.11297071 | D33: =705/1673 -> 0.42139868 | E33: =59/1673 -> 0.035265989 | F33: =67/1673 -> 0.040047818 | I33: =67/1673 -> 0.040047818 | K33: =586/1673 -> 0.35026898
B34: Choropampa | C34: =50/400 -> 0.125 | D34: =314/400 -> 0.785 | F34: =18/400 -> 0.045 | I34: =18/400 -> 0.045
B35: Cochabamba | C35: =221/1107 -> 0.19963866 | D35: =765/1107 -> 0.69105691 | E35: =44/1107 -> 0.039747064 | H35: =33/1107 -> 0.029810298 | I35: =44/1107 -> 0.039747064
B36: Cochan | C36: =80/400 -> 0.2 | D36: =272/400 -> 0.68 | E36: =16/400 -> 0.04 | F36: =16/400 -> 0.04 | I36: =16/400 -> 0.04
B37: Coishco | C37: =384/1922 -> 0.19979188 | D37: =1307/1922 -> 0.68002081 | E37: =77/1922 -> 0.040062435 | F37: =77/1922 -> 0.040062435 | I37: =77/1922 -> 0.040062435
B38: Colcamar | C38: =187.5/400 -> 0.46875 | D38: =187.5/400 -> 0.46875 | E38: =24/400 -> 0.06 | R38: 0.001
B39: Condebamba | C39: =524/3803 -> 0.13778596 | D39: =1607/3803 -> 0.42256114 | E39: =171/3803 -> 0.044964502 | F39: =85/3803 -> 0.022350776 | I39: =85/3803 -> 0.022350776 | K39: =1331/3803 -> 0.34998685
B40: Copallin | C40: =118/1005 -> 0.11741294 | D40: =405/1005 -> 0.40298507 | E40: =50/1005 -> 0.049751244 | F40: =50/1005 -> 0.049751244 | K40: =382/1005 -> 0.3800995
B41: Cospan | C41: =1301/5540 -> 0.23483755 | D41: =3601/5540 -> 0.65 | E41: =194/5540 -> 0.035018051 | F41: =222/5540 -> 0.040072202 | I41: =222/5540 -> 0.040072202
B42: El Prado | C42: =662/3312 -> 0.19987923 | D42: =2254/3312 -> 0.68055556 | E42: =132/3312 -> 0.039855072 | H42: =132/3312 -> 0.039855072 | I42: =132/3312 -> 0.039855072
B43: Encañada | C43: =4200/21000 -> 0.2 | D43: =14920/21000 -> 0.71047619 | E43: =840/21000 -> 0.04 | I43: =840/21000 -> 0.04 | N43: =200/21000 -> 0.0095238095
B44: Enha 1 | C44: =24/120 -> 0.2 | D44: =96/120 -> 0.8
B45: Enha 2 | C45: =157/336 -> 0.4672619 | D45: =156/336 -> 0.46428571 | E45: =19/336 -> 0.056547619 | R45: =4/336 -> 0.011904762
B46: Enha 3 | C46: =208/1039 -> 0.20019249 | D46: =700/1039 -> 0.67372474 | E46: =51/1039 -> 0.049085659 | F46: =40/1039 -> 0.038498556 | I46: =40/1039 -> 0.038498556
B47: Enha 4 | C47: =36/180 -> 0.2 | D47: =135/180 -> 0.75 | E47: =9/180 -> 0.05
B48: Enha 5 | C48: =119/790 -> 0.15063291 | D48: =332/790 -> 0.42025316 | E48: =31/790 -> 0.039240506 | I48: =31/790 -> 0.039240506 | K48: =277/790 -> 0.35063291
B49: Enha 6 | C49: =95/476 -> 0.19957983 | D49: =343/476 -> 0.72058824 | E49: =17/476 -> 0.035714286 | I49: =21/476 -> 0.044117647
B50: Florencia de Mora | C50: =423/2117 -> 0.19981105 | D50: =1567/2117 -> 0.74019839 | E50: =127/2117 -> 0.059990553
B51: Florida | C51: =80/400 -> 0.2 | D51: =266/400 -> 0.665 | E51: =18/400 -> 0.045 | F51: =18/400 -> 0.045 | I51: =18/400 -> 0.045
B52: Gregorio Pita | C52: =21.4/400 -> 0.0535 | D52: =166.1/400 -> 0.41525 | E52: =20/400 -> 0.05 | I52: =16/400 -> 0.04 | J52: =24/400 -> 0.06 | K52: =152/400 -> 0.38 | Q52: =0.4/400 -> 0.001
B53: Guadalupito | C53: 0.1998 | D53: 0.6609 | E53: 0.0397 | I53: 0.0397 | J53: 0.0599 | Q53: 0.001
B54: Huabal | C54: =574/2866 -> 0.20027913 | D54: =1965/2866 -> 0.68562456 | E54: =109/2866 -> 0.0380321 | F54: =109/2866 -> 0.0380321 | I54: =109/2866 -> 0.0380321
B55: Hualgayoc | C55: =2362/11808 -> 0.20003388 | D55: =7731/11808 -> 0.65472561 | E55: =355/11808 -> 0.030064363 | F55: =355/11808 -> 0.030064363 | I55: =355/11808 -> 0.030064363 | J55: =650/11808 -> 0.055047425 | Q55: 0.001
B56: Huamachuco | C56: =576/4607 -> 0.12502713 | D56: =1705/4607 -> 0.370089 | E56: =207/4607 -> 0.044931626 | F56: =207/4607 -> 0.044931626 | I56: =207/4607 -> 0.044931626 | K56: =1705/4607 -> 0.370089
B57: Huambo | C57: =483/2416 -> 0.19991722 | D57: =1645/2416 -> 0.68087748 | E57: =96/2416 -> 0.039735099 | F57: =96/2416 -> 0.039735099 | I57: =96/2416 -> 0.039735099
B58: Huancas | C58: 0.47 | D58: 0.47 | E58: 0.055 | R58: 0.0014
B59: Huaranchal | C59: =533/2664 -> 0.20007508 | D59: =1944/2664 -> 0.72972973 | E59: =133/2664 -> 0.049924925 | I59: =54/2664 -> 0.02027027
B60: Huarango | C60: =2224/11119 -> 0.20001799 | D60: =8105/11119 -> 0.72893246 | E60: =334/11119 -> 0.030038673 | H60: =444/11119 -> 0.039931649 | R60: =2/1892 -> 0.0010570825
B61: Huaso | C61: =148/1378 -> 0.10740203 | D61: =582/1378 -> 0.42235123 | E61: =55/1378 -> 0.039912917 | F61: =55/1378 -> 0.039912917 | I61: =55/1378 -> 0.039912917 | K61: =483/1378 -> 0.35050798
B62: Huaso (azucar) | K62: 1
B63: Huayllabamba | C63: =80/400 -> 0.2 | D63: =300/400 -> 0.75 | E63: =20/400 -> 0.05
B64: Ichocan | C64: =34.2/400 -> 0.0855 | D64: =168.7/400 -> 0.42175 | F64: =15.4/400 -> 0.0385 | I64: =15.4/400 -> 0.0385 | J64: =25.8/400 -> 0.0645 | K64: =140.4/400 -> 0.351 | Q64: 0.001
B65: IMPERIUM | C65: 0.2 | D65: 0.72 | E65: 0.04 | I65: 0.04
B66: IMPERIUM 2 | C66: 0.47222222 | D66: 0.47222222 | I66: =20/360 -> 0.055555556
B67: Imperium Plt | C67: =45/228 -> 0.19736842 | D67: =155/228 -> 0.67982456 | E67: =10/228 -> 0.043859649 | F67: =9/228 -> 0.039473684 | I67: =9/228 -> 0.039473684 | R67: 0.001
B68: Ingenio | C68: =80/400 -> 0.2 | D68: =292/400 -> 0.73 | E68: =28/400 -> 0.07
B69: Jesus | C69: =839/3813 -> 0.22003672 | D69: =2476/3813 -> 0.64935746 | E69: =153/3813 -> 0.040125885 | F69: =115/3813 -> 0.030159979 | H69: =115/3813 -> 0.030159979 | I69: =115/3813 -> 0.030159979
B70: Jose Manuel Quiroz | C70: =404/2130 -> 0.18967136 | D70: =1511/2130 -> 0.70938967 | E70: =85/2130 -> 0.039906103 | I70: =128/2130 -> 0.060093897
B71: Jose Sabogal | C71: 0.15 | D71: 0.305 | E71: 0.04 | F71: 0.04 | J71: 0.065 | K71: 0.4
B72: La Banda de Shilcayo | C72: =158/1432 -> 0.1103352 | D72: =571/1432 -> 0.39874302 | E72: =43/1432 -> 0.030027933 | F72: =43/1432 -> 0.030027933 | I72: =43/1432 -> 0.030027933 | K72: =574/1432 -> 0.40083799
B73: La Esperanza | C73: 0.23 | D73: 0.42 | E73: 0.05 | K73: =1795/5983 -> 0.30001671
B74: La Florida | C74: 0.1993 | D74: 0.67977 | E74: 0.04027 | F74: 0.04027 | I74: 0.04027
B75: Llacanora | C75: 0.2594 | D75: 0.6197 | E75: 0.0305 | H75: 0.0399 | I75: 0.0505
B76: Llama | C76: =289/1930 -> 0.14974093 | D76: =763/1930 -> 0.39533679 | E76: =67.5/1930 -> 0.034974093 | F76: =67.5/1930 -> 0.034974093 | I76: =67.5/1930 -> 0.034974093 | K76: =676/1930 -> 0.35025907
B77: Longotea | C77: =48/400 -> 0.12 | D77: =162.2/400 -> 0.4055 | E77: =10/400 -> 0.025 | F77: =10/400 -> 0.025 | I77: =10/400 -> 0.025 | J77: =20/400 -> 0.05 | K77: =139.7/400 -> 0.34925 | Q77: 0.001
B78: Longuita | C78: =36/180 -> 0.2 | D78: =129/180 -> 0.71666667 | E78: =7/180 -> 0.038888889 | I78: =8/180 -> 0.044444444
B79: Luya | C79: =80/400 -> 0.2 | D79: =288/400 -> 0.72 | E79: =16/400 -> 0.04 | I79: =16/400 -> 0.04
B80: Luya Az | C80: =241/1605 -> 0.15015576 | D80: =674/1605 -> 0.41993769 | E80: =64/1605 -> 0.039875389 | I80: =64/1605 -> 0.039875389 | K80: =562/1605 -> 0.35015576
B81: Macate | C81: =80/400 -> 0.2 | D81: =280/400 -> 0.7 | E81: =20/400 -> 0.05 | I81: =20/400 -> 0.05
B82: Magdalena | C82: =2244/8064 -> 0.27827381 | D82: =5095/8064 -> 0.63182044 | E82: =403/8064 -> 0.049975198 | F82: =323/8064 -> 0.040054563
B83: Magdalena de Cao | C83: =95/364 -> 0.26098901 | D83: =240/364 -> 0.65934066 | E83: =15/364 -> 0.041208791 | F83: =15/364 -> 0.041208791
B84: Mancos | C84: =170/850 -> 0.2 | D84: =620/850 -> 0.72941176 | E84: =60/850 -> 0.070588235
B85: Manseriche | C85: 0.1699 | D85: 0.3603 | E85: 0.0397 | F85: 0.0397 | I85: 0.0404 | K85: 0.35
B86: Marcabal | C86: 0.0975 | D86: 0.4225 | F86: 0.0399 | I86: 0.0399 | K86: 0.3499 | M86: 0.05
B87: Marcara | C87: =80/400 -> 0.2 | D87: =292/400 -> 0.73 | E87: =28/400 -> 0.07
B88: Marcara1 | C88: =80/400 -> 0.2 | D88: 0.71 | E88: =24/400 -> 0.06 | I88: =12/400 -> 0.03
B89: Matara | C89: 0.1752 | D89: 0.7 | E89: 0.0552 | F89: 0.0396 | I89: 0.03
B90: Morales | C90: =200/1430 -> 0.13986014 | D90: =580/1430 -> 0.40559441 | E90: =50/1430 -> 0.034965035 | F90: =50/1430 -> 0.034965035 | I90: =50/1430 -> 0.034965035 | K90: =500/1430 -> 0.34965035
B91: Moyobamba | C91: =1368/9118 -> 0.1500329 | D91: =3637/9118 -> 0.39888133 | F91: =182/9118 -> 0.019960518 | I91: =456/9118 -> 0.050010967 | K91: =3465/9118 -> 0.38001755 | R91: =10/9118 -> 0.0010967317
B92: Namballe | C92: =1288/6439 -> 0.20003106 | D92: =4765/6439 -> 0.74002174 | E92: =386/6439 -> 0.059947197
B93: Namora | C93: =930/4648 -> 0.20008606 | D93: =3254/4648 -> 0.70008606 | E93: =232/4648 -> 0.049913941 | H93: =232/4648 -> 0.049913941
B94: Nueva Arica | C94: =120/596 -> 0.20134228 | D94: =416/596 -> 0.69798658 | E94: =30/596 -> 0.05033557 | F94: =30/596 -> 0.05033557
B95: Nueva Cajamarca | C95: =1330/6653 -> 0.19990982 | D95: =2661/6653 -> 0.39996994 | E95: =333/6653 -> 0.050052608 | K95: =2329/6653 -> 0.35006764
B96: Olleros | C96: =200/998 -> 0.2004008 | D96: =698/998 -> 0.6993988 | E96: =50/998 -> 0.0501002 | I96: =50/998 -> 0.0501002
B97: Olmos | C97: =463/5788 -> 0.079993089 | D97: =4450/5788 -> 0.76883207 | E97: =232/5788 -> 0.04008293 | F97: =232/5788 -> 0.04008293 | J97: =405/5788 -> 0.069972357 | Q97: 0.001
B98: Organos | C98: =506/1875 -> 0.26986667 | D98: =1256/1875 -> 0.66986667 | E98: =113/1875 -> 0.060266667
B99: Pisuquia | C99: =80/400 -> 0.2 | D99: =286/400 -> 0.715 | E99: =16/400 -> 0.04 | I99: =18/400 -> 0.045
B100: Pomahuaca | C100: =234/1168 -> 0.20034247 | D100: =818/1168 -> 0.70034247 | E100: =58/1168 -> 0.049657534 | F100: =58/1168 -> 0.049657534
...

Sheet Pendientes
B2: Entregas | D2: Octubre | H2: =MONTH(1&D2) -> 10 | J2: Entregas | N2: Setiembre | S2: =MONTH(1&N2) -> 9
B3: LECHE | J3: CEREAL
B4: MUNICIPALIDAD | C4: MES | D4: FECHA | E4: N° LATAS | F4: TOTAL CAJAS | G4: UNIDADES | J4: MUNICIPALIDAD | K4: MES | L4: FECHA | M4: N° BOLSAS | N4: KG BOLSA | O4: TOTAL (KG) | P4: CAP. SACOS | Q4: N° SACOS | R4: UNIDADES
B5: {=_xlfn._xlws.FILTER(Leche[MUNICIPALIDAD]:Leche[UNIDADES],(MONTH(Leche[FECHA])=$H$2)*(YEAR(Leche[FECHA])=2026)*(Leche[CONFIRMACIÓN]=""))} -> Agua Blanca | C5: Diciembre | D5: 46322 | E5: 640 | F5: 13 | G5: 16 | J5: {=_xlfn._xlws.FILTER(Cereal[MUNICIPALIDAD]:Cereal[UNIDADES], (MONTH(Cereal[FECHA])<=S2) * (YEAR(Cereal[FECHA])=2026) * (Cereal[ENVASADO]=""))} -> Asuncion - Chacas | K5: Octubre / Noviembre / Diciembre | L5: 46290 | M5: 3051 | N5: 0.5 | O5: 1525.5 | P5: 80 | Q5: 38 | R5: 11
B6: Agua Blanca | C6: Noviembre | D6: 46322 | E6: 640 | F6: 13 | G6: 16 | J6: Buenavista | K6: Octubre / Noviembre / Diciembre | L6: 46295 | M6: 1350 | N6: 1 | O6: 1350 | P6: 40 | Q6: 33 | R6: 30
B7: Alto Biavo | C7: Noviembre | D7: 46310 | E7: 1033 | F7: 21 | G7: 25 | J7: Cajabamba | K7: Diciembre | L7: 46279 | M7: 1012.86 | N7: 1 | O7: 1012.86 | P7: 40 | Q7: 25 | R7: 12.86
B8: Alto Biavo | C8: Diciembre | D8: 46310 | E8: 1068 | F8: 22 | G8: 12 | J8: Cajabamba Leche | K8: Diciembre | L8: 46279 | M8: 3269.81 | N8: 1 | O8: 3269.81 | P8: 40 | Q8: 81 | R8: 29.81
B9: Alto Trujillo | C9: Noviembre | D9: 46326 | E9: 4680 | F9: 97 | G9: 24 | J9: Chetilla | K9: Octubre / Noviembre / Diciembre | L9: 46295 | M9: 2550 | N9: 1.72 | O9: 4386 | P9: 25 | Q9: 102 | R9: 0
B10: Barranquita | C10: Noviembre | D10: 46315 | E10: 1240 | F10: 25 | G10: 40 | J10: Chiclayo1 | K10: Octubre | L10: 46293 | M10: 8951.25 | N10: 1 | O10: 8951.25 | P10: 40 | Q10: 223 | R10: 31.25
B11: Barranquita | C11: Diciembre | D11: 46315 | E11: 1280 | F11: 26 | G11: 32 | J11: Chiliquin | K11: O.C. | L11: 46274 | M11: 485 | N11: 1 | O11: 485 | P11: 40 | Q11: 12 | R11: 5
B12: Buenavista | C12: Octubre / Noviembre / Diciembre | D12: 46300 | E12: 2700 | F12: 56 | G12: 12 | J12: Chimban | K12: Octubre / Noviembre / Diciembre | L12: 46295 | M12: 1049 | N12: 1.29 | O12: 1353.21 | P12: 35 | Q12: 29 | R12: 34
B13: Caceres | C13: Noviembre | D13: 46322 | E13: 1710 | F13: 35 | G13: 30 | J13: Cochabamba | K13: O.C. | L13: 46275 | M13: 404 | N13: 1.2226 | O13: 493.9304 | P13: 35 | Q13: 11 | R13: 19
B14: Caceres | C14: Diciembre | D14: 46322 | E14: 1710 | F14: 35 | G14: 30 | J14: Cochabamba | K14: Octubre / Noviembre / Diciembre | L14: 46295 | M14: 1212 | N14: 0.91283 | O14: 1106.35 | P14: 45 | Q14: 26 | R14: 42
B15: Cachachi | C15: Noviembre | D15: 46317 | E15: 6500 | F15: 135 | G15: 20 | J15: Cochan | K15: Octubre / Noviembre / Diciembre | L15: 46295 | M15: 1977 | N15: 1.71117 | O15: 3382.9831 | P15: 25 | Q15: 79 | R15: 2
B16: Casa Grande | C16: Noviembre | D16: 46300 | E16: 3381 | F16: 70 | G16: 21 | J16: Copallin | K16: Noviembre / Diciembre | L16: 46268 | M16: 1256 | N16: 0.8 | O16: 1004.8 | P16: 50 | Q16: 25 | R16: 6
B17: Chocope | C17: Noviembre | D17: 46318 | E17: 1010 | F17: 21 | G17: 2 | J17: Coris | K17: O.C. | L17: 46295 | M17: 875 | N17: 1.5 | O17: 1312.5 | P17: 30 | Q17: 29 | R17: 5
... B57: Zapatero | C57: Noviembre | D57: 46315 | E57: 1441 | F57: 30 | G57: 1 | J57: Trujillo | K57: Octubre | L57: 46266 | M57: 10454 | N57: 1 | O57: 10454 | P57: 40 | Q57: 261 | R57: 14
J58: Tumbaden | K58: Octubre / Noviembre / Diciembre | L58: 46293 | M58: 6898.918 | N58: 0.5 | O58: 3449.459 | P58: 80 | Q58: 86 | R58: 18.918
J59: Yautan | K59: Octubre / Noviembre / Diciembre | L59: 46295 | M59: 1989 | N59: 1.5 | O59: 2983.5 | P59: 30 | Q59: 66 | R59: 9
B60: TOTAL | E60: =SUM(E5:E59) -> 151506 | F60: =ROUNDDOWN(E60/48,0) -> 3156 | G60: =E60-F60*48 -> 18
C64: RESUMEN LECHE
C65: Pedidos por entregar | D65: =F60 -> 3156
C66: Stock en Almacen | D66: =Almacen!C3/48 -> 2351.5365
C67: Leche pagada para recoger | D67: =225 -> 225
C68: FALTA COMPRAR | D68: =(D65-D66-D67) -> 579.46354

Sheet Entregado
B2: Entregas | D2: Setiembre | H2: =MONTH(1&D2) -> 9 | J2: Procesado | N2: Setiembre | S2: =MONTH(1&N2) -> 9
B3: LECHE | J3: CEREAL
B4: MUNICIPALIDAD | C4: MES | D4: FECHA | E4: N° LATAS | F4: TOTAL CAJAS | G4: UNIDADES | J4: MUNICIPALIDAD | K4: MES | L4: FECHA | M4: N° BOLSAS | N4: KG BOLSA | O4: TOTAL (KG) | P4: CAP. SACOS | Q4: N° SACOS | R4: UNIDADES
B5: {=_xlfn._xlws.FILTER(Leche[MUNICIPALIDAD]:Leche[ENTREGA],(MONTH(Leche[ENTREGA])=H2)*(YEAR(Leche[ENTREGA])=2026))} -> #VALUE! | J5: {=_xlfn._xlws.FILTER(Cereal[MUNICIPALIDAD]:Cereal[UNIDADES], (MONTH(Cereal[PRODUCCIÓN])=S2) * (YEAR(Cereal[PRODUCCIÓN])=2026))} -> Alto Trujillo | K5: Octubre | L5: 46295 | M5: 3120 | N5: 0.95146 | O5: 2968.5552 | P5: 40 | Q5: 78 | R5: 0
J6: Ascope | K6: Octubre / Noviembre / Diciembre | L6: 46280 | M6: 2400 | N6: 0.778 | O6: 1867.2 | P6: 60 | Q6: 40 | R6: 0
J7: Cachachi | K7: Octubre | L7: 46290 | M7: 6500 | N7: 0.8 | O7: 5200 | P7: 50 | Q7: 130 | R7: 0
J8: Cajabamba | K8: Octubre | L8: 46279 | M8: 1012.86 | N8: 1 | O8: 1012.86 | P8: 40 | Q8: 25 | R8: 12.86
J9: Cajabamba | K9: Noviembre | L9: 46279 | M9: 980.18 | N9: 1 | O9: 980.18 | P9: 40 | Q9: 24 | R9: 20.18
J10: Cajabamba Leche | K10: Octubre | L10: 46279 | M10: 3269.81 | N10: 1 | O10: 3269.81 | P10: 40 | Q10: 81 | R10: 29.81
J11: Cajabamba Leche | K11: Noviembre | L11: 46279 | M11: 3164.33 | N11: 1 | O11: 3164.33 | P11: 40 | Q11: 79 | R11: 4.33
J12: Cajamarca Rur | K12: Septiembre | L12: 46266 | M12: 4455 | N12: 2.4 | O12: 10692 | P12: 18 | Q12: 247 | R12: 9
J13: Cajamarca Rur | K13: Octubre | L13: 46266 | M13: 4455 | N13: 2.48 | O13: 11048.4 | P13: 18 | Q13: 247 | R13: 9
J14: Cajamarca Urb | K14: Setiembre | L14: 46266 | M14: 2500 | N14: 1.8162 | O14: 4540.5 | P14: 25 | Q14: 100 | R14: 0
J15: Cajamarca Urb | K15: Octubre | L15: 46266 | M15: 2500 | N15: 1.87674 | O15: 4691.85 | P15: 25 | Q15: 100 | R15: 0
J16: Cajatambo | K16: O.C. | L16: 46276 | M16: 840 | N16: 0.5 | O16: 420 | P16: 80 | Q16: 10 | R16: 40
J17: Cajatambo | K17: Octubre | L17: 46280 | M17: 660 | N17: 0.5 | O17: 330 | P17: 80 | Q17: 8 | R17: 20
... J62: Nueva Arica | K62: Setiembre | L62: 46265 | M62: 298 | N62: 1 | O62: 298 | P62: 40 | Q62: 7 | R62: 18
B63: TOTAL | E63: =SUM(E5:E36) -> 0 | F63: =ROUNDDOWN(E63/48,0) -> 0 | G63: =E63-F63*48 -> 0 | J63: Nueva Arica | K63: Octubre | L63: 46265 | M63: 298 | N63: 1 | O63: 298 | P63: 40 | Q63: 7 | R63: 18
J64: Nueva Cajamarca | K64: Octubre | L64: 46286 | M64: 2678 | N64: 1.302 | O64: 3486.756 | P64: 35 | Q64: 76 | R64: 18
J65: Olleros | K65: Octubre | L65: 46281 | M65: 221 | N65: 1.234568 | O65: 272.83953 | P65: 35 | Q65: 6 | R65: 11
J66: Olleros | K66: Noviembre | L66: 46281 | M66: 221 | N66: 1.234568 | O66: 272.83953 | P66: 35 | Q66: 6 | R66: 11
J67: Olleros | K67: Diciembre | L67: 46281 | M67: 221 | N67: 1.234568 | O67: 272.83953 | P67: 35 | Q67: 6 | R67: 11
J68: Olmos | K68: Octubre | L68: 46281 | M68: 5788 | N68: 1 | O68: 5788 | P68: 40 | Q68: 144 | R68: 28
J69: Qaliwarma Avena | K69: Yurimag | L69: 46295 | M69: 10960 | N69: 0.26 | O69: 2849.6 | P69: 100 | Q69: 109 | R69: 60
J70: San Antonio | K70: Setiembre | L70: 46264 | M70: 606 | N70: 0.5 | O70: 303 | P70: 80 | Q70: 7 | R70: 46
J71: San Antonio | K71: Octubre | L71: 46264 | M71: 606 | N71: 0.5 | O71: 303 | P71: 80 | Q71: 7 | R71: 46
J72: San Gregorio | K72: Octubre / Noviembre / Diciembre | L72: 46287 | M72: 900 | N72: 1 | O72: 900 | P72: 40 | Q72: 22 | R72: 20
J73: San Jose | K73: Setiembre | L73: 46258 | M73: 1098 | N73: 1 | O73: 1098 | P73: 40 | Q73: 27 | R73: 18
J74: San Jose Alto | K74: Septiembre / Octubre | L74: 46280 | M74: 1760 | N74: 1 | O74: 1760 | P74: 40 | Q74: 44 | R74: 0
J75: San Jose de Lourdes | K75: Septiembre / Octubre | L75: 46280 | M75: 4190 | N75: 1.25 | O75: 5237.5 | P75: 35 | Q75: 119 | R75: 25
... J100: Zapatero | K100: Octubre | L100: 46286 | M100: 930 | N100: 1 | O100: 930 | P100: 50 | Q100: 18 | R100: 30

Sheet Resumen Cereal
J1: =MONTH(1&E2) -> 9
A2: Entregas | E2: Setiembre | I2: TOTAL | J2: =SUM(J4:J109) -> 49422.59 | K2: =SUM(K4:K109) -> 160708.89 | L2: =SUM(L4:L109) -> 9898.4349 | M2: =SUM(M4:M109) -> 4573.8114 | N2: =SUM(N4:N109) -> 0 | O2: =SUM(O4:O109) -> 1720.1744 | P2: =SUM(P4:P109) -> 7087.0313 | Q2: =SUM(Q4:Q109) -> 2457.4506 | ... AA2: =SUM(AA4:AA109) -> 0
A3: MUNICIPALIDAD | B3: MES | C3: FECHA | D3: N° BOLSAS | E3: KG BOLSA | F3: TOTAL (KG) | G3: CAP. SACOS | H3: N° SACOS | I3: UNIDADES | J3: {=TRANSPOSE(_xlfn.ANCHORARRAY(Almacen!B9))} -> Trigo | K3: Avena | L3: Quinua | M3: Soya | N3: Maiz pollo | O3: Maiz Chufla | P3: Maca | Q3: Leche en Polvo | R3: Azucar | S3: Quinua Qaliwarma | T3: Kiwicha | U3: Cocoa | V3: Sorbato | W3: S. Canela | X3: S. Leche | Y3: S. Platano | Z3: S. Vainilla | AA3: S. Lucuma
A4: {=_xlfn._xlws.FILTER(Cereal[MUNICIPALIDAD]:Cereal[UNIDADES], (MONTH(Cereal[FECHA])=J1))} -> Alto Trujillo | B4: Octubre | C4: 46295 | D4: 3120 | E4: 0.95146 | F4: 2968.5552 | G4: 40 | H4: 78 | I4: 0 | J4: {=_xlfn._xlws.FILTER(Formulas!$C$2:$T$149, ISNUMBER(MATCH(Formulas!$B$2:$B$149, A4, 0)),0) * F4} -> 534.73974 | K4: 2225.9166 | L4: 207.89882 | M4: 0 | N4: 0 | O4: 0 | P4: 0 | Q4: 0 | R4: 0 | S4: 0 | T4: 0 | U4: 0 | V4: 0 | W4: 0 | X4: 0 | Y4: 0 | Z4: 0 | AA4: 0
A5: Ascope | B5: Octubre / Noviembre / Diciembre | C5: 46280 | D5: 2400 | E5: 0.778 | F5: 1867.2 | G5: 60 | H5: 40 | I5: 0 | J5: {=_xlfn._xlws.FILTER(Formulas!$C$2:$T$149, ISNUMBER(MATCH(Formulas!$B$2:$B$149, A5, 0)),0) * F5} -> 279.88009 | K5: 708.69636 | L5: 74.96788 | M5: 74.96788 | N5: 0 | O5: 0 | P5: 74.96788 | Q5: 0 | R5: 653.71991 | S5: 0 | T5: 0 | U5: 0 | V5: 0 | W5: 0 | X5: 0 | Y5: 0 | Z5: 0 | AA5: 0
A6: Asuncion - Chacas | B6: Octubre / Noviembre / Diciembre | C6: 46290 | D6: 3051 | E6: 0.5 | F6: 1525.5 | G6: 80 | H6: 38 | I6: 11 | J6: {=_xlfn._xlws.FILTER(Formulas!$C$2:$T$149, ISNUMBER(MATCH(Formulas!$B$2:$B$149, A6, 0)),0) * F6} -> 305.1 | K6: 1052.595 | L6: 91.53 | M6: 0 | N6: 0 | O6: 0 | P6: 76.275 | Q6: 0 | R6: 0 | S6: 0 | T6: 0 | U6: 0 | V6: 0 | W6: 0 | X6: 0 | Y6: 0 | Z6: 0 | AA6: 0
A7: Buenavista | B7: Octubre / Noviembre / Diciembre | C7: 46295 | D7: 1350 | E7: 1 | F7: 1350 | G7: 40 | H7: 33 | I7: 30 | J7: {=_xlfn._xlws.FILTER(Formulas!$C$2:$T$149, ISNUMBER(MATCH(Formulas!$B$2:$B$149, A7, 0)),0) * F7} -> 270 | K7: 958 | L7: 68 | M7: 0 | N7: 0 | O7: 54 | P7: 0 | Q7: 0 | R7: 0 | S7: 0 | T7: 0 | U7: 0 | V7: 0 | W7: 0 | X7: 0 | Y7: 0 | Z7: 0 | AA7: 0
A8: Cachachi | B8: Octubre | C8: 46290 | D8: 6500 | E8: 0.8 | F8: 5200 | G8: 50 | H8: 130 | I8: 0 | J8: {=_xlfn._xlws.FILTER(Formulas!$C$2:$T$149, ISNUMBER(MATCH(Formulas!$B$2:$B$149, A8, 0)),0) * F8} -> 746.2 | K8: 2184 | L8: 156 | M8: 147.16 | N8: 0 | O8: 0 | P8: 147.16 | Q8: 0 | R8: 1820 | S8: 0 | T8: 0 | U8: 0 | V8: 0 | W8: 0 | X8: 0 | Y8: 0 | Z8: 0 | AA8: 0
A9: Cajabamba | B9: Octubre | C9: 46279 | D9: 1012.86 | E9: 1 | F9: 1012.86 | G9: 40 | H9: 25 | I9: 12.86 | J9: {=_xlfn._xlws.FILTER(Formulas!$C$2:$T$149, ISNUMBER(MATCH(Formulas!$B$2:$B$149, A9, 0)),0) * F9} -> 263.12115 | K9: 678.8317 | L9: 70.907152 | M9: 0 | N9: 0 | O9: 0 | P9: 0 | Q9: 0 | R9: 0 | S9: 0 | T9: 0 | U9: 0 | V9: 0 | W9: 0 | X9: 0 | Y9: 0 | Z9: 0 | AA9: 0
A10: Cajabamba | B10: Noviembre | C10: 46279 | D10: 980.18 | E10: 1 | F10: 980.18 | G10: 40 | H10: 24 | I10: 20.18 | J10: {=_xlfn._xlws.FILTER(Formulas!$C$2:$T$149, ISNUMBER(MATCH(Formulas!$B$2:$B$149, A10, 0)),0) * F10} -> 254.63152 | K10: 656.92915 | L10: 68.619327 | M10: 0 | N10: 0 | O10: 0 | P10: 0 | Q10: 0 | R10: 0 | S10: 0 | T10: 0 | U10: 0 | V10: 0 | W10: 0 | X10: 0 | Y10: 0 | Z10: 0 | AA10: 0
A11: Cajabamba | B11: Diciembre | C11: 46279 | D11: 1012.86 | E11: 1 | F11: 1012.86 | G11: 40 | H11: 25 | I11: 12.86 | J11: {=_xlfn._xlws.FILTER(Formulas!$C$2:$T$149, ISNUMBER(MATCH(Formulas!$B$2:$B$149, A11, 0)),0) * F11} -> 263.12115 | K11: 678.8317 | L11: 70.907152 | M11: 0 | N11: 0 | O11: 0 | P11: 0 | Q11: 0 | R11: 0 | S11: 0 | T11: 0 | U11: 0 | V11: 0 | W11: 0 | X11: 0 | Y11: 0 | Z11: 0 | AA11: 0
A12: Cajabamba Leche | B12: Octubre | C12: 46279 | D12: 3269.81 | E12: 1 | F12: 3269.81 | G12: 40 | H12: 81 | I12: 29.81 | J12: {=_xlfn._xlws.FILTER(Formulas!$C$2:$T$149, ISNUMBER(MATCH(Formulas!$B$2:$B$149, A12, 0)),0) * F12} -> 752.18718 | K12: 2193.8793 | L12: 0 | M12: 130.87506 | N12: 0 | O12: 0 | P12: 0 | Q12: 189.42443 | R12: 0 | S12: 0 | T12: 0 | U12: 0 | V12: 0 | W12: 0 | X12: 3.26981 | Y12: 0 | Z12: 0 | AA12: 0
A13: Cajabamba Leche | B13: Noviembre | C13: 46279 | D13: 3164.33 | E13: 1 | F13: 3164.33 | G13: 40 | H13: 79 | I13: 4.33 | J13: {=_xlfn._xlws.FILTER(Formulas!$C$2:$T$149, ISNUMBER(MATCH(Formulas!$B$2:$B$149, A13, 0)),0) * F13} -> 727.92255 | K13: 2123.1074 | L13: 0 | M13: 126.65319 | N13: 0 | O13: 0 | P13: 0 | Q13: 183.31383 | R13: 0 | S13: 0 | T13: 0 | U13: 0 | V13: 0 | W13: 0 | X13: 3.16433 | Y13: 0 | Z13: 0 | AA13: 0
A14: Cajabamba Leche | B14: Diciembre | C14: 46279 | D14: 3269.81 | E14: 1 | F14: 3269.81 | G14: 40 | H14: 81 | I14: 29.81 | J14: {=_xlfn._xlws.FILTER(Formulas!$C$2:$T$149, ISNUMBER(MATCH(Formulas!$B$2:$B$149, A14, 0)),0) * F14} -> 752.18718 | K14: 2193.8793 | L14: 0 | M14: 130.87506 | N14: 0 | O14: 0 | P14: 0 | Q14: 189.42443 | R14: 0 | S14: 0 | T14: 0 | U14: 0 | V14: 0 | W14: 0 | X14: 3.26981 | Y14: 0 | Z14: 0 | AA14: 0
A15: Cajamarca Rur | B15: Septiembre | C15: 46266 | D15: 4455 | E15: 2.4 | F15: 10692 | G15: 18 | H15: 247 | I15: 9 | J15: {=_xlfn._xlws.FILTER(Formulas!$C$2:$T$149, ISNUMBER(MATCH(Formulas!$B$2:$B$149, A15, 0)),0) * F15} -> 2779.9863 | K15: 6522.1034 | L15: 534.68287 | M15: 0 | N15: 0 | O15: 427.6137 | P15: 427.6137 | Q15: 0 | R15: 0 | S15: 0 | T15: 0 | U15: 0 | V15: 0 | W15: 0 | X15: 0 | Y15: 0 | Z15: 0 | AA15: 0
A16: Cajamarca Rur | B16: Octubre | C16: 46266 | D16: 4455 | E16: 2.48 | F16: 11048.4 | G16: 18 | H16: 247 | I16: 9 | J16: {=_xlfn._xlws.FILTER(Formulas!$C$2:$T$149, ISNUMBER(MATCH(Formulas!$B$2:$B$149, A16, 0)),0) * F16} -> 2872.6525 | K16: 6739.5069 | L16: 552.50563 | M16: 0 | N16: 0 | O16: 441.86749 | P16: 441.86749 | Q16: 0 | R16: 0 | S16: 0 | T16: 0 | U16: 0 | V16: 0 | W16: 0 | X16: 0 | Y16: 0 | Z16: 0 | AA16: 0
... A41: Copallin | B41: Noviembre / Diciembre | C41: 46268 | D41: 1256 | E41: 0.8 | F41: 1004.8 | G41: 50 | H41: 25 | I41: 6 | J41: {=_xlfn._xlws.FILTER(Formulas!$C$2:$T$149, ISNUMBER(MATCH(Formulas!$B$2:$B$149, A41, 0)),0) * F41} -> 117.97652 | K41: 404.9194 | L41: 49.99005 | M41: 49.99005 | N41: 0 | O41: 0 | P41: 0 | Q41: 0 | R41: 381.92398 | S41: 0 | T41: 0 | U41: 0 | V41: 0 | W41: 0 | X41: 0 | Y41: 0 | Z41: 0 | AA41: 0
A42: Coris | B42: O.C. | C42: 46295 | D42: 875 | E42: 1.5 | F42: 1312.5 | G42: 30 | H42: 29 | I42: 5 | J42: {=_xlfn._xlws.FILTER(Formulas!$C$2:$T$149, ISNUMBER(MATCH(Formulas!$B$2:$B$149, A42, 0)),0) * F42} -> 0
A43: Encañada | B43: Octubre / Noviembre / Diciembre | C43: 46293 | D43: 12501 | E43: 1.68 | F43: 21001.68 | G43: 25 | H43: 500 | I43: 1 | J43: {=_xlfn._xlws.FILTER(Formulas!$C$2:$T$149, ISNUMBER(MATCH(Formulas!$B$2:$B$149, A43, 0)),0) * F43} -> 4200.336 | K43: 14921.194 | L43: 840.0672 | M43: 0 | N43: 0 | O43: 0 | P43: 840.0672 | Q43: 0 | R43: 0 | S43: 0 | T43: 0 | U43: 200.016 | V43: 0 | W43: 0 | X43: 0 | Y43: 0 | Z43: 0 | AA43: 0
A44: Florencia de Mora | B44: O.C. | C44: 46288 | D44: 4480 | E44: 0.835 | F44: 3740.8 | G44: 40 | H44: 112 | I44: 0 | J44: {=_xlfn._xlws.FILTER(Formulas!$C$2:$T$149, ISNUMBER(MATCH(Formulas!$B$2:$B$149, A44, 0)),0) * F44} -> 747.45319 | K44: 2768.9342 | L44: 224.41266 | M44: 0 | N44: 0 | O44: 0 | P44: 0 | Q44: 0 | R44: 0 | S44: 0 | T44: 0 | U44: 0 | V44: 0 | W44: 0 | X44: 0 | Y44: 0 | Z44: 0 | AA44: 0
A45: Florencia de Mora | B45: Octubre | C45: 46294 | D45: 2800 | E45: 0.9448 | F45: 2645.44 | G45: 40 | H45: 70 | I45: 0 | J45: {=_xlfn._xlws.FILTER(Formulas!$C$2:$T$149, ISNUMBER(MATCH(Formulas!$B$2:$B$149, A45, 0)),0) * F45} -> 528.58815 | K45: 1958.1504 | L45: 158.70141 | M45: 0 | N45: 0 | O45: 0 | P45: 0 | Q45: 0 | R45: 0 | S45: 0 | T45: 0 | U45: 0 | V45: 0 | W45: 0 | X45: 0 | Y45: 0 | Z45: 0 | AA45: 0
A46: Florida | B46: O.C. | C46: 46274 | D46: 1065 | E46: 1 | F46: 1065 | G46: 40 | H46: 26 | I46: 25 | J46: {=_xlfn._xlws.FILTER(Formulas!$C$2:$T$149, ISNUMBER(MATCH(Formulas!$B$2:$B$149, A46, 0)),0) * F46} -> 213 | K46: 708.225 | L46: 47.925 | M46: 47.925 | N46: 0 | O46: 0 | P46: 47.925 | Q46: 0 | R46: 0 | S46: 0 | T46: 0 | U46: 0 | V46: 0 | W46: 0 | X46: 0 | Y46: 0 | Z46: 0 | AA46: 0
A47: Guadalupito | B47: Octubre | C47: 46295 | D47: 1200 | E47: 0.723544 | F47: 868.2528 | G47: 60 | H47: 20 | I47: 0 | J47: {=_xlfn._xlws.FILTER(Formulas!$C$2:$T$149, ISNUMBER(MATCH(Formulas!$B$2:$B$149, A47, 0)),0) * F47} -> 173.47691 | K47: 573.82828 | L47: 34.469636 | M47: 0 | N47: 0 | O47: 0 | P47: 34.469636 | Q47: 52.008343 | R47: 0 | S47: 0 | T47: 0 | U47: 0 | V47: 0 | W47: 0 | X47: 0.8682528 | Y47: 0 | Z47: 0 | AA47: 0
